concentration_pM,sensor_surface_c_avg_6000s_pM,Kd_pM,alpha0,noise_floor_pA,lambda_D_nm,effective_charge_distance_nm,N_bound,alpha_eff,DeltaIds_screened_A,DeltaIds_screened_pA,detection_threshold_pA,detectable,required_alpha0_for_detection,maximum_allowed_distance_nm,maximum_allowed_noise_floor_pA
0.5,0.436455382421082,1.0,0.01,1.0,0.8,0.5,60.748659453509866,0.005352614285189903,6.512129889538899e-11,65.12129889538899,3.0,True,0.0004606787719052115,2.9621115032076126,21.70709963179633
0.5,0.436455382421082,1.0,0.01,1.0,0.8,1.0,60.748659453509866,0.002865047968601901,3.485691947375804e-11,34.85691947375804,3.0,True,0.0008606612532867523,2.9621115032076126,11.618973157919347
0.5,0.436455382421082,1.0,0.01,1.0,0.8,2.0,60.748659453509866,0.0008208499862389881,9.986674633001054e-12,9.986674633001055,3.0,True,0.0030040029441696977,2.9621115032076126,3.328891544333685
0.5,0.436455382421082,1.0,0.01,1.0,0.8,5.0,60.748659453509866,1.9304541362277093e-05,2.348640759655718e-13,0.2348640759655718,3.0,False,0.12773345551746976,2.9621115032076126,0.07828802532185726
0.5,0.436455382421082,1.0,0.01,1.0,0.8,10.0,60.748659453509866,3.726653172078671e-08,4.53394326899037e-16,0.00045339432689903695,3.0,False,66.16756809725253,2.9621115032076126,0.000151131442299679
0.5,0.436455382421082,1.0,0.01,1.0,3.0,0.5,60.748659453509866,0.008464817248906142,1.0298517038413947e-10,102.98517038413948,3.0,True,0.0002913040769666022,11.107918137028548,34.32839012804649
0.5,0.436455382421082,1.0,0.01,1.0,3.0,1.0,60.748659453509866,0.007165313105737893,8.717506466492016e-11,87.17506466492016,3.0,True,0.0003441351046347111,11.107918137028548,29.05835488830672
0.5,0.436455382421082,1.0,0.01,1.0,3.0,2.0,60.748659453509866,0.005134171190325921,6.246366333371007e-11,62.463663333710066,3.0,True,0.00048027922793650427,11.107918137028548,20.82122111123669
0.5,0.436455382421082,1.0,0.01,1.0,3.0,5.0,60.748659453509866,0.0018887560283756184,2.2979097560726373e-11,22.979097560726373,3.0,True,0.0013055342978861393,11.107918137028548,7.659699186908791
0.5,0.436455382421082,1.0,0.01,1.0,3.0,10.0,60.748659453509866,0.00035673993347252396,4.34019090444534e-12,4.34019090444534,3.0,True,0.006912138350705541,11.107918137028548,1.44673030148178
0.5,0.436455382421082,1.0,0.01,1.0,9.6,0.5,60.748659453509866,0.009492497594001751,1.154881970092895e-10,115.48819700928951,3.0,True,0.0002597668054129107,35.54533803849135,38.49606566976316
0.5,0.436455382421082,1.0,0.01,1.0,9.6,1.0,60.748659453509866,0.009010751057212905,1.0962714322462809e-10,109.6271432246281,3.0,True,0.0002736548551532482,35.54533803849135,36.542381074876026
0.5,0.436455382421082,1.0,0.01,1.0,9.6,2.0,60.748659453509866,0.00811936346150635,9.878228967105482e-11,98.78228967105483,3.0,True,0.00030369816391075815,35.54533803849135,32.927429890351604
0.5,0.436455382421082,1.0,0.01,1.0,9.6,5.0,60.748659453509866,0.0059402532055363505,7.227066698647813e-11,72.27066698647813,3.0,True,0.0004151061730980429,35.54533803849135,24.090222328826044
0.5,0.436455382421082,1.0,0.01,1.0,9.6,10.0,60.748659453509866,0.003528660814588489,4.2930606123267684e-11,42.93060612326769,3.0,True,0.0006988021532670719,35.54533803849135,14.310202041089228
0.5,0.436455382421082,1.0,0.01,5.0,0.8,0.5,60.748659453509866,0.005352614285189903,6.512129889538899e-11,65.12129889538899,15.0,True,0.0023033938595260575,1.6745611732603323,21.70709963179633
0.5,0.436455382421082,1.0,0.01,5.0,0.8,1.0,60.748659453509866,0.002865047968601901,3.485691947375804e-11,34.85691947375804,15.0,True,0.004303306266433762,1.6745611732603323,11.618973157919347
0.5,0.436455382421082,1.0,0.01,5.0,0.8,2.0,60.748659453509866,0.0008208499862389881,9.986674633001054e-12,9.986674633001055,15.0,False,0.015020014720848488,1.6745611732603323,3.328891544333685
0.5,0.436455382421082,1.0,0.01,5.0,0.8,5.0,60.748659453509866,1.9304541362277093e-05,2.348640759655718e-13,0.2348640759655718,15.0,False,0.6386672775873488,1.6745611732603323,0.07828802532185726
0.5,0.436455382421082,1.0,0.01,5.0,0.8,10.0,60.748659453509866,3.726653172078671e-08,4.53394326899037e-16,0.00045339432689903695,15.0,False,330.8378404862626,1.6745611732603323,0.000151131442299679
0.5,0.436455382421082,1.0,0.01,5.0,3.0,0.5,60.748659453509866,0.008464817248906142,1.0298517038413947e-10,102.98517038413948,15.0,True,0.0014565203848330107,6.279604399726246,34.32839012804649
0.5,0.436455382421082,1.0,0.01,5.0,3.0,1.0,60.748659453509866,0.007165313105737893,8.717506466492016e-11,87.17506466492016,15.0,True,0.0017206755231735551,6.279604399726246,29.05835488830672
0.5,0.436455382421082,1.0,0.01,5.0,3.0,2.0,60.748659453509866,0.005134171190325921,6.246366333371007e-11,62.463663333710066,15.0,True,0.0024013961396825213,6.279604399726246,20.82122111123669
0.5,0.436455382421082,1.0,0.01,5.0,3.0,5.0,60.748659453509866,0.0018887560283756184,2.2979097560726373e-11,22.979097560726373,15.0,True,0.006527671489430696,6.279604399726246,7.659699186908791
0.5,0.436455382421082,1.0,0.01,5.0,3.0,10.0,60.748659453509866,0.00035673993347252396,4.34019090444534e-12,4.34019090444534,15.0,False,0.0345606917535277,6.279604399726246,1.44673030148178
0.5,0.436455382421082,1.0,0.01,5.0,9.6,0.5,60.748659453509866,0.009492497594001751,1.154881970092895e-10,115.48819700928951,15.0,True,0.0012988340270645533,20.094734079123985,38.49606566976316
0.5,0.436455382421082,1.0,0.01,5.0,9.6,1.0,60.748659453509866,0.009010751057212905,1.0962714322462809e-10,109.6271432246281,15.0,True,0.001368274275766241,20.094734079123985,36.542381074876026
0.5,0.436455382421082,1.0,0.01,5.0,9.6,2.0,60.748659453509866,0.00811936346150635,9.878228967105482e-11,98.78228967105483,15.0,True,0.0015184908195537907,20.094734079123985,32.927429890351604
0.5,0.436455382421082,1.0,0.01,5.0,9.6,5.0,60.748659453509866,0.0059402532055363505,7.227066698647813e-11,72.27066698647813,15.0,True,0.002075530865490214,20.094734079123985,24.090222328826044
0.5,0.436455382421082,1.0,0.01,5.0,9.6,10.0,60.748659453509866,0.003528660814588489,4.2930606123267684e-11,42.93060612326769,15.0,True,0.003494010766335359,20.094734079123985,14.310202041089228
0.5,0.436455382421082,1.0,0.01,10.0,0.8,0.5,60.748659453509866,0.005352614285189903,6.512129889538899e-11,65.12129889538899,30.0,True,0.004606787719052115,1.1200434288123762,21.70709963179633
0.5,0.436455382421082,1.0,0.01,10.0,0.8,1.0,60.748659453509866,0.002865047968601901,3.485691947375804e-11,34.85691947375804,30.0,True,0.008606612532867524,1.1200434288123762,11.618973157919347
0.5,0.436455382421082,1.0,0.01,10.0,0.8,2.0,60.748659453509866,0.0008208499862389881,9.986674633001054e-12,9.986674633001055,30.0,False,0.030040029441696977,1.1200434288123762,3.328891544333685
0.5,0.436455382421082,1.0,0.01,10.0,0.8,5.0,60.748659453509866,1.9304541362277093e-05,2.348640759655718e-13,0.2348640759655718,30.0,False,1.2773345551746975,1.1200434288123762,0.07828802532185726
0.5,0.436455382421082,1.0,0.01,10.0,0.8,10.0,60.748659453509866,3.726653172078671e-08,4.53394326899037e-16,0.00045339432689903695,30.0,False,661.6756809725252,1.1200434288123762,0.000151131442299679
0.5,0.436455382421082,1.0,0.01,10.0,3.0,0.5,60.748659453509866,0.008464817248906142,1.0298517038413947e-10,102.98517038413948,30.0,True,0.0029130407696660214,4.2001628580464105,34.32839012804649
0.5,0.436455382421082,1.0,0.01,10.0,3.0,1.0,60.748659453509866,0.007165313105737893,8.717506466492016e-11,87.17506466492016,30.0,True,0.0034413510463471102,4.2001628580464105,29.05835488830672
0.5,0.436455382421082,1.0,0.01,10.0,3.0,2.0,60.748659453509866,0.005134171190325921,6.246366333371007e-11,62.463663333710066,30.0,True,0.0048027922793650426,4.2001628580464105,20.82122111123669
0.5,0.436455382421082,1.0,0.01,10.0,3.0,5.0,60.748659453509866,0.0018887560283756184,2.2979097560726373e-11,22.979097560726373,30.0,False,0.013055342978861392,4.2001628580464105,7.659699186908791
0.5,0.436455382421082,1.0,0.01,10.0,3.0,10.0,60.748659453509866,0.00035673993347252396,4.34019090444534e-12,4.34019090444534,30.0,False,0.0691213835070554,4.2001628580464105,1.44673030148178
0.5,0.436455382421082,1.0,0.01,10.0,9.6,0.5,60.748659453509866,0.009492497594001751,1.154881970092895e-10,115.48819700928951,30.0,True,0.0025976680541291066,13.440521145748512,38.49606566976316
0.5,0.436455382421082,1.0,0.01,10.0,9.6,1.0,60.748659453509866,0.009010751057212905,1.0962714322462809e-10,109.6271432246281,30.0,True,0.002736548551532482,13.440521145748512,36.542381074876026
0.5,0.436455382421082,1.0,0.01,10.0,9.6,2.0,60.748659453509866,0.00811936346150635,9.878228967105482e-11,98.78228967105483,30.0,True,0.0030369816391075813,13.440521145748512,32.927429890351604
0.5,0.436455382421082,1.0,0.01,10.0,9.6,5.0,60.748659453509866,0.0059402532055363505,7.227066698647813e-11,72.27066698647813,30.0,True,0.004151061730980428,13.440521145748512,24.090222328826044
0.5,0.436455382421082,1.0,0.01,10.0,9.6,10.0,60.748659453509866,0.003528660814588489,4.2930606123267684e-11,42.93060612326769,30.0,True,0.006988021532670718,13.440521145748512,14.310202041089228
0.5,0.436455382421082,1.0,0.01,50.0,0.8,0.5,60.748659453509866,0.005352614285189903,6.512129889538899e-11,65.12129889538899,150.0,False,0.023033938595260577,0.0,21.70709963179633
0.5,0.436455382421082,1.0,0.01,50.0,0.8,1.0,60.748659453509866,0.002865047968601901,3.485691947375804e-11,34.85691947375804,150.0,False,0.04303306266433762,0.0,11.618973157919347
0.5,0.436455382421082,1.0,0.01,50.0,0.8,2.0,60.748659453509866,0.0008208499862389881,9.986674633001054e-12,9.986674633001055,150.0,False,0.15020014720848487,0.0,3.328891544333685
0.5,0.436455382421082,1.0,0.01,50.0,0.8,5.0,60.748659453509866,1.9304541362277093e-05,2.348640759655718e-13,0.2348640759655718,150.0,False,6.386672775873487,0.0,0.07828802532185726
0.5,0.436455382421082,1.0,0.01,50.0,0.8,10.0,60.748659453509866,3.726653172078671e-08,4.53394326899037e-16,0.00045339432689903695,150.0,False,3308.378404862626,0.0,0.000151131442299679
0.5,0.436455382421082,1.0,0.01,50.0,3.0,0.5,60.748659453509866,0.008464817248906142,1.0298517038413947e-10,102.98517038413948,150.0,False,0.014565203848330108,0.0,34.32839012804649
0.5,0.436455382421082,1.0,0.01,50.0,3.0,1.0,60.748659453509866,0.007165313105737893,8.717506466492016e-11,87.17506466492016,150.0,False,0.01720675523173555,0.0,29.05835488830672
0.5,0.436455382421082,1.0,0.01,50.0,3.0,2.0,60.748659453509866,0.005134171190325921,6.246366333371007e-11,62.463663333710066,150.0,False,0.024013961396825212,0.0,20.82122111123669
0.5,0.436455382421082,1.0,0.01,50.0,3.0,5.0,60.748659453509866,0.0018887560283756184,2.2979097560726373e-11,22.979097560726373,150.0,False,0.06527671489430696,0.0,7.659699186908791
0.5,0.436455382421082,1.0,0.01,50.0,3.0,10.0,60.748659453509866,0.00035673993347252396,4.34019090444534e-12,4.34019090444534,150.0,False,0.345606917535277,0.0,1.44673030148178
0.5,0.436455382421082,1.0,0.01,50.0,9.6,0.5,60.748659453509866,0.009492497594001751,1.154881970092895e-10,115.48819700928951,150.0,False,0.012988340270645535,0.0,38.49606566976316
0.5,0.436455382421082,1.0,0.01,50.0,9.6,1.0,60.748659453509866,0.009010751057212905,1.0962714322462809e-10,109.6271432246281,150.0,False,0.01368274275766241,0.0,36.542381074876026
0.5,0.436455382421082,1.0,0.01,50.0,9.6,2.0,60.748659453509866,0.00811936346150635,9.878228967105482e-11,98.78228967105483,150.0,False,0.015184908195537906,0.0,32.927429890351604
0.5,0.436455382421082,1.0,0.01,50.0,9.6,5.0,60.748659453509866,0.0059402532055363505,7.227066698647813e-11,72.27066698647813,150.0,False,0.020755308654902143,0.0,24.090222328826044
0.5,0.436455382421082,1.0,0.01,50.0,9.6,10.0,60.748659453509866,0.003528660814588489,4.2930606123267684e-11,42.93060612326769,150.0,False,0.03494010766335359,0.0,14.310202041089228
0.5,0.436455382421082,1.0,0.01,100.0,0.8,0.5,60.748659453509866,0.005352614285189903,6.512129889538899e-11,65.12129889538899,300.0,False,0.046067877190521155,0.0,21.70709963179633
0.5,0.436455382421082,1.0,0.01,100.0,0.8,1.0,60.748659453509866,0.002865047968601901,3.485691947375804e-11,34.85691947375804,300.0,False,0.08606612532867523,0.0,11.618973157919347
0.5,0.436455382421082,1.0,0.01,100.0,0.8,2.0,60.748659453509866,0.0008208499862389881,9.986674633001054e-12,9.986674633001055,300.0,False,0.30040029441696975,0.0,3.328891544333685
0.5,0.436455382421082,1.0,0.01,100.0,0.8,5.0,60.748659453509866,1.9304541362277093e-05,2.348640759655718e-13,0.2348640759655718,300.0,False,12.773345551746974,0.0,0.07828802532185726
0.5,0.436455382421082,1.0,0.01,100.0,0.8,10.0,60.748659453509866,3.726653172078671e-08,4.53394326899037e-16,0.00045339432689903695,300.0,False,6616.756809725252,0.0,0.000151131442299679
0.5,0.436455382421082,1.0,0.01,100.0,3.0,0.5,60.748659453509866,0.008464817248906142,1.0298517038413947e-10,102.98517038413948,300.0,False,0.029130407696660216,0.0,34.32839012804649
0.5,0.436455382421082,1.0,0.01,100.0,3.0,1.0,60.748659453509866,0.007165313105737893,8.717506466492016e-11,87.17506466492016,300.0,False,0.0344135104634711,0.0,29.05835488830672
0.5,0.436455382421082,1.0,0.01,100.0,3.0,2.0,60.748659453509866,0.005134171190325921,6.246366333371007e-11,62.463663333710066,300.0,False,0.048027922793650424,0.0,20.82122111123669
0.5,0.436455382421082,1.0,0.01,100.0,3.0,5.0,60.748659453509866,0.0018887560283756184,2.2979097560726373e-11,22.979097560726373,300.0,False,0.13055342978861392,0.0,7.659699186908791
0.5,0.436455382421082,1.0,0.01,100.0,3.0,10.0,60.748659453509866,0.00035673993347252396,4.34019090444534e-12,4.34019090444534,300.0,False,0.691213835070554,0.0,1.44673030148178
0.5,0.436455382421082,1.0,0.01,100.0,9.6,0.5,60.748659453509866,0.009492497594001751,1.154881970092895e-10,115.48819700928951,300.0,False,0.02597668054129107,0.0,38.49606566976316
0.5,0.436455382421082,1.0,0.01,100.0,9.6,1.0,60.748659453509866,0.009010751057212905,1.0962714322462809e-10,109.6271432246281,300.0,False,0.02736548551532482,0.0,36.542381074876026
0.5,0.436455382421082,1.0,0.01,100.0,9.6,2.0,60.748659453509866,0.00811936346150635,9.878228967105482e-11,98.78228967105483,300.0,False,0.03036981639107581,0.0,32.927429890351604
0.5,0.436455382421082,1.0,0.01,100.0,9.6,5.0,60.748659453509866,0.0059402532055363505,7.227066698647813e-11,72.27066698647813,300.0,False,0.041510617309804286,0.0,24.090222328826044
0.5,0.436455382421082,1.0,0.01,100.0,9.6,10.0,60.748659453509866,0.003528660814588489,4.2930606123267684e-11,42.93060612326769,300.0,False,0.06988021532670718,0.0,14.310202041089228
0.5,0.436455382421082,1.0,0.03,1.0,0.8,0.5,60.748659453509866,0.016057842855569708,1.9536389668616693e-10,195.36389668616692,3.0,True,0.0004606787719052115,3.841001334142101,65.12129889538897
0.5,0.436455382421082,1.0,0.03,1.0,0.8,1.0,60.748659453509866,0.008595143905805703,1.0457075842127412e-10,104.57075842127412,3.0,True,0.0008606612532867523,3.841001334142101,34.85691947375804
0.5,0.436455382421082,1.0,0.03,1.0,0.8,2.0,60.748659453509866,0.002462549958716964,2.996002389900316e-11,29.96002389900316,3.0,True,0.0030040029441696977,3.841001334142101,9.986674633001053
0.5,0.436455382421082,1.0,0.03,1.0,0.8,5.0,60.748659453509866,5.791362408683128e-05,7.045922278967153e-13,0.7045922278967153,3.0,False,0.12773345551746976,3.841001334142101,0.23486407596557177
0.5,0.436455382421082,1.0,0.03,1.0,0.8,10.0,60.748659453509866,1.1179959516236012e-07,1.3601829806971107e-15,0.0013601829806971107,3.0,False,66.16756809725253,3.841001334142101,0.00045339432689903684
0.5,0.436455382421082,1.0,0.03,1.0,3.0,0.5,60.748659453509866,0.02539445174671842,3.089555111524184e-10,308.9555111524184,3.0,True,0.0002913040769666022,14.403755003032877,102.98517038413948
0.5,0.436455382421082,1.0,0.03,1.0,3.0,1.0,60.748659453509866,0.021495939317213678,2.6152519399476046e-10,261.52519399476046,3.0,True,0.0003441351046347111,14.403755003032877,87.17506466492014
0.5,0.436455382421082,1.0,0.03,1.0,3.0,2.0,60.748659453509866,0.01540251357097776,1.873909900011302e-10,187.39099000113018,3.0,True,0.00048027922793650427,14.403755003032877,62.463663333710066
0.5,0.436455382421082,1.0,0.03,1.0,3.0,5.0,60.748659453509866,0.005666268085126855,6.89372926821791e-11,68.9372926821791,3.0,True,0.0013055342978861393,14.403755003032877,22.97909756072637
0.5,0.436455382421082,1.0,0.03,1.0,3.0,10.0,60.748659453509866,0.0010702198004175717,1.3020572713336018e-11,13.020572713336017,3.0,True,0.006912138350705541,14.403755003032877,4.340190904445339
0.5,0.436455382421082,1.0,0.03,1.0,9.6,0.5,60.748659453509866,0.028477492782005256,3.464645910278685e-10,346.4645910278685,3.0,True,0.0002597668054129107,46.092016009705205,115.48819700928951
0.5,0.436455382421082,1.0,0.03,1.0,9.6,1.0,60.748659453509866,0.027032253171638716,3.288814296738843e-10,328.8814296738843,3.0,True,0.0002736548551532482,46.092016009705205,109.6271432246281
0.5,0.436455382421082,1.0,0.03,1.0,9.6,2.0,60.748659453509866,0.024358090384519047,2.9634686901316446e-10,296.34686901316445,3.0,True,0.00030369816391075815,46.092016009705205,98.78228967105483
0.5,0.436455382421082,1.0,0.03,1.0,9.6,5.0,60.748659453509866,0.01782075961660905,2.168120009594344e-10,216.8120009594344,3.0,True,0.0004151061730980429,46.092016009705205,72.27066698647813
0.5,0.436455382421082,1.0,0.03,1.0,9.6,10.0,60.748659453509866,0.010585982443765466,1.2879181836980304e-10,128.79181836980305,3.0,True,0.0006988021532670719,46.092016009705205,42.93060612326768
0.5,0.436455382421082,1.0,0.03,5.0,0.8,0.5,60.748659453509866,0.016057842855569708,1.9536389668616693e-10,195.36389668616692,15.0,True,0.0023033938595260575,2.5534510041948204,65.12129889538897
0.5,0.436455382421082,1.0,0.03,5.0,0.8,1.0,60.748659453509866,0.008595143905805703,1.0457075842127412e-10,104.57075842127412,15.0,True,0.004303306266433762,2.5534510041948204,34.85691947375804
0.5,0.436455382421082,1.0,0.03,5.0,0.8,2.0,60.748659453509866,0.002462549958716964,2.996002389900316e-11,29.96002389900316,15.0,True,0.015020014720848488,2.5534510041948204,9.986674633001053
0.5,0.436455382421082,1.0,0.03,5.0,0.8,5.0,60.748659453509866,5.791362408683128e-05,7.045922278967153e-13,0.7045922278967153,15.0,False,0.6386672775873488,2.5534510041948204,0.23486407596557177
0.5,0.436455382421082,1.0,0.03,5.0,0.8,10.0,60.748659453509866,1.1179959516236012e-07,1.3601829806971107e-15,0.0013601829806971107,15.0,False,330.8378404862626,2.5534510041948204,0.00045339432689903684
0.5,0.436455382421082,1.0,0.03,5.0,3.0,0.5,60.748659453509866,0.02539445174671842,3.089555111524184e-10,308.9555111524184,15.0,True,0.0014565203848330107,9.575441265730575,102.98517038413948
0.5,0.436455382421082,1.0,0.03,5.0,3.0,1.0,60.748659453509866,0.021495939317213678,2.6152519399476046e-10,261.52519399476046,15.0,True,0.0017206755231735551,9.575441265730575,87.17506466492014
0.5,0.436455382421082,1.0,0.03,5.0,3.0,2.0,60.748659453509866,0.01540251357097776,1.873909900011302e-10,187.39099000113018,15.0,True,0.0024013961396825213,9.575441265730575,62.463663333710066
0.5,0.436455382421082,1.0,0.03,5.0,3.0,5.0,60.748659453509866,0.005666268085126855,6.89372926821791e-11,68.9372926821791,15.0,True,0.006527671489430696,9.575441265730575,22.97909756072637
0.5,0.436455382421082,1.0,0.03,5.0,3.0,10.0,60.748659453509866,0.0010702198004175717,1.3020572713336018e-11,13.020572713336017,15.0,False,0.0345606917535277,9.575441265730575,4.340190904445339
0.5,0.436455382421082,1.0,0.03,5.0,9.6,0.5,60.748659453509866,0.028477492782005256,3.464645910278685e-10,346.4645910278685,15.0,True,0.0012988340270645533,30.64141205033784,115.48819700928951
0.5,0.436455382421082,1.0,0.03,5.0,9.6,1.0,60.748659453509866,0.027032253171638716,3.288814296738843e-10,328.8814296738843,15.0,True,0.001368274275766241,30.64141205033784,109.6271432246281
0.5,0.436455382421082,1.0,0.03,5.0,9.6,2.0,60.748659453509866,0.024358090384519047,2.9634686901316446e-10,296.34686901316445,15.0,True,0.0015184908195537907,30.64141205033784,98.78228967105483
0.5,0.436455382421082,1.0,0.03,5.0,9.6,5.0,60.748659453509866,0.01782075961660905,2.168120009594344e-10,216.8120009594344,15.0,True,0.002075530865490214,30.64141205033784,72.27066698647813
0.5,0.436455382421082,1.0,0.03,5.0,9.6,10.0,60.748659453509866,0.010585982443765466,1.2879181836980304e-10,128.79181836980305,15.0,True,0.003494010766335359,30.64141205033784,42.93060612326768
0.5,0.436455382421082,1.0,0.03,10.0,0.8,0.5,60.748659453509866,0.016057842855569708,1.9536389668616693e-10,195.36389668616692,30.0,True,0.004606787719052115,1.998933259746864,65.12129889538897
0.5,0.436455382421082,1.0,0.03,10.0,0.8,1.0,60.748659453509866,0.008595143905805703,1.0457075842127412e-10,104.57075842127412,30.0,True,0.008606612532867524,1.998933259746864,34.85691947375804
0.5,0.436455382421082,1.0,0.03,10.0,0.8,2.0,60.748659453509866,0.002462549958716964,2.996002389900316e-11,29.96002389900316,30.0,False,0.030040029441696977,1.998933259746864,9.986674633001053
0.5,0.436455382421082,1.0,0.03,10.0,0.8,5.0,60.748659453509866,5.791362408683128e-05,7.045922278967153e-13,0.7045922278967153,30.0,False,1.2773345551746975,1.998933259746864,0.23486407596557177
0.5,0.436455382421082,1.0,0.03,10.0,0.8,10.0,60.748659453509866,1.1179959516236012e-07,1.3601829806971107e-15,0.0013601829806971107,30.0,False,661.6756809725252,1.998933259746864,0.00045339432689903684
0.5,0.436455382421082,1.0,0.03,10.0,3.0,0.5,60.748659453509866,0.02539445174671842,3.089555111524184e-10,308.9555111524184,30.0,True,0.0029130407696660214,7.49599972405074,102.98517038413948
0.5,0.436455382421082,1.0,0.03,10.0,3.0,1.0,60.748659453509866,0.021495939317213678,2.6152519399476046e-10,261.52519399476046,30.0,True,0.0034413510463471102,7.49599972405074,87.17506466492014
0.5,0.436455382421082,1.0,0.03,10.0,3.0,2.0,60.748659453509866,0.01540251357097776,1.873909900011302e-10,187.39099000113018,30.0,True,0.0048027922793650426,7.49599972405074,62.463663333710066
0.5,0.436455382421082,1.0,0.03,10.0,3.0,5.0,60.748659453509866,0.005666268085126855,6.89372926821791e-11,68.9372926821791,30.0,True,0.013055342978861392,7.49599972405074,22.97909756072637
0.5,0.436455382421082,1.0,0.03,10.0,3.0,10.0,60.748659453509866,0.0010702198004175717,1.3020572713336018e-11,13.020572713336017,30.0,False,0.0691213835070554,7.49599972405074,4.340190904445339
0.5,0.436455382421082,1.0,0.03,10.0,9.6,0.5,60.748659453509866,0.028477492782005256,3.464645910278685e-10,346.4645910278685,30.0,True,0.0025976680541291066,23.987199116962366,115.48819700928951
0.5,0.436455382421082,1.0,0.03,10.0,9.6,1.0,60.748659453509866,0.027032253171638716,3.288814296738843e-10,328.8814296738843,30.0,True,0.002736548551532482,23.987199116962366,109.6271432246281
0.5,0.436455382421082,1.0,0.03,10.0,9.6,2.0,60.748659453509866,0.024358090384519047,2.9634686901316446e-10,296.34686901316445,30.0,True,0.0030369816391075813,23.987199116962366,98.78228967105483
0.5,0.436455382421082,1.0,0.03,10.0,9.6,5.0,60.748659453509866,0.01782075961660905,2.168120009594344e-10,216.8120009594344,30.0,True,0.004151061730980428,23.987199116962366,72.27066698647813
0.5,0.436455382421082,1.0,0.03,10.0,9.6,10.0,60.748659453509866,0.010585982443765466,1.2879181836980304e-10,128.79181836980305,30.0,True,0.006988021532670718,23.987199116962366,42.93060612326768
0.5,0.436455382421082,1.0,0.03,50.0,0.8,0.5,60.748659453509866,0.016057842855569708,1.9536389668616693e-10,195.36389668616692,150.0,True,0.023033938595260577,0.7113829297995835,65.12129889538897
0.5,0.436455382421082,1.0,0.03,50.0,0.8,1.0,60.748659453509866,0.008595143905805703,1.0457075842127412e-10,104.57075842127412,150.0,False,0.04303306266433762,0.7113829297995835,34.85691947375804
0.5,0.436455382421082,1.0,0.03,50.0,0.8,2.0,60.748659453509866,0.002462549958716964,2.996002389900316e-11,29.96002389900316,150.0,False,0.15020014720848487,0.7113829297995835,9.986674633001053
0.5,0.436455382421082,1.0,0.03,50.0,0.8,5.0,60.748659453509866,5.791362408683128e-05,7.045922278967153e-13,0.7045922278967153,150.0,False,6.386672775873487,0.7113829297995835,0.23486407596557177
0.5,0.436455382421082,1.0,0.03,50.0,0.8,10.0,60.748659453509866,1.1179959516236012e-07,1.3601829806971107e-15,0.0013601829806971107,150.0,False,3308.378404862626,0.7113829297995835,0.00045339432689903684
0.5,0.436455382421082,1.0,0.03,50.0,3.0,0.5,60.748659453509866,0.02539445174671842,3.089555111524184e-10,308.9555111524184,150.0,True,0.014565203848330108,2.667685986748438,102.98517038413948
0.5,0.436455382421082,1.0,0.03,50.0,3.0,1.0,60.748659453509866,0.021495939317213678,2.6152519399476046e-10,261.52519399476046,150.0,True,0.01720675523173555,2.667685986748438,87.17506466492014
0.5,0.436455382421082,1.0,0.03,50.0,3.0,2.0,60.748659453509866,0.01540251357097776,1.873909900011302e-10,187.39099000113018,150.0,True,0.024013961396825212,2.667685986748438,62.463663333710066
0.5,0.436455382421082,1.0,0.03,50.0,3.0,5.0,60.748659453509866,0.005666268085126855,6.89372926821791e-11,68.9372926821791,150.0,False,0.06527671489430696,2.667685986748438,22.97909756072637
0.5,0.436455382421082,1.0,0.03,50.0,3.0,10.0,60.748659453509866,0.0010702198004175717,1.3020572713336018e-11,13.020572713336017,150.0,False,0.345606917535277,2.667685986748438,4.340190904445339
0.5,0.436455382421082,1.0,0.03,50.0,9.6,0.5,60.748659453509866,0.028477492782005256,3.464645910278685e-10,346.4645910278685,150.0,True,0.012988340270645535,8.536595157595002,115.48819700928951
0.5,0.436455382421082,1.0,0.03,50.0,9.6,1.0,60.748659453509866,0.027032253171638716,3.288814296738843e-10,328.8814296738843,150.0,True,0.01368274275766241,8.536595157595002,109.6271432246281
0.5,0.436455382421082,1.0,0.03,50.0,9.6,2.0,60.748659453509866,0.024358090384519047,2.9634686901316446e-10,296.34686901316445,150.0,True,0.015184908195537906,8.536595157595002,98.78228967105483
0.5,0.436455382421082,1.0,0.03,50.0,9.6,5.0,60.748659453509866,0.01782075961660905,2.168120009594344e-10,216.8120009594344,150.0,True,0.020755308654902143,8.536595157595002,72.27066698647813
0.5,0.436455382421082,1.0,0.03,50.0,9.6,10.0,60.748659453509866,0.010585982443765466,1.2879181836980304e-10,128.79181836980305,150.0,False,0.03494010766335359,8.536595157595002,42.93060612326768
0.5,0.436455382421082,1.0,0.03,100.0,0.8,0.5,60.748659453509866,0.016057842855569708,1.9536389668616693e-10,195.36389668616692,300.0,False,0.046067877190521155,0.15686518535162725,65.12129889538897
0.5,0.436455382421082,1.0,0.03,100.0,0.8,1.0,60.748659453509866,0.008595143905805703,1.0457075842127412e-10,104.57075842127412,300.0,False,0.08606612532867523,0.15686518535162725,34.85691947375804
0.5,0.436455382421082,1.0,0.03,100.0,0.8,2.0,60.748659453509866,0.002462549958716964,2.996002389900316e-11,29.96002389900316,300.0,False,0.30040029441696975,0.15686518535162725,9.986674633001053
0.5,0.436455382421082,1.0,0.03,100.0,0.8,5.0,60.748659453509866,5.791362408683128e-05,7.045922278967153e-13,0.7045922278967153,300.0,False,12.773345551746974,0.15686518535162725,0.23486407596557177
0.5,0.436455382421082,1.0,0.03,100.0,0.8,10.0,60.748659453509866,1.1179959516236012e-07,1.3601829806971107e-15,0.0013601829806971107,300.0,False,6616.756809725252,0.15686518535162725,0.00045339432689903684
0.5,0.436455382421082,1.0,0.03,100.0,3.0,0.5,60.748659453509866,0.02539445174671842,3.089555111524184e-10,308.9555111524184,300.0,True,0.029130407696660216,0.5882444450686022,102.98517038413948
0.5,0.436455382421082,1.0,0.03,100.0,3.0,1.0,60.748659453509866,0.021495939317213678,2.6152519399476046e-10,261.52519399476046,300.0,False,0.0344135104634711,0.5882444450686022,87.17506466492014
0.5,0.436455382421082,1.0,0.03,100.0,3.0,2.0,60.748659453509866,0.01540251357097776,1.873909900011302e-10,187.39099000113018,300.0,False,0.048027922793650424,0.5882444450686022,62.463663333710066
0.5,0.436455382421082,1.0,0.03,100.0,3.0,5.0,60.748659453509866,0.005666268085126855,6.89372926821791e-11,68.9372926821791,300.0,False,0.13055342978861392,0.5882444450686022,22.97909756072637
0.5,0.436455382421082,1.0,0.03,100.0,3.0,10.0,60.748659453509866,0.0010702198004175717,1.3020572713336018e-11,13.020572713336017,300.0,False,0.691213835070554,0.5882444450686022,4.340190904445339
0.5,0.436455382421082,1.0,0.03,100.0,9.6,0.5,60.748659453509866,0.028477492782005256,3.464645910278685e-10,346.4645910278685,300.0,True,0.02597668054129107,1.8823822242195267,115.48819700928951
0.5,0.436455382421082,1.0,0.03,100.0,9.6,1.0,60.748659453509866,0.027032253171638716,3.288814296738843e-10,328.8814296738843,300.0,True,0.02736548551532482,1.8823822242195267,109.6271432246281
0.5,0.436455382421082,1.0,0.03,100.0,9.6,2.0,60.748659453509866,0.024358090384519047,2.9634686901316446e-10,296.34686901316445,300.0,False,0.03036981639107581,1.8823822242195267,98.78228967105483
0.5,0.436455382421082,1.0,0.03,100.0,9.6,5.0,60.748659453509866,0.01782075961660905,2.168120009594344e-10,216.8120009594344,300.0,False,0.041510617309804286,1.8823822242195267,72.27066698647813
0.5,0.436455382421082,1.0,0.03,100.0,9.6,10.0,60.748659453509866,0.010585982443765466,1.2879181836980304e-10,128.79181836980305,300.0,False,0.06988021532670718,1.8823822242195267,42.93060612326768
0.5,0.436455382421082,1.0,0.1,1.0,0.8,0.5,60.748659453509866,0.05352614285189903,6.512129889538898e-10,651.2129889538897,3.0,True,0.0004606787719052115,4.8041795776028495,217.07099631796325
0.5,0.436455382421082,1.0,0.1,1.0,0.8,1.0,60.748659453509866,0.028650479686019012,3.4856919473758046e-10,348.56919473758046,3.0,True,0.0008606612532867523,4.8041795776028495,116.18973157919349
0.5,0.436455382421082,1.0,0.1,1.0,0.8,2.0,60.748659453509866,0.008208499862389881,9.986674633001054e-11,99.86674633001054,3.0,True,0.0030040029441696977,4.8041795776028495,33.28891544333685
0.5,0.436455382421082,1.0,0.1,1.0,0.8,5.0,60.748659453509866,0.00019304541362277094,2.348640759655718e-12,2.348640759655718,3.0,False,0.12773345551746976,4.8041795776028495,0.7828802532185727
0.5,0.436455382421082,1.0,0.1,1.0,0.8,10.0,60.748659453509866,3.726653172078671e-07,4.533943268990369e-15,0.004533943268990369,3.0,False,66.16756809725253,4.8041795776028495,0.0015113144229967899
0.5,0.436455382421082,1.0,0.1,1.0,3.0,0.5,60.748659453509866,0.08464817248906142,1.029851703841395e-09,1029.851703841395,3.0,True,0.0002913040769666022,18.015673416010685,343.283901280465
0.5,0.436455382421082,1.0,0.1,1.0,3.0,1.0,60.748659453509866,0.07165313105737893,8.717506466492017e-10,871.7506466492017,3.0,True,0.0003441351046347111,18.015673416010685,290.5835488830672
0.5,0.436455382421082,1.0,0.1,1.0,3.0,2.0,60.748659453509866,0.0513417119032592,6.246366333371006e-10,624.6366333371006,3.0,True,0.00048027922793650427,18.015673416010685,208.2122111123669
0.5,0.436455382421082,1.0,0.1,1.0,3.0,5.0,60.748659453509866,0.018887560283756183,2.297909756072637e-10,229.7909756072637,3.0,True,0.0013055342978861393,18.015673416010685,76.5969918690879
0.5,0.436455382421082,1.0,0.1,1.0,3.0,10.0,60.748659453509866,0.0035673993347252395,4.34019090444534e-11,43.4019090444534,3.0,True,0.006912138350705541,18.015673416010685,14.4673030148178
0.5,0.436455382421082,1.0,0.1,1.0,9.6,0.5,60.748659453509866,0.09492497594001753,1.1548819700928952e-09,1154.8819700928952,3.0,True,0.0002597668054129107,57.65015493123419,384.9606566976317
0.5,0.436455382421082,1.0,0.1,1.0,9.6,1.0,60.748659453509866,0.09010751057212907,1.096271432246281e-09,1096.2714322462812,3.0,True,0.0002736548551532482,57.65015493123419,365.42381074876033
0.5,0.436455382421082,1.0,0.1,1.0,9.6,2.0,60.748659453509866,0.0811936346150635,9.878228967105483e-10,987.8228967105483,3.0,True,0.00030369816391075815,57.65015493123419,329.27429890351607
0.5,0.436455382421082,1.0,0.1,1.0,9.6,5.0,60.748659453509866,0.0594025320553635,7.227066698647812e-10,722.7066698647812,3.0,True,0.0004151061730980429,57.65015493123419,240.90222328826042
0.5,0.436455382421082,1.0,0.1,1.0,9.6,10.0,60.748659453509866,0.03528660814588489,4.2930606123267687e-10,429.3060612326769,3.0,True,0.0006988021532670719,57.65015493123419,143.1020204108923
0.5,0.436455382421082,1.0,0.1,5.0,0.8,0.5,60.748659453509866,0.05352614285189903,6.512129889538898e-10,651.2129889538897,15.0,True,0.0023033938595260575,3.516629247655569,217.07099631796325
0.5,0.436455382421082,1.0,0.1,5.0,0.8,1.0,60.748659453509866,0.028650479686019012,3.4856919473758046e-10,348.56919473758046,15.0,True,0.004303306266433762,3.516629247655569,116.18973157919349
0.5,0.436455382421082,1.0,0.1,5.0,0.8,2.0,60.748659453509866,0.008208499862389881,9.986674633001054e-11,99.86674633001054,15.0,True,0.015020014720848488,3.516629247655569,33.28891544333685
0.5,0.436455382421082,1.0,0.1,5.0,0.8,5.0,60.748659453509866,0.00019304541362277094,2.348640759655718e-12,2.348640759655718,15.0,False,0.6386672775873488,3.516629247655569,0.7828802532185727
0.5,0.436455382421082,1.0,0.1,5.0,0.8,10.0,60.748659453509866,3.726653172078671e-07,4.533943268990369e-15,0.004533943268990369,15.0,False,330.8378404862626,3.516629247655569,0.0015113144229967899
0.5,0.436455382421082,1.0,0.1,5.0,3.0,0.5,60.748659453509866,0.08464817248906142,1.029851703841395e-09,1029.851703841395,15.0,True,0.0014565203848330107,13.187359678708383,343.283901280465
0.5,0.436455382421082,1.0,0.1,5.0,3.0,1.0,60.748659453509866,0.07165313105737893,8.717506466492017e-10,871.7506466492017,15.0,True,0.0017206755231735551,13.187359678708383,290.5835488830672
0.5,0.436455382421082,1.0,0.1,5.0,3.0,2.0,60.748659453509866,0.0513417119032592,6.246366333371006e-10,624.6366333371006,15.0,True,0.0024013961396825213,13.187359678708383,208.2122111123669
0.5,0.436455382421082,1.0,0.1,5.0,3.0,5.0,60.748659453509866,0.018887560283756183,2.297909756072637e-10,229.7909756072637,15.0,True,0.006527671489430696,13.187359678708383,76.5969918690879
0.5,0.436455382421082,1.0,0.1,5.0,3.0,10.0,60.748659453509866,0.0035673993347252395,4.34019090444534e-11,43.4019090444534,15.0,True,0.0345606917535277,13.187359678708383,14.4673030148178
0.5,0.436455382421082,1.0,0.1,5.0,9.6,0.5,60.748659453509866,0.09492497594001753,1.1548819700928952e-09,1154.8819700928952,15.0,True,0.0012988340270645533,42.19955097186683,384.9606566976317
0.5,0.436455382421082,1.0,0.1,5.0,9.6,1.0,60.748659453509866,0.09010751057212907,1.096271432246281e-09,1096.2714322462812,15.0,True,0.001368274275766241,42.19955097186683,365.42381074876033
0.5,0.436455382421082,1.0,0.1,5.0,9.6,2.0,60.748659453509866,0.0811936346150635,9.878228967105483e-10,987.8228967105483,15.0,True,0.0015184908195537907,42.19955097186683,329.27429890351607
0.5,0.436455382421082,1.0,0.1,5.0,9.6,5.0,60.748659453509866,0.0594025320553635,7.227066698647812e-10,722.7066698647812,15.0,True,0.002075530865490214,42.19955097186683,240.90222328826042
0.5,0.436455382421082,1.0,0.1,5.0,9.6,10.0,60.748659453509866,0.03528660814588489,4.2930606123267687e-10,429.3060612326769,15.0,True,0.003494010766335359,42.19955097186683,143.1020204108923
0.5,0.436455382421082,1.0,0.1,10.0,0.8,0.5,60.748659453509866,0.05352614285189903,6.512129889538898e-10,651.2129889538897,30.0,True,0.004606787719052115,2.9621115032076126,217.07099631796325
0.5,0.436455382421082,1.0,0.1,10.0,0.8,1.0,60.748659453509866,0.028650479686019012,3.4856919473758046e-10,348.56919473758046,30.0,True,0.008606612532867524,2.9621115032076126,116.18973157919349
0.5,0.436455382421082,1.0,0.1,10.0,0.8,2.0,60.748659453509866,0.008208499862389881,9.986674633001054e-11,99.86674633001054,30.0,True,0.030040029441696977,2.9621115032076126,33.28891544333685
0.5,0.436455382421082,1.0,0.1,10.0,0.8,5.0,60.748659453509866,0.00019304541362277094,2.348640759655718e-12,2.348640759655718,30.0,False,1.2773345551746975,2.9621115032076126,0.7828802532185727
0.5,0.436455382421082,1.0,0.1,10.0,0.8,10.0,60.748659453509866,3.726653172078671e-07,4.533943268990369e-15,0.004533943268990369,30.0,False,661.6756809725252,2.9621115032076126,0.0015113144229967899
0.5,0.436455382421082,1.0,0.1,10.0,3.0,0.5,60.748659453509866,0.08464817248906142,1.029851703841395e-09,1029.851703841395,30.0,True,0.0029130407696660214,11.107918137028548,343.283901280465
0.5,0.436455382421082,1.0,0.1,10.0,3.0,1.0,60.748659453509866,0.07165313105737893,8.717506466492017e-10,871.7506466492017,30.0,True,0.0034413510463471102,11.107918137028548,290.5835488830672
0.5,0.436455382421082,1.0,0.1,10.0,3.0,2.0,60.748659453509866,0.0513417119032592,6.246366333371006e-10,624.6366333371006,30.0,True,0.0048027922793650426,11.107918137028548,208.2122111123669
0.5,0.436455382421082,1.0,0.1,10.0,3.0,5.0,60.748659453509866,0.018887560283756183,2.297909756072637e-10,229.7909756072637,30.0,True,0.013055342978861392,11.107918137028548,76.5969918690879
0.5,0.436455382421082,1.0,0.1,10.0,3.0,10.0,60.748659453509866,0.0035673993347252395,4.34019090444534e-11,43.4019090444534,30.0,True,0.0691213835070554,11.107918137028548,14.4673030148178
0.5,0.436455382421082,1.0,0.1,10.0,9.6,0.5,60.748659453509866,0.09492497594001753,1.1548819700928952e-09,1154.8819700928952,30.0,True,0.0025976680541291066,35.54533803849135,384.9606566976317
0.5,0.436455382421082,1.0,0.1,10.0,9.6,1.0,60.748659453509866,0.09010751057212907,1.096271432246281e-09,1096.2714322462812,30.0,True,0.002736548551532482,35.54533803849135,365.42381074876033
0.5,0.436455382421082,1.0,0.1,10.0,9.6,2.0,60.748659453509866,0.0811936346150635,9.878228967105483e-10,987.8228967105483,30.0,True,0.0030369816391075813,35.54533803849135,329.27429890351607
0.5,0.436455382421082,1.0,0.1,10.0,9.6,5.0,60.748659453509866,0.0594025320553635,7.227066698647812e-10,722.7066698647812,30.0,True,0.004151061730980428,35.54533803849135,240.90222328826042
0.5,0.436455382421082,1.0,0.1,10.0,9.6,10.0,60.748659453509866,0.03528660814588489,4.2930606123267687e-10,429.3060612326769,30.0,True,0.006988021532670718,35.54533803849135,143.1020204108923
0.5,0.436455382421082,1.0,0.1,50.0,0.8,0.5,60.748659453509866,0.05352614285189903,6.512129889538898e-10,651.2129889538897,150.0,True,0.023033938595260577,1.6745611732603327,217.07099631796325
0.5,0.436455382421082,1.0,0.1,50.0,0.8,1.0,60.748659453509866,0.028650479686019012,3.4856919473758046e-10,348.56919473758046,150.0,True,0.04303306266433762,1.6745611732603327,116.18973157919349
0.5,0.436455382421082,1.0,0.1,50.0,0.8,2.0,60.748659453509866,0.008208499862389881,9.986674633001054e-11,99.86674633001054,150.0,False,0.15020014720848487,1.6745611732603327,33.28891544333685
0.5,0.436455382421082,1.0,0.1,50.0,0.8,5.0,60.748659453509866,0.00019304541362277094,2.348640759655718e-12,2.348640759655718,150.0,False,6.386672775873487,1.6745611732603327,0.7828802532185727
0.5,0.436455382421082,1.0,0.1,50.0,0.8,10.0,60.748659453509866,3.726653172078671e-07,4.533943268990369e-15,0.004533943268990369,150.0,False,3308.378404862626,1.6745611732603327,0.0015113144229967899
0.5,0.436455382421082,1.0,0.1,50.0,3.0,0.5,60.748659453509866,0.08464817248906142,1.029851703841395e-09,1029.851703841395,150.0,True,0.014565203848330108,6.279604399726248,343.283901280465
0.5,0.436455382421082,1.0,0.1,50.0,3.0,1.0,60.748659453509866,0.07165313105737893,8.717506466492017e-10,871.7506466492017,150.0,True,0.01720675523173555,6.279604399726248,290.5835488830672
0.5,0.436455382421082,1.0,0.1,50.0,3.0,2.0,60.748659453509866,0.0513417119032592,6.246366333371006e-10,624.6366333371006,150.0,True,0.024013961396825212,6.279604399726248,208.2122111123669
0.5,0.436455382421082,1.0,0.1,50.0,3.0,5.0,60.748659453509866,0.018887560283756183,2.297909756072637e-10,229.7909756072637,150.0,True,0.06527671489430696,6.279604399726248,76.5969918690879
0.5,0.436455382421082,1.0,0.1,50.0,3.0,10.0,60.748659453509866,0.0035673993347252395,4.34019090444534e-11,43.4019090444534,150.0,False,0.345606917535277,6.279604399726248,14.4673030148178
0.5,0.436455382421082,1.0,0.1,50.0,9.6,0.5,60.748659453509866,0.09492497594001753,1.1548819700928952e-09,1154.8819700928952,150.0,True,0.012988340270645535,20.09473407912399,384.9606566976317
0.5,0.436455382421082,1.0,0.1,50.0,9.6,1.0,60.748659453509866,0.09010751057212907,1.096271432246281e-09,1096.2714322462812,150.0,True,0.01368274275766241,20.09473407912399,365.42381074876033
0.5,0.436455382421082,1.0,0.1,50.0,9.6,2.0,60.748659453509866,0.0811936346150635,9.878228967105483e-10,987.8228967105483,150.0,True,0.015184908195537906,20.09473407912399,329.27429890351607
0.5,0.436455382421082,1.0,0.1,50.0,9.6,5.0,60.748659453509866,0.0594025320553635,7.227066698647812e-10,722.7066698647812,150.0,True,0.020755308654902143,20.09473407912399,240.90222328826042
0.5,0.436455382421082,1.0,0.1,50.0,9.6,10.0,60.748659453509866,0.03528660814588489,4.2930606123267687e-10,429.3060612326769,150.0,True,0.03494010766335359,20.09473407912399,143.1020204108923
0.5,0.436455382421082,1.0,0.1,100.0,0.8,0.5,60.748659453509866,0.05352614285189903,6.512129889538898e-10,651.2129889538897,300.0,True,0.046067877190521155,1.1200434288123764,217.07099631796325
0.5,0.436455382421082,1.0,0.1,100.0,0.8,1.0,60.748659453509866,0.028650479686019012,3.4856919473758046e-10,348.56919473758046,300.0,True,0.08606612532867523,1.1200434288123764,116.18973157919349
0.5,0.436455382421082,1.0,0.1,100.0,0.8,2.0,60.748659453509866,0.008208499862389881,9.986674633001054e-11,99.86674633001054,300.0,False,0.30040029441696975,1.1200434288123764,33.28891544333685
0.5,0.436455382421082,1.0,0.1,100.0,0.8,5.0,60.748659453509866,0.00019304541362277094,2.348640759655718e-12,2.348640759655718,300.0,False,12.773345551746974,1.1200434288123764,0.7828802532185727
0.5,0.436455382421082,1.0,0.1,100.0,0.8,10.0,60.748659453509866,3.726653172078671e-07,4.533943268990369e-15,0.004533943268990369,300.0,False,6616.756809725252,1.1200434288123764,0.0015113144229967899
0.5,0.436455382421082,1.0,0.1,100.0,3.0,0.5,60.748659453509866,0.08464817248906142,1.029851703841395e-09,1029.851703841395,300.0,True,0.029130407696660216,4.200162858046411,343.283901280465
0.5,0.436455382421082,1.0,0.1,100.0,3.0,1.0,60.748659453509866,0.07165313105737893,8.717506466492017e-10,871.7506466492017,300.0,True,0.0344135104634711,4.200162858046411,290.5835488830672
0.5,0.436455382421082,1.0,0.1,100.0,3.0,2.0,60.748659453509866,0.0513417119032592,6.246366333371006e-10,624.6366333371006,300.0,True,0.048027922793650424,4.200162858046411,208.2122111123669
0.5,0.436455382421082,1.0,0.1,100.0,3.0,5.0,60.748659453509866,0.018887560283756183,2.297909756072637e-10,229.7909756072637,300.0,False,0.13055342978861392,4.200162858046411,76.5969918690879
0.5,0.436455382421082,1.0,0.1,100.0,3.0,10.0,60.748659453509866,0.0035673993347252395,4.34019090444534e-11,43.4019090444534,300.0,False,0.691213835070554,4.200162858046411,14.4673030148178
0.5,0.436455382421082,1.0,0.1,100.0,9.6,0.5,60.748659453509866,0.09492497594001753,1.1548819700928952e-09,1154.8819700928952,300.0,True,0.02597668054129107,13.440521145748514,384.9606566976317
0.5,0.436455382421082,1.0,0.1,100.0,9.6,1.0,60.748659453509866,0.09010751057212907,1.096271432246281e-09,1096.2714322462812,300.0,True,0.02736548551532482,13.440521145748514,365.42381074876033
0.5,0.436455382421082,1.0,0.1,100.0,9.6,2.0,60.748659453509866,0.0811936346150635,9.878228967105483e-10,987.8228967105483,300.0,True,0.03036981639107581,13.440521145748514,329.27429890351607
0.5,0.436455382421082,1.0,0.1,100.0,9.6,5.0,60.748659453509866,0.0594025320553635,7.227066698647812e-10,722.7066698647812,300.0,True,0.041510617309804286,13.440521145748514,240.90222328826042
0.5,0.436455382421082,1.0,0.1,100.0,9.6,10.0,60.748659453509866,0.03528660814588489,4.2930606123267687e-10,429.3060612326769,300.0,True,0.06988021532670718,13.440521145748514,143.1020204108923
0.5,0.436455382421082,10.0,0.01,1.0,0.8,0.5,8.361338754328685,0.005352614285189903,8.963181164564416e-12,8.963181164564416,3.0,True,0.0033470259553163807,1.3756103327957532,2.9877270548548056
0.5,0.436455382421082,10.0,0.01,1.0,0.8,1.0,8.361338754328685,0.002865047968601901,4.797645154219255e-12,4.797645154219255,3.0,True,0.00625306771044055,1.3756103327957532,1.5992150514064183
0.5,0.436455382421082,10.0,0.01,1.0,0.8,2.0,8.361338754328685,0.0008208499862389881,1.3745483503168634e-12,1.3745483503168634,3.0,False,0.021825350845668216,1.3756103327957532,0.4581827834389544
0.5,0.436455382421082,10.0,0.01,1.0,0.8,5.0,8.361338754328685,1.9304541362277093e-05,3.232627876954857e-14,0.03232627876954857,3.0,False,0.9280375329887979,1.3756103327957532,0.01077542625651619
0.5,0.436455382421082,10.0,0.01,1.0,0.8,10.0,8.361338754328685,3.726653172078671e-08,6.240439855952501e-17,6.2404398559525e-05,3.0,False,480.7353438617668,1.3756103327957532,2.0801466186508338e-05
0.5,0.436455382421082,10.0,0.01,1.0,3.0,0.5,8.361338754328685,0.008464817248906142,1.417469791103838e-11,14.17469791103838,3.0,True,0.002116447220835504,5.158538747984074,4.72489930367946
0.5,0.436455382421082,10.0,0.01,1.0,3.0,1.0,8.361338754328685,0.007165313105737893,1.1998622737539151e-11,11.99862273753915,3.0,True,0.00250028696261458,5.158538747984074,3.99954091251305
0.5,0.436455382421082,10.0,0.01,1.0,3.0,2.0,8.361338754328685,0.005134171190325921,8.597388875209395e-12,8.597388875209395,3.0,True,0.0034894315513056672,5.158538747984074,2.8657962917364648
0.5,0.436455382421082,10.0,0.01,1.0,3.0,5.0,8.361338754328685,0.0018887560283756184,3.1628026149456072e-12,3.1628026149456074,3.0,True,0.009485258377565852,5.158538747984074,1.0542675383152023
0.5,0.436455382421082,10.0,0.01,1.0,3.0,10.0,8.361338754328685,0.00035673993347252396,5.973762505540685e-13,0.5973762505540685,3.0,False,0.0502196061061599,5.158538747984074,0.19912541685135618
0.5,0.436455382421082,10.0,0.01,1.0,9.6,0.5,8.361338754328685,0.009492497594001751,1.5895592528429484e-11,15.895592528429484,3.0,True,0.0018873156157182937,16.507323993549036,5.298530842809828
0.5,0.436455382421082,10.0,0.01,1.0,9.6,1.0,8.361338754328685,0.009010751057212905,1.508888738313491e-11,15.088887383134908,3.0,True,0.0019882181660081494,16.507323993549036,5.029629127711637
0.5,0.436455382421082,10.0,0.01,1.0,9.6,2.0,8.361338754328685,0.00811936346150635,1.3596220793974937e-11,13.596220793974938,3.0,True,0.002206495500080013,16.507323993549036,4.532073597991646
0.5,0.436455382421082,10.0,0.01,1.0,9.6,5.0,8.361338754328685,0.0059402532055363505,9.947207627481383e-12,9.947207627481383,3.0,True,0.0030159217665386116,16.507323993549036,3.315735875827128
0.5,0.436455382421082,10.0,0.01,1.0,9.6,10.0,8.361338754328685,0.003528660814588489,5.9088931995281925e-12,5.908893199528192,3.0,True,0.0050770929490476175,16.507323993549036,1.9696310665093975
0.5,0.436455382421082,10.0,0.01,5.0,0.8,0.5,8.361338754328685,0.005352614285189903,8.963181164564416e-12,8.963181164564416,15.0,False,0.0167351297765819,0.08806000284847278,2.9877270548548056
0.5,0.436455382421082,10.0,0.01,5.0,0.8,1.0,8.361338754328685,0.002865047968601901,4.797645154219255e-12,4.797645154219255,15.0,False,0.03126533855220275,0.08806000284847278,1.5992150514064183
0.5,0.436455382421082,10.0,0.01,5.0,0.8,2.0,8.361338754328685,0.0008208499862389881,1.3745483503168634e-12,1.3745483503168634,15.0,False,0.10912675422834107,0.08806000284847278,0.4581827834389544
0.5,0.436455382421082,10.0,0.01,5.0,0.8,5.0,8.361338754328685,1.9304541362277093e-05,3.232627876954857e-14,0.03232627876954857,15.0,False,4.640187664943989,0.08806000284847278,0.01077542625651619
0.5,0.436455382421082,10.0,0.01,5.0,0.8,10.0,8.361338754328685,3.726653172078671e-08,6.240439855952501e-17,6.2404398559525e-05,15.0,False,2403.676719308834,0.08806000284847278,2.0801466186508338e-05
0.5,0.436455382421082,10.0,0.01,5.0,3.0,0.5,8.361338754328685,0.008464817248906142,1.417469791103838e-11,14.17469791103838,15.0,False,0.010582236104177519,0.3302250106817729,4.72489930367946
0.5,0.436455382421082,10.0,0.01,5.0,3.0,1.0,8.361338754328685,0.007165313105737893,1.1998622737539151e-11,11.99862273753915,15.0,False,0.012501434813072901,0.3302250106817729,3.99954091251305
0.5,0.436455382421082,10.0,0.01,5.0,3.0,2.0,8.361338754328685,0.005134171190325921,8.597388875209395e-12,8.597388875209395,15.0,False,0.017447157756528334,0.3302250106817729,2.8657962917364648
0.5,0.436455382421082,10.0,0.01,5.0,3.0,5.0,8.361338754328685,0.0018887560283756184,3.1628026149456072e-12,3.1628026149456074,15.0,False,0.04742629188782926,0.3302250106817729,1.0542675383152023
0.5,0.436455382421082,10.0,0.01,5.0,3.0,10.0,8.361338754328685,0.00035673993347252396,5.973762505540685e-13,0.5973762505540685,15.0,False,0.2510980305307995,0.3302250106817729,0.19912541685135618
0.5,0.436455382421082,10.0,0.01,5.0,9.6,0.5,8.361338754328685,0.009492497594001751,1.5895592528429484e-11,15.895592528429484,15.0,True,0.009436578078591468,1.0567200341816732,5.298530842809828
0.5,0.436455382421082,10.0,0.01,5.0,9.6,1.0,8.361338754328685,0.009010751057212905,1.508888738313491e-11,15.088887383134908,15.0,True,0.009941090830040748,1.0567200341816732,5.029629127711637
0.5,0.436455382421082,10.0,0.01,5.0,9.6,2.0,8.361338754328685,0.00811936346150635,1.3596220793974937e-11,13.596220793974938,15.0,False,0.011032477500400066,1.0567200341816732,4.532073597991646
0.5,0.436455382421082,10.0,0.01,5.0,9.6,5.0,8.361338754328685,0.0059402532055363505,9.947207627481383e-12,9.947207627481383,15.0,False,0.015079608832693058,1.0567200341816732,3.315735875827128
0.5,0.436455382421082,10.0,0.01,5.0,9.6,10.0,8.361338754328685,0.003528660814588489,5.9088931995281925e-12,5.908893199528192,15.0,False,0.025385464745238083,1.0567200341816732,1.9696310665093975
0.5,0.436455382421082,10.0,0.01,10.0,0.8,0.5,8.361338754328685,0.005352614285189903,8.963181164564416e-12,8.963181164564416,30.0,False,0.0334702595531638,0.0,2.9877270548548056
0.5,0.436455382421082,10.0,0.01,10.0,0.8,1.0,8.361338754328685,0.002865047968601901,4.797645154219255e-12,4.797645154219255,30.0,False,0.0625306771044055,0.0,1.5992150514064183
0.5,0.436455382421082,10.0,0.01,10.0,0.8,2.0,8.361338754328685,0.0008208499862389881,1.3745483503168634e-12,1.3745483503168634,30.0,False,0.21825350845668215,0.0,0.4581827834389544
0.5,0.436455382421082,10.0,0.01,10.0,0.8,5.0,8.361338754328685,1.9304541362277093e-05,3.232627876954857e-14,0.03232627876954857,30.0,False,9.280375329887978,0.0,0.01077542625651619
0.5,0.436455382421082,10.0,0.01,10.0,0.8,10.0,8.361338754328685,3.726653172078671e-08,6.240439855952501e-17,6.2404398559525e-05,30.0,False,4807.353438617668,0.0,2.0801466186508338e-05
0.5,0.436455382421082,10.0,0.01,10.0,3.0,0.5,8.361338754328685,0.008464817248906142,1.417469791103838e-11,14.17469791103838,30.0,False,0.021164472208355038,0.0,4.72489930367946
0.5,0.436455382421082,10.0,0.01,10.0,3.0,1.0,8.361338754328685,0.007165313105737893,1.1998622737539151e-11,11.99862273753915,30.0,False,0.025002869626145802,0.0,3.99954091251305
0.5,0.436455382421082,10.0,0.01,10.0,3.0,2.0,8.361338754328685,0.005134171190325921,8.597388875209395e-12,8.597388875209395,30.0,False,0.03489431551305667,0.0,2.8657962917364648
0.5,0.436455382421082,10.0,0.01,10.0,3.0,5.0,8.361338754328685,0.0018887560283756184,3.1628026149456072e-12,3.1628026149456074,30.0,False,0.09485258377565851,0.0,1.0542675383152023
0.5,0.436455382421082,10.0,0.01,10.0,3.0,10.0,8.361338754328685,0.00035673993347252396,5.973762505540685e-13,0.5973762505540685,30.0,False,0.502196061061599,0.0,0.19912541685135618
0.5,0.436455382421082,10.0,0.01,10.0,9.6,0.5,8.361338754328685,0.009492497594001751,1.5895592528429484e-11,15.895592528429484,30.0,False,0.018873156157182935,0.0,5.298530842809828
0.5,0.436455382421082,10.0,0.01,10.0,9.6,1.0,8.361338754328685,0.009010751057212905,1.508888738313491e-11,15.088887383134908,30.0,False,0.019882181660081495,0.0,5.029629127711637
0.5,0.436455382421082,10.0,0.01,10.0,9.6,2.0,8.361338754328685,0.00811936346150635,1.3596220793974937e-11,13.596220793974938,30.0,False,0.02206495500080013,0.0,4.532073597991646
0.5,0.436455382421082,10.0,0.01,10.0,9.6,5.0,8.361338754328685,0.0059402532055363505,9.947207627481383e-12,9.947207627481383,30.0,False,0.030159217665386116,0.0,3.315735875827128
0.5,0.436455382421082,10.0,0.01,10.0,9.6,10.0,8.361338754328685,0.003528660814588489,5.9088931995281925e-12,5.908893199528192,30.0,False,0.050770929490476166,0.0,1.9696310665093975
0.5,0.436455382421082,10.0,0.01,50.0,0.8,0.5,8.361338754328685,0.005352614285189903,8.963181164564416e-12,8.963181164564416,150.0,False,0.16735129776581903,0.0,2.9877270548548056
0.5,0.436455382421082,10.0,0.01,50.0,0.8,1.0,8.361338754328685,0.002865047968601901,4.797645154219255e-12,4.797645154219255,150.0,False,0.3126533855220275,0.0,1.5992150514064183
0.5,0.436455382421082,10.0,0.01,50.0,0.8,2.0,8.361338754328685,0.0008208499862389881,1.3745483503168634e-12,1.3745483503168634,150.0,False,1.0912675422834106,0.0,0.4581827834389544
0.5,0.436455382421082,10.0,0.01,50.0,0.8,5.0,8.361338754328685,1.9304541362277093e-05,3.232627876954857e-14,0.03232627876954857,150.0,False,46.40187664943989,0.0,0.01077542625651619
0.5,0.436455382421082,10.0,0.01,50.0,0.8,10.0,8.361338754328685,3.726653172078671e-08,6.240439855952501e-17,6.2404398559525e-05,150.0,False,24036.76719308834,0.0,2.0801466186508338e-05
0.5,0.436455382421082,10.0,0.01,50.0,3.0,0.5,8.361338754328685,0.008464817248906142,1.417469791103838e-11,14.17469791103838,150.0,False,0.10582236104177518,0.0,4.72489930367946
0.5,0.436455382421082,10.0,0.01,50.0,3.0,1.0,8.361338754328685,0.007165313105737893,1.1998622737539151e-11,11.99862273753915,150.0,False,0.125014348130729,0.0,3.99954091251305
0.5,0.436455382421082,10.0,0.01,50.0,3.0,2.0,8.361338754328685,0.005134171190325921,8.597388875209395e-12,8.597388875209395,150.0,False,0.17447157756528336,0.0,2.8657962917364648
0.5,0.436455382421082,10.0,0.01,50.0,3.0,5.0,8.361338754328685,0.0018887560283756184,3.1628026149456072e-12,3.1628026149456074,150.0,False,0.4742629188782926,0.0,1.0542675383152023
0.5,0.436455382421082,10.0,0.01,50.0,3.0,10.0,8.361338754328685,0.00035673993347252396,5.973762505540685e-13,0.5973762505540685,150.0,False,2.510980305307995,0.0,0.19912541685135618
0.5,0.436455382421082,10.0,0.01,50.0,9.6,0.5,8.361338754328685,0.009492497594001751,1.5895592528429484e-11,15.895592528429484,150.0,False,0.09436578078591468,0.0,5.298530842809828
0.5,0.436455382421082,10.0,0.01,50.0,9.6,1.0,8.361338754328685,0.009010751057212905,1.508888738313491e-11,15.088887383134908,150.0,False,0.09941090830040747,0.0,5.029629127711637
0.5,0.436455382421082,10.0,0.01,50.0,9.6,2.0,8.361338754328685,0.00811936346150635,1.3596220793974937e-11,13.596220793974938,150.0,False,0.11032477500400065,0.0,4.532073597991646
0.5,0.436455382421082,10.0,0.01,50.0,9.6,5.0,8.361338754328685,0.0059402532055363505,9.947207627481383e-12,9.947207627481383,150.0,False,0.1507960883269306,0.0,3.315735875827128
0.5,0.436455382421082,10.0,0.01,50.0,9.6,10.0,8.361338754328685,0.003528660814588489,5.9088931995281925e-12,5.908893199528192,150.0,False,0.25385464745238084,0.0,1.9696310665093975
0.5,0.436455382421082,10.0,0.01,100.0,0.8,0.5,8.361338754328685,0.005352614285189903,8.963181164564416e-12,8.963181164564416,300.0,False,0.33470259553163806,0.0,2.9877270548548056
0.5,0.436455382421082,10.0,0.01,100.0,0.8,1.0,8.361338754328685,0.002865047968601901,4.797645154219255e-12,4.797645154219255,300.0,False,0.625306771044055,0.0,1.5992150514064183
0.5,0.436455382421082,10.0,0.01,100.0,0.8,2.0,8.361338754328685,0.0008208499862389881,1.3745483503168634e-12,1.3745483503168634,300.0,False,2.182535084566821,0.0,0.4581827834389544
0.5,0.436455382421082,10.0,0.01,100.0,0.8,5.0,8.361338754328685,1.9304541362277093e-05,3.232627876954857e-14,0.03232627876954857,300.0,False,92.80375329887978,0.0,0.01077542625651619
0.5,0.436455382421082,10.0,0.01,100.0,0.8,10.0,8.361338754328685,3.726653172078671e-08,6.240439855952501e-17,6.2404398559525e-05,300.0,False,48073.53438617668,0.0,2.0801466186508338e-05
0.5,0.436455382421082,10.0,0.01,100.0,3.0,0.5,8.361338754328685,0.008464817248906142,1.417469791103838e-11,14.17469791103838,300.0,False,0.21164472208355037,0.0,4.72489930367946
0.5,0.436455382421082,10.0,0.01,100.0,3.0,1.0,8.361338754328685,0.007165313105737893,1.1998622737539151e-11,11.99862273753915,300.0,False,0.250028696261458,0.0,3.99954091251305
0.5,0.436455382421082,10.0,0.01,100.0,3.0,2.0,8.361338754328685,0.005134171190325921,8.597388875209395e-12,8.597388875209395,300.0,False,0.34894315513056673,0.0,2.8657962917364648
0.5,0.436455382421082,10.0,0.01,100.0,3.0,5.0,8.361338754328685,0.0018887560283756184,3.1628026149456072e-12,3.1628026149456074,300.0,False,0.9485258377565852,0.0,1.0542675383152023
0.5,0.436455382421082,10.0,0.01,100.0,3.0,10.0,8.361338754328685,0.00035673993347252396,5.973762505540685e-13,0.5973762505540685,300.0,False,5.02196061061599,0.0,0.19912541685135618
0.5,0.436455382421082,10.0,0.01,100.0,9.6,0.5,8.361338754328685,0.009492497594001751,1.5895592528429484e-11,15.895592528429484,300.0,False,0.18873156157182935,0.0,5.298530842809828
0.5,0.436455382421082,10.0,0.01,100.0,9.6,1.0,8.361338754328685,0.009010751057212905,1.508888738313491e-11,15.088887383134908,300.0,False,0.19882181660081494,0.0,5.029629127711637
0.5,0.436455382421082,10.0,0.01,100.0,9.6,2.0,8.361338754328685,0.00811936346150635,1.3596220793974937e-11,13.596220793974938,300.0,False,0.2206495500080013,0.0,4.532073597991646
0.5,0.436455382421082,10.0,0.01,100.0,9.6,5.0,8.361338754328685,0.0059402532055363505,9.947207627481383e-12,9.947207627481383,300.0,False,0.3015921766538612,0.0,3.315735875827128
0.5,0.436455382421082,10.0,0.01,100.0,9.6,10.0,8.361338754328685,0.003528660814588489,5.9088931995281925e-12,5.908893199528192,300.0,False,0.5077092949047617,0.0,1.9696310665093975
0.5,0.436455382421082,10.0,0.03,1.0,0.8,0.5,8.361338754328685,0.016057842855569708,2.6889543493693247e-11,26.889543493693246,3.0,True,0.0033470259553163807,2.2545001637302406,8.963181164564416
0.5,0.436455382421082,10.0,0.03,1.0,0.8,1.0,8.361338754328685,0.008595143905805703,1.4392935462657766e-11,14.392935462657766,3.0,True,0.00625306771044055,2.2545001637302406,4.797645154219255
0.5,0.436455382421082,10.0,0.03,1.0,0.8,2.0,8.361338754328685,0.002462549958716964,4.12364505095059e-12,4.123645050950589,3.0,True,0.021825350845668216,2.2545001637302406,1.3745483503168632
0.5,0.436455382421082,10.0,0.03,1.0,0.8,5.0,8.361338754328685,5.791362408683128e-05,9.697883630864569e-14,0.09697883630864569,3.0,False,0.9280375329887979,2.2545001637302406,0.032326278769548564
0.5,0.436455382421082,10.0,0.03,1.0,0.8,10.0,8.361338754328685,1.1179959516236012e-07,1.87213195678575e-16,0.000187213195678575,3.0,False,480.7353438617668,2.2545001637302406,6.240439855952499e-05
0.5,0.436455382421082,10.0,0.03,1.0,3.0,0.5,8.361338754328685,0.02539445174671842,4.2524093733115136e-11,42.52409373311514,3.0,True,0.002116447220835504,8.454375613988402,14.174697911038379
0.5,0.436455382421082,10.0,0.03,1.0,3.0,1.0,8.361338754328685,0.021495939317213678,3.599586821261745e-11,35.99586821261745,3.0,True,0.00250028696261458,8.454375613988402,11.998622737539149
0.5,0.436455382421082,10.0,0.03,1.0,3.0,2.0,8.361338754328685,0.01540251357097776,2.579216662562818e-11,25.79216662562818,3.0,True,0.0034894315513056672,8.454375613988402,8.597388875209393
0.5,0.436455382421082,10.0,0.03,1.0,3.0,5.0,8.361338754328685,0.005666268085126855,9.48840784483682e-12,9.48840784483682,3.0,True,0.009485258377565852,8.454375613988402,3.162802614945607
0.5,0.436455382421082,10.0,0.03,1.0,3.0,10.0,8.361338754328685,0.0010702198004175717,1.7921287516622051e-12,1.792128751662205,3.0,False,0.0502196061061599,8.454375613988402,0.5973762505540684
0.5,0.436455382421082,10.0,0.03,1.0,9.6,0.5,8.361338754328685,0.028477492782005256,4.768677758528845e-11,47.68677758528845,3.0,True,0.0018873156157182937,27.054001964762886,15.895592528429484
0.5,0.436455382421082,10.0,0.03,1.0,9.6,1.0,8.361338754328685,0.027032253171638716,4.526666214940473e-11,45.26666214940473,3.0,True,0.0019882181660081494,27.054001964762886,15.088887383134908
0.5,0.436455382421082,10.0,0.03,1.0,9.6,2.0,8.361338754328685,0.024358090384519047,4.078866238192481e-11,40.78866238192481,3.0,True,0.002206495500080013,27.054001964762886,13.596220793974938
0.5,0.436455382421082,10.0,0.03,1.0,9.6,5.0,8.361338754328685,0.01782075961660905,2.9841622882444145e-11,29.841622882444145,3.0,True,0.0030159217665386116,27.054001964762886,9.947207627481381
0.5,0.436455382421082,10.0,0.03,1.0,9.6,10.0,8.361338754328685,0.010585982443765466,1.7726679598584577e-11,17.726679598584578,3.0,True,0.0050770929490476175,27.054001964762886,5.908893199528192
0.5,0.436455382421082,10.0,0.03,5.0,0.8,0.5,8.361338754328685,0.016057842855569708,2.6889543493693247e-11,26.889543493693246,15.0,True,0.0167351297765819,0.9669498337829605,8.963181164564416
0.5,0.436455382421082,10.0,0.03,5.0,0.8,1.0,8.361338754328685,0.008595143905805703,1.4392935462657766e-11,14.392935462657766,15.0,False,0.03126533855220275,0.9669498337829605,4.797645154219255
0.5,0.436455382421082,10.0,0.03,5.0,0.8,2.0,8.361338754328685,0.002462549958716964,4.12364505095059e-12,4.123645050950589,15.0,False,0.10912675422834107,0.9669498337829605,1.3745483503168632
0.5,0.436455382421082,10.0,0.03,5.0,0.8,5.0,8.361338754328685,5.791362408683128e-05,9.697883630864569e-14,0.09697883630864569,15.0,False,4.640187664943989,0.9669498337829605,0.032326278769548564
0.5,0.436455382421082,10.0,0.03,5.0,0.8,10.0,8.361338754328685,1.1179959516236012e-07,1.87213195678575e-16,0.000187213195678575,15.0,False,2403.676719308834,0.9669498337829605,6.240439855952499e-05
0.5,0.436455382421082,10.0,0.03,5.0,3.0,0.5,8.361338754328685,0.02539445174671842,4.2524093733115136e-11,42.52409373311514,15.0,True,0.010582236104177519,3.626061876686102,14.174697911038379
0.5,0.436455382421082,10.0,0.03,5.0,3.0,1.0,8.361338754328685,0.021495939317213678,3.599586821261745e-11,35.99586821261745,15.0,True,0.012501434813072901,3.626061876686102,11.998622737539149
0.5,0.436455382421082,10.0,0.03,5.0,3.0,2.0,8.361338754328685,0.01540251357097776,2.579216662562818e-11,25.79216662562818,15.0,True,0.017447157756528334,3.626061876686102,8.597388875209393
0.5,0.436455382421082,10.0,0.03,5.0,3.0,5.0,8.361338754328685,0.005666268085126855,9.48840784483682e-12,9.48840784483682,15.0,False,0.04742629188782926,3.626061876686102,3.162802614945607
0.5,0.436455382421082,10.0,0.03,5.0,3.0,10.0,8.361338754328685,0.0010702198004175717,1.7921287516622051e-12,1.792128751662205,15.0,False,0.2510980305307995,3.626061876686102,0.5973762505540684
0.5,0.436455382421082,10.0,0.03,5.0,9.6,0.5,8.361338754328685,0.028477492782005256,4.768677758528845e-11,47.68677758528845,15.0,True,0.009436578078591468,11.603398005395526,15.895592528429484
0.5,0.436455382421082,10.0,0.03,5.0,9.6,1.0,8.361338754328685,0.027032253171638716,4.526666214940473e-11,45.26666214940473,15.0,True,0.009941090830040748,11.603398005395526,15.088887383134908
0.5,0.436455382421082,10.0,0.03,5.0,9.6,2.0,8.361338754328685,0.024358090384519047,4.078866238192481e-11,40.78866238192481,15.0,True,0.011032477500400066,11.603398005395526,13.596220793974938
0.5,0.436455382421082,10.0,0.03,5.0,9.6,5.0,8.361338754328685,0.01782075961660905,2.9841622882444145e-11,29.841622882444145,15.0,True,0.015079608832693058,11.603398005395526,9.947207627481381
0.5,0.436455382421082,10.0,0.03,5.0,9.6,10.0,8.361338754328685,0.010585982443765466,1.7726679598584577e-11,17.726679598584578,15.0,True,0.025385464745238083,11.603398005395526,5.908893199528192
0.5,0.436455382421082,10.0,0.03,10.0,0.8,0.5,8.361338754328685,0.016057842855569708,2.6889543493693247e-11,26.889543493693246,30.0,False,0.0334702595531638,0.4124320893350042,8.963181164564416
0.5,0.436455382421082,10.0,0.03,10.0,0.8,1.0,8.361338754328685,0.008595143905805703,1.4392935462657766e-11,14.392935462657766,30.0,False,0.0625306771044055,0.4124320893350042,4.797645154219255
0.5,0.436455382421082,10.0,0.03,10.0,0.8,2.0,8.361338754328685,0.002462549958716964,4.12364505095059e-12,4.123645050950589,30.0,False,0.21825350845668215,0.4124320893350042,1.3745483503168632
0.5,0.436455382421082,10.0,0.03,10.0,0.8,5.0,8.361338754328685,5.791362408683128e-05,9.697883630864569e-14,0.09697883630864569,30.0,False,9.280375329887978,0.4124320893350042,0.032326278769548564
0.5,0.436455382421082,10.0,0.03,10.0,0.8,10.0,8.361338754328685,1.1179959516236012e-07,1.87213195678575e-16,0.000187213195678575,30.0,False,4807.353438617668,0.4124320893350042,6.240439855952499e-05
0.5,0.436455382421082,10.0,0.03,10.0,3.0,0.5,8.361338754328685,0.02539445174671842,4.2524093733115136e-11,42.52409373311514,30.0,True,0.021164472208355038,1.5466203350062657,14.174697911038379
0.5,0.436455382421082,10.0,0.03,10.0,3.0,1.0,8.361338754328685,0.021495939317213678,3.599586821261745e-11,35.99586821261745,30.0,True,0.025002869626145802,1.5466203350062657,11.998622737539149
0.5,0.436455382421082,10.0,0.03,10.0,3.0,2.0,8.361338754328685,0.01540251357097776,2.579216662562818e-11,25.79216662562818,30.0,False,0.03489431551305667,1.5466203350062657,8.597388875209393
0.5,0.436455382421082,10.0,0.03,10.0,3.0,5.0,8.361338754328685,0.005666268085126855,9.48840784483682e-12,9.48840784483682,30.0,False,0.09485258377565851,1.5466203350062657,3.162802614945607
0.5,0.436455382421082,10.0,0.03,10.0,3.0,10.0,8.361338754328685,0.0010702198004175717,1.7921287516622051e-12,1.792128751662205,30.0,False,0.502196061061599,1.5466203350062657,0.5973762505540684
0.5,0.436455382421082,10.0,0.03,10.0,9.6,0.5,8.361338754328685,0.028477492782005256,4.768677758528845e-11,47.68677758528845,30.0,True,0.018873156157182935,4.94918507202005,15.895592528429484
0.5,0.436455382421082,10.0,0.03,10.0,9.6,1.0,8.361338754328685,0.027032253171638716,4.526666214940473e-11,45.26666214940473,30.0,True,0.019882181660081495,4.94918507202005,15.088887383134908
0.5,0.436455382421082,10.0,0.03,10.0,9.6,2.0,8.361338754328685,0.024358090384519047,4.078866238192481e-11,40.78866238192481,30.0,True,0.02206495500080013,4.94918507202005,13.596220793974938
0.5,0.436455382421082,10.0,0.03,10.0,9.6,5.0,8.361338754328685,0.01782075961660905,2.9841622882444145e-11,29.841622882444145,30.0,False,0.030159217665386116,4.94918507202005,9.947207627481381
0.5,0.436455382421082,10.0,0.03,10.0,9.6,10.0,8.361338754328685,0.010585982443765466,1.7726679598584577e-11,17.726679598584578,30.0,False,0.050770929490476166,4.94918507202005,5.908893199528192
0.5,0.436455382421082,10.0,0.03,50.0,0.8,0.5,8.361338754328685,0.016057842855569708,2.6889543493693247e-11,26.889543493693246,150.0,False,0.16735129776581903,0.0,8.963181164564416
0.5,0.436455382421082,10.0,0.03,50.0,0.8,1.0,8.361338754328685,0.008595143905805703,1.4392935462657766e-11,14.392935462657766,150.0,False,0.3126533855220275,0.0,4.797645154219255
0.5,0.436455382421082,10.0,0.03,50.0,0.8,2.0,8.361338754328685,0.002462549958716964,4.12364505095059e-12,4.123645050950589,150.0,False,1.0912675422834106,0.0,1.3745483503168632
0.5,0.436455382421082,10.0,0.03,50.0,0.8,5.0,8.361338754328685,5.791362408683128e-05,9.697883630864569e-14,0.09697883630864569,150.0,False,46.40187664943989,0.0,0.032326278769548564
0.5,0.436455382421082,10.0,0.03,50.0,0.8,10.0,8.361338754328685,1.1179959516236012e-07,1.87213195678575e-16,0.000187213195678575,150.0,False,24036.76719308834,0.0,6.240439855952499e-05
0.5,0.436455382421082,10.0,0.03,50.0,3.0,0.5,8.361338754328685,0.02539445174671842,4.2524093733115136e-11,42.52409373311514,150.0,False,0.10582236104177518,0.0,14.174697911038379
0.5,0.436455382421082,10.0,0.03,50.0,3.0,1.0,8.361338754328685,0.021495939317213678,3.599586821261745e-11,35.99586821261745,150.0,False,0.125014348130729,0.0,11.998622737539149
0.5,0.436455382421082,10.0,0.03,50.0,3.0,2.0,8.361338754328685,0.01540251357097776,2.579216662562818e-11,25.79216662562818,150.0,False,0.17447157756528336,0.0,8.597388875209393
0.5,0.436455382421082,10.0,0.03,50.0,3.0,5.0,8.361338754328685,0.005666268085126855,9.48840784483682e-12,9.48840784483682,150.0,False,0.4742629188782926,0.0,3.162802614945607
0.5,0.436455382421082,10.0,0.03,50.0,3.0,10.0,8.361338754328685,0.0010702198004175717,1.7921287516622051e-12,1.792128751662205,150.0,False,2.510980305307995,0.0,0.5973762505540684
0.5,0.436455382421082,10.0,0.03,50.0,9.6,0.5,8.361338754328685,0.028477492782005256,4.768677758528845e-11,47.68677758528845,150.0,False,0.09436578078591468,0.0,15.895592528429484
0.5,0.436455382421082,10.0,0.03,50.0,9.6,1.0,8.361338754328685,0.027032253171638716,4.526666214940473e-11,45.26666214940473,150.0,False,0.09941090830040747,0.0,15.088887383134908
0.5,0.436455382421082,10.0,0.03,50.0,9.6,2.0,8.361338754328685,0.024358090384519047,4.078866238192481e-11,40.78866238192481,150.0,False,0.11032477500400065,0.0,13.596220793974938
0.5,0.436455382421082,10.0,0.03,50.0,9.6,5.0,8.361338754328685,0.01782075961660905,2.9841622882444145e-11,29.841622882444145,150.0,False,0.1507960883269306,0.0,9.947207627481381
0.5,0.436455382421082,10.0,0.03,50.0,9.6,10.0,8.361338754328685,0.010585982443765466,1.7726679598584577e-11,17.726679598584578,150.0,False,0.25385464745238084,0.0,5.908893199528192
0.5,0.436455382421082,10.0,0.03,100.0,0.8,0.5,8.361338754328685,0.016057842855569708,2.6889543493693247e-11,26.889543493693246,300.0,False,0.33470259553163806,0.0,8.963181164564416
0.5,0.436455382421082,10.0,0.03,100.0,0.8,1.0,8.361338754328685,0.008595143905805703,1.4392935462657766e-11,14.392935462657766,300.0,False,0.625306771044055,0.0,4.797645154219255
0.5,0.436455382421082,10.0,0.03,100.0,0.8,2.0,8.361338754328685,0.002462549958716964,4.12364505095059e-12,4.123645050950589,300.0,False,2.182535084566821,0.0,1.3745483503168632
0.5,0.436455382421082,10.0,0.03,100.0,0.8,5.0,8.361338754328685,5.791362408683128e-05,9.697883630864569e-14,0.09697883630864569,300.0,False,92.80375329887978,0.0,0.032326278769548564
0.5,0.436455382421082,10.0,0.03,100.0,0.8,10.0,8.361338754328685,1.1179959516236012e-07,1.87213195678575e-16,0.000187213195678575,300.0,False,48073.53438617668,0.0,6.240439855952499e-05
0.5,0.436455382421082,10.0,0.03,100.0,3.0,0.5,8.361338754328685,0.02539445174671842,4.2524093733115136e-11,42.52409373311514,300.0,False,0.21164472208355037,0.0,14.174697911038379
0.5,0.436455382421082,10.0,0.03,100.0,3.0,1.0,8.361338754328685,0.021495939317213678,3.599586821261745e-11,35.99586821261745,300.0,False,0.250028696261458,0.0,11.998622737539149
0.5,0.436455382421082,10.0,0.03,100.0,3.0,2.0,8.361338754328685,0.01540251357097776,2.579216662562818e-11,25.79216662562818,300.0,False,0.34894315513056673,0.0,8.597388875209393
0.5,0.436455382421082,10.0,0.03,100.0,3.0,5.0,8.361338754328685,0.005666268085126855,9.48840784483682e-12,9.48840784483682,300.0,False,0.9485258377565852,0.0,3.162802614945607
0.5,0.436455382421082,10.0,0.03,100.0,3.0,10.0,8.361338754328685,0.0010702198004175717,1.7921287516622051e-12,1.792128751662205,300.0,False,5.02196061061599,0.0,0.5973762505540684
0.5,0.436455382421082,10.0,0.03,100.0,9.6,0.5,8.361338754328685,0.028477492782005256,4.768677758528845e-11,47.68677758528845,300.0,False,0.18873156157182935,0.0,15.895592528429484
0.5,0.436455382421082,10.0,0.03,100.0,9.6,1.0,8.361338754328685,0.027032253171638716,4.526666214940473e-11,45.26666214940473,300.0,False,0.19882181660081494,0.0,15.088887383134908
0.5,0.436455382421082,10.0,0.03,100.0,9.6,2.0,8.361338754328685,0.024358090384519047,4.078866238192481e-11,40.78866238192481,300.0,False,0.2206495500080013,0.0,13.596220793974938
0.5,0.436455382421082,10.0,0.03,100.0,9.6,5.0,8.361338754328685,0.01782075961660905,2.9841622882444145e-11,29.841622882444145,300.0,False,0.3015921766538612,0.0,9.947207627481381
0.5,0.436455382421082,10.0,0.03,100.0,9.6,10.0,8.361338754328685,0.010585982443765466,1.7726679598584577e-11,17.726679598584578,300.0,False,0.5077092949047617,0.0,5.908893199528192
0.5,0.436455382421082,10.0,0.1,1.0,0.8,0.5,8.361338754328685,0.05352614285189903,8.963181164564417e-11,89.63181164564416,3.0,True,0.0033470259553163807,3.2176784071909896,29.877270548548054
0.5,0.436455382421082,10.0,0.1,1.0,0.8,1.0,8.361338754328685,0.028650479686019012,4.797645154219256e-11,47.97645154219256,3.0,True,0.00625306771044055,3.2176784071909896,15.992150514064186
0.5,0.436455382421082,10.0,0.1,1.0,0.8,2.0,8.361338754328685,0.008208499862389881,1.3745483503168635e-11,13.745483503168634,3.0,True,0.021825350845668216,3.2176784071909896,4.581827834389545
0.5,0.436455382421082,10.0,0.1,1.0,0.8,5.0,8.361338754328685,0.00019304541362277094,3.2326278769548566e-13,0.32326278769548566,3.0,False,0.9280375329887979,3.2176784071909896,0.10775426256516189
0.5,0.436455382421082,10.0,0.1,1.0,0.8,10.0,8.361338754328685,3.726653172078671e-07,6.240439855952501e-16,0.0006240439855952502,3.0,False,480.7353438617668,3.2176784071909896,0.00020801466186508337
0.5,0.436455382421082,10.0,0.1,1.0,3.0,0.5,8.361338754328685,0.08464817248906142,1.417469791103838e-10,141.74697911038382,3.0,True,0.002116447220835504,12.06629402696621,47.2489930367946
0.5,0.436455382421082,10.0,0.1,1.0,3.0,1.0,8.361338754328685,0.07165313105737893,1.199862273753915e-10,119.98622737539151,3.0,True,0.00250028696261458,12.06629402696621,39.9954091251305
0.5,0.436455382421082,10.0,0.1,1.0,3.0,2.0,8.361338754328685,0.0513417119032592,8.597388875209395e-11,85.97388875209396,3.0,True,0.0034894315513056672,12.06629402696621,28.65796291736465
0.5,0.436455382421082,10.0,0.1,1.0,3.0,5.0,8.361338754328685,0.018887560283756183,3.162802614945607e-11,31.62802614945607,3.0,True,0.009485258377565852,12.06629402696621,10.542675383152023
0.5,0.436455382421082,10.0,0.1,1.0,3.0,10.0,8.361338754328685,0.0035673993347252395,5.973762505540685e-12,5.973762505540685,3.0,True,0.0502196061061599,12.06629402696621,1.9912541685135614
0.5,0.436455382421082,10.0,0.1,1.0,9.6,0.5,8.361338754328685,0.09492497594001753,1.5895592528429485e-10,158.95592528429484,3.0,True,0.0018873156157182937,38.61214088629187,52.98530842809828
0.5,0.436455382421082,10.0,0.1,1.0,9.6,1.0,8.361338754328685,0.09010751057212907,1.5088887383134914e-10,150.88887383134914,3.0,True,0.0019882181660081494,38.61214088629187,50.296291277116374
0.5,0.436455382421082,10.0,0.1,1.0,9.6,2.0,8.361338754328685,0.0811936346150635,1.3596220793974938e-10,135.96220793974936,3.0,True,0.002206495500080013,38.61214088629187,45.320735979916456
0.5,0.436455382421082,10.0,0.1,1.0,9.6,5.0,8.361338754328685,0.0594025320553635,9.947207627481382e-11,99.47207627481382,3.0,True,0.0030159217665386116,38.61214088629187,33.15735875827127
0.5,0.436455382421082,10.0,0.1,1.0,9.6,10.0,8.361338754328685,0.03528660814588489,5.908893199528192e-11,59.08893199528192,3.0,True,0.0050770929490476175,38.61214088629187,19.696310665093975
0.5,0.436455382421082,10.0,0.1,5.0,0.8,0.5,8.361338754328685,0.05352614285189903,8.963181164564417e-11,89.63181164564416,15.0,True,0.0167351297765819,1.9301280772437093,29.877270548548054
0.5,0.436455382421082,10.0,0.1,5.0,0.8,1.0,8.361338754328685,0.028650479686019012,4.797645154219256e-11,47.97645154219256,15.0,True,0.03126533855220275,1.9301280772437093,15.992150514064186
0.5,0.436455382421082,10.0,0.1,5.0,0.8,2.0,8.361338754328685,0.008208499862389881,1.3745483503168635e-11,13.745483503168634,15.0,False,0.10912675422834107,1.9301280772437093,4.581827834389545
0.5,0.436455382421082,10.0,0.1,5.0,0.8,5.0,8.361338754328685,0.00019304541362277094,3.2326278769548566e-13,0.32326278769548566,15.0,False,4.640187664943989,1.9301280772437093,0.10775426256516189
0.5,0.436455382421082,10.0,0.1,5.0,0.8,10.0,8.361338754328685,3.726653172078671e-07,6.240439855952501e-16,0.0006240439855952502,15.0,False,2403.676719308834,1.9301280772437093,0.00020801466186508337
0.5,0.436455382421082,10.0,0.1,5.0,3.0,0.5,8.361338754328685,0.08464817248906142,1.417469791103838e-10,141.74697911038382,15.0,True,0.010582236104177519,7.237980289663909,47.2489930367946
0.5,0.436455382421082,10.0,0.1,5.0,3.0,1.0,8.361338754328685,0.07165313105737893,1.199862273753915e-10,119.98622737539151,15.0,True,0.012501434813072901,7.237980289663909,39.9954091251305
0.5,0.436455382421082,10.0,0.1,5.0,3.0,2.0,8.361338754328685,0.0513417119032592,8.597388875209395e-11,85.97388875209396,15.0,True,0.017447157756528334,7.237980289663909,28.65796291736465
0.5,0.436455382421082,10.0,0.1,5.0,3.0,5.0,8.361338754328685,0.018887560283756183,3.162802614945607e-11,31.62802614945607,15.0,True,0.04742629188782926,7.237980289663909,10.542675383152023
0.5,0.436455382421082,10.0,0.1,5.0,3.0,10.0,8.361338754328685,0.0035673993347252395,5.973762505540685e-12,5.973762505540685,15.0,False,0.2510980305307995,7.237980289663909,1.9912541685135614
0.5,0.436455382421082,10.0,0.1,5.0,9.6,0.5,8.361338754328685,0.09492497594001753,1.5895592528429485e-10,158.95592528429484,15.0,True,0.009436578078591468,23.16153692692451,52.98530842809828
0.5,0.436455382421082,10.0,0.1,5.0,9.6,1.0,8.361338754328685,0.09010751057212907,1.5088887383134914e-10,150.88887383134914,15.0,True,0.009941090830040748,23.16153692692451,50.296291277116374
0.5,0.436455382421082,10.0,0.1,5.0,9.6,2.0,8.361338754328685,0.0811936346150635,1.3596220793974938e-10,135.96220793974936,15.0,True,0.011032477500400066,23.16153692692451,45.320735979916456
0.5,0.436455382421082,10.0,0.1,5.0,9.6,5.0,8.361338754328685,0.0594025320553635,9.947207627481382e-11,99.47207627481382,15.0,True,0.015079608832693058,23.16153692692451,33.15735875827127
0.5,0.436455382421082,10.0,0.1,5.0,9.6,10.0,8.361338754328685,0.03528660814588489,5.908893199528192e-11,59.08893199528192,15.0,True,0.025385464745238083,23.16153692692451,19.696310665093975
0.5,0.436455382421082,10.0,0.1,10.0,0.8,0.5,8.361338754328685,0.05352614285189903,8.963181164564417e-11,89.63181164564416,30.0,True,0.0334702595531638,1.3756103327957532,29.877270548548054
0.5,0.436455382421082,10.0,0.1,10.0,0.8,1.0,8.361338754328685,0.028650479686019012,4.797645154219256e-11,47.97645154219256,30.0,True,0.0625306771044055,1.3756103327957532,15.992150514064186
0.5,0.436455382421082,10.0,0.1,10.0,0.8,2.0,8.361338754328685,0.008208499862389881,1.3745483503168635e-11,13.745483503168634,30.0,False,0.21825350845668215,1.3756103327957532,4.581827834389545
0.5,0.436455382421082,10.0,0.1,10.0,0.8,5.0,8.361338754328685,0.00019304541362277094,3.2326278769548566e-13,0.32326278769548566,30.0,False,9.280375329887978,1.3756103327957532,0.10775426256516189
0.5,0.436455382421082,10.0,0.1,10.0,0.8,10.0,8.361338754328685,3.726653172078671e-07,6.240439855952501e-16,0.0006240439855952502,30.0,False,4807.353438617668,1.3756103327957532,0.00020801466186508337
0.5,0.436455382421082,10.0,0.1,10.0,3.0,0.5,8.361338754328685,0.08464817248906142,1.417469791103838e-10,141.74697911038382,30.0,True,0.021164472208355038,5.158538747984074,47.2489930367946
0.5,0.436455382421082,10.0,0.1,10.0,3.0,1.0,8.361338754328685,0.07165313105737893,1.199862273753915e-10,119.98622737539151,30.0,True,0.025002869626145802,5.158538747984074,39.9954091251305
0.5,0.436455382421082,10.0,0.1,10.0,3.0,2.0,8.361338754328685,0.0513417119032592,8.597388875209395e-11,85.97388875209396,30.0,True,0.03489431551305667,5.158538747984074,28.65796291736465
0.5,0.436455382421082,10.0,0.1,10.0,3.0,5.0,8.361338754328685,0.018887560283756183,3.162802614945607e-11,31.62802614945607,30.0,True,0.09485258377565851,5.158538747984074,10.542675383152023
0.5,0.436455382421082,10.0,0.1,10.0,3.0,10.0,8.361338754328685,0.0035673993347252395,5.973762505540685e-12,5.973762505540685,30.0,False,0.502196061061599,5.158538747984074,1.9912541685135614
0.5,0.436455382421082,10.0,0.1,10.0,9.6,0.5,8.361338754328685,0.09492497594001753,1.5895592528429485e-10,158.95592528429484,30.0,True,0.018873156157182935,16.507323993549036,52.98530842809828
0.5,0.436455382421082,10.0,0.1,10.0,9.6,1.0,8.361338754328685,0.09010751057212907,1.5088887383134914e-10,150.88887383134914,30.0,True,0.019882181660081495,16.507323993549036,50.296291277116374
0.5,0.436455382421082,10.0,0.1,10.0,9.6,2.0,8.361338754328685,0.0811936346150635,1.3596220793974938e-10,135.96220793974936,30.0,True,0.02206495500080013,16.507323993549036,45.320735979916456
0.5,0.436455382421082,10.0,0.1,10.0,9.6,5.0,8.361338754328685,0.0594025320553635,9.947207627481382e-11,99.47207627481382,30.0,True,0.030159217665386116,16.507323993549036,33.15735875827127
0.5,0.436455382421082,10.0,0.1,10.0,9.6,10.0,8.361338754328685,0.03528660814588489,5.908893199528192e-11,59.08893199528192,30.0,True,0.050770929490476166,16.507323993549036,19.696310665093975
0.5,0.436455382421082,10.0,0.1,50.0,0.8,0.5,8.361338754328685,0.05352614285189903,8.963181164564417e-11,89.63181164564416,150.0,False,0.16735129776581903,0.08806000284847278,29.877270548548054
0.5,0.436455382421082,10.0,0.1,50.0,0.8,1.0,8.361338754328685,0.028650479686019012,4.797645154219256e-11,47.97645154219256,150.0,False,0.3126533855220275,0.08806000284847278,15.992150514064186
0.5,0.436455382421082,10.0,0.1,50.0,0.8,2.0,8.361338754328685,0.008208499862389881,1.3745483503168635e-11,13.745483503168634,150.0,False,1.0912675422834106,0.08806000284847278,4.581827834389545
0.5,0.436455382421082,10.0,0.1,50.0,0.8,5.0,8.361338754328685,0.00019304541362277094,3.2326278769548566e-13,0.32326278769548566,150.0,False,46.40187664943989,0.08806000284847278,0.10775426256516189
0.5,0.436455382421082,10.0,0.1,50.0,0.8,10.0,8.361338754328685,3.726653172078671e-07,6.240439855952501e-16,0.0006240439855952502,150.0,False,24036.76719308834,0.08806000284847278,0.00020801466186508337
0.5,0.436455382421082,10.0,0.1,50.0,3.0,0.5,8.361338754328685,0.08464817248906142,1.417469791103838e-10,141.74697911038382,150.0,False,0.10582236104177518,0.3302250106817729,47.2489930367946
0.5,0.436455382421082,10.0,0.1,50.0,3.0,1.0,8.361338754328685,0.07165313105737893,1.199862273753915e-10,119.98622737539151,150.0,False,0.125014348130729,0.3302250106817729,39.9954091251305
0.5,0.436455382421082,10.0,0.1,50.0,3.0,2.0,8.361338754328685,0.0513417119032592,8.597388875209395e-11,85.97388875209396,150.0,False,0.17447157756528336,0.3302250106817729,28.65796291736465
0.5,0.436455382421082,10.0,0.1,50.0,3.0,5.0,8.361338754328685,0.018887560283756183,3.162802614945607e-11,31.62802614945607,150.0,False,0.4742629188782926,0.3302250106817729,10.542675383152023
0.5,0.436455382421082,10.0,0.1,50.0,3.0,10.0,8.361338754328685,0.0035673993347252395,5.973762505540685e-12,5.973762505540685,150.0,False,2.510980305307995,0.3302250106817729,1.9912541685135614
0.5,0.436455382421082,10.0,0.1,50.0,9.6,0.5,8.361338754328685,0.09492497594001753,1.5895592528429485e-10,158.95592528429484,150.0,True,0.09436578078591468,1.0567200341816732,52.98530842809828
0.5,0.436455382421082,10.0,0.1,50.0,9.6,1.0,8.361338754328685,0.09010751057212907,1.5088887383134914e-10,150.88887383134914,150.0,True,0.09941090830040747,1.0567200341816732,50.296291277116374
0.5,0.436455382421082,10.0,0.1,50.0,9.6,2.0,8.361338754328685,0.0811936346150635,1.3596220793974938e-10,135.96220793974936,150.0,False,0.11032477500400065,1.0567200341816732,45.320735979916456
0.5,0.436455382421082,10.0,0.1,50.0,9.6,5.0,8.361338754328685,0.0594025320553635,9.947207627481382e-11,99.47207627481382,150.0,False,0.1507960883269306,1.0567200341816732,33.15735875827127
0.5,0.436455382421082,10.0,0.1,50.0,9.6,10.0,8.361338754328685,0.03528660814588489,5.908893199528192e-11,59.08893199528192,150.0,False,0.25385464745238084,1.0567200341816732,19.696310665093975
0.5,0.436455382421082,10.0,0.1,100.0,0.8,0.5,8.361338754328685,0.05352614285189903,8.963181164564417e-11,89.63181164564416,300.0,False,0.33470259553163806,0.0,29.877270548548054
0.5,0.436455382421082,10.0,0.1,100.0,0.8,1.0,8.361338754328685,0.028650479686019012,4.797645154219256e-11,47.97645154219256,300.0,False,0.625306771044055,0.0,15.992150514064186
0.5,0.436455382421082,10.0,0.1,100.0,0.8,2.0,8.361338754328685,0.008208499862389881,1.3745483503168635e-11,13.745483503168634,300.0,False,2.182535084566821,0.0,4.581827834389545
0.5,0.436455382421082,10.0,0.1,100.0,0.8,5.0,8.361338754328685,0.00019304541362277094,3.2326278769548566e-13,0.32326278769548566,300.0,False,92.80375329887978,0.0,0.10775426256516189
0.5,0.436455382421082,10.0,0.1,100.0,0.8,10.0,8.361338754328685,3.726653172078671e-07,6.240439855952501e-16,0.0006240439855952502,300.0,False,48073.53438617668,0.0,0.00020801466186508337
0.5,0.436455382421082,10.0,0.1,100.0,3.0,0.5,8.361338754328685,0.08464817248906142,1.417469791103838e-10,141.74697911038382,300.0,False,0.21164472208355037,0.0,47.2489930367946
0.5,0.436455382421082,10.0,0.1,100.0,3.0,1.0,8.361338754328685,0.07165313105737893,1.199862273753915e-10,119.98622737539151,300.0,False,0.250028696261458,0.0,39.9954091251305
0.5,0.436455382421082,10.0,0.1,100.0,3.0,2.0,8.361338754328685,0.0513417119032592,8.597388875209395e-11,85.97388875209396,300.0,False,0.34894315513056673,0.0,28.65796291736465
0.5,0.436455382421082,10.0,0.1,100.0,3.0,5.0,8.361338754328685,0.018887560283756183,3.162802614945607e-11,31.62802614945607,300.0,False,0.9485258377565852,0.0,10.542675383152023
0.5,0.436455382421082,10.0,0.1,100.0,3.0,10.0,8.361338754328685,0.0035673993347252395,5.973762505540685e-12,5.973762505540685,300.0,False,5.02196061061599,0.0,1.9912541685135614
0.5,0.436455382421082,10.0,0.1,100.0,9.6,0.5,8.361338754328685,0.09492497594001753,1.5895592528429485e-10,158.95592528429484,300.0,False,0.18873156157182935,0.0,52.98530842809828
0.5,0.436455382421082,10.0,0.1,100.0,9.6,1.0,8.361338754328685,0.09010751057212907,1.5088887383134914e-10,150.88887383134914,300.0,False,0.19882181660081494,0.0,50.296291277116374
0.5,0.436455382421082,10.0,0.1,100.0,9.6,2.0,8.361338754328685,0.0811936346150635,1.3596220793974938e-10,135.96220793974936,300.0,False,0.2206495500080013,0.0,45.320735979916456
0.5,0.436455382421082,10.0,0.1,100.0,9.6,5.0,8.361338754328685,0.0594025320553635,9.947207627481382e-11,99.47207627481382,300.0,False,0.3015921766538612,0.0,33.15735875827127
0.5,0.436455382421082,10.0,0.1,100.0,9.6,10.0,8.361338754328685,0.03528660814588489,5.908893199528192e-11,59.08893199528192,300.0,False,0.5077092949047617,0.0,19.696310665093975
0.5,0.436455382421082,100.0,0.01,1.0,0.8,0.5,0.8688353099937532,0.005352614285189903,9.313733738646666e-13,0.9313733738646666,3.0,False,0.03221049778942807,0.0,0.3104577912882222
0.5,0.436455382421082,100.0,0.01,1.0,0.8,1.0,0.8688353099937532,0.002865047968601901,4.985282425793528e-13,0.49852824257935285,3.0,False,0.06017713228197853,0.0,0.16617608085978428
0.5,0.436455382421082,100.0,0.01,1.0,0.8,2.0,0.8688353099937532,0.0008208499862389881,1.428307328692651e-13,0.1428307328692651,3.0,False,0.21003882986065336,0.0,0.047610244289755035
0.5,0.436455382421082,100.0,0.01,1.0,0.8,5.0,0.8688353099937532,1.9304541362277093e-05,3.3590568760469028e-15,0.003359056876046903,3.0,False,8.931078307702078,0.0,0.0011196856253489677
0.5,0.436455382421082,100.0,0.01,1.0,0.8,10.0,0.8688353099937532,3.726653172078671e-08,6.4845052401888705e-18,6.4845052401888704e-06,3.0,False,4626.41310150691,0.0,2.1615017467296233e-06
0.5,0.436455382421082,100.0,0.01,1.0,3.0,0.5,0.8688353099937532,0.008464817248906142,1.4729074392816682e-12,1.4729074392816683,3.0,False,0.020367878659524524,0.0,0.4909691464272227
0.5,0.436455382421082,100.0,0.01,1.0,3.0,1.0,0.8688353099937532,0.007165313105737893,1.2467892298073638e-12,1.2467892298073637,3.0,False,0.02406180554241327,0.0,0.41559640993578795
0.5,0.436455382421082,100.0,0.01,1.0,3.0,2.0,0.8688353099937532,0.005134171190325921,8.933635208431558e-13,0.8933635208431557,3.0,False,0.0335809547849973,0.0,0.2977878402810519
0.5,0.436455382421082,100.0,0.01,1.0,3.0,5.0,0.8688353099937532,0.0018887560283756184,3.286500728107323e-13,0.3286500728107323,3.0,False,0.09128249917436297,0.0,0.10955002427024409
0.5,0.436455382421082,100.0,0.01,1.0,3.0,10.0,0.8688353099937532,0.00035673993347252396,6.207398062473565e-14,0.06207398062473565,3.0,False,0.4832942836607035,0.0,0.020691326874911885
0.5,0.436455382421082,100.0,0.01,1.0,9.6,0.5,0.8688353099937532,0.009492497594001751,1.6517273689960965e-12,1.6517273689960965,3.0,False,0.018162803718772123,0.0,0.5505757896653656
0.5,0.436455382421082,100.0,0.01,1.0,9.6,1.0,0.8688353099937532,0.009010751057212905,1.567901807614229e-12,1.567901807614229,3.0,False,0.019133851274557166,0.0,0.5226339358714097
0.5,0.436455382421082,100.0,0.01,1.0,9.6,2.0,0.8688353099937532,0.00811936346150635,1.412797287056594e-12,1.4127972870565941,3.0,False,0.021234468861772566,0.0,0.4709324290188647
0.5,0.436455382421082,100.0,0.01,1.0,9.6,5.0,0.8688353099937532,0.0059402532055363505,1.0336245757440193e-12,1.0336245757440192,3.0,False,0.029024077700944298,0.0,0.34454152524800646
0.5,0.436455382421082,100.0,0.01,1.0,9.6,10.0,0.8688353099937532,0.003528660814588489,6.139991699384561e-13,0.6139991699384562,3.0,False,0.048860000906853066,0.0,0.20466638997948539
0.5,0.436455382421082,100.0,0.01,5.0,0.8,0.5,0.8688353099937532,0.005352614285189903,9.313733738646666e-13,0.9313733738646666,15.0,False,0.16105248894714033,0.0,0.3104577912882222
0.5,0.436455382421082,100.0,0.01,5.0,0.8,1.0,0.8688353099937532,0.002865047968601901,4.985282425793528e-13,0.49852824257935285,15.0,False,0.30088566140989265,0.0,0.16617608085978428
0.5,0.436455382421082,100.0,0.01,5.0,0.8,2.0,0.8688353099937532,0.0008208499862389881,1.428307328692651e-13,0.1428307328692651,15.0,False,1.0501941493032667,0.0,0.047610244289755035
0.5,0.436455382421082,100.0,0.01,5.0,0.8,5.0,0.8688353099937532,1.9304541362277093e-05,3.3590568760469028e-15,0.003359056876046903,15.0,False,44.655391538510386,0.0,0.0011196856253489677
0.5,0.436455382421082,100.0,0.01,5.0,0.8,10.0,0.8688353099937532,3.726653172078671e-08,6.4845052401888705e-18,6.4845052401888704e-06,15.0,False,23132.065507534546,0.0,2.1615017467296233e-06
0.5,0.436455382421082,100.0,0.01,5.0,3.0,0.5,0.8688353099937532,0.008464817248906142,1.4729074392816682e-12,1.4729074392816683,15.0,False,0.10183939329762261,0.0,0.4909691464272227
0.5,0.436455382421082,100.0,0.01,5.0,3.0,1.0,0.8688353099937532,0.007165313105737893,1.2467892298073638e-12,1.2467892298073637,15.0,False,0.12030902771206635,0.0,0.41559640993578795
0.5,0.436455382421082,100.0,0.01,5.0,3.0,2.0,0.8688353099937532,0.005134171190325921,8.933635208431558e-13,0.8933635208431557,15.0,False,0.16790477392498648,0.0,0.2977878402810519
0.5,0.436455382421082,100.0,0.01,5.0,3.0,5.0,0.8688353099937532,0.0018887560283756184,3.286500728107323e-13,0.3286500728107323,15.0,False,0.4564124958718148,0.0,0.10955002427024409
0.5,0.436455382421082,100.0,0.01,5.0,3.0,10.0,0.8688353099937532,0.00035673993347252396,6.207398062473565e-14,0.06207398062473565,15.0,False,2.416471418303517,0.0,0.020691326874911885
0.5,0.436455382421082,100.0,0.01,5.0,9.6,0.5,0.8688353099937532,0.009492497594001751,1.6517273689960965e-12,1.6517273689960965,15.0,False,0.09081401859386061,0.0,0.5505757896653656
0.5,0.436455382421082,100.0,0.01,5.0,9.6,1.0,0.8688353099937532,0.009010751057212905,1.567901807614229e-12,1.567901807614229,15.0,False,0.09566925637278582,0.0,0.5226339358714097
0.5,0.436455382421082,100.0,0.01,5.0,9.6,2.0,0.8688353099937532,0.00811936346150635,1.412797287056594e-12,1.4127972870565941,15.0,False,0.10617234430886281,0.0,0.4709324290188647
0.5,0.436455382421082,100.0,0.01,5.0,9.6,5.0,0.8688353099937532,0.0059402532055363505,1.0336245757440193e-12,1.0336245757440192,15.0,False,0.14512038850472148,0.0,0.34454152524800646
0.5,0.436455382421082,100.0,0.01,5.0,9.6,10.0,0.8688353099937532,0.003528660814588489,6.139991699384561e-13,0.6139991699384562,15.0,False,0.2443000045342653,0.0,0.20466638997948539
0.5,0.436455382421082,100.0,0.01,10.0,0.8,0.5,0.8688353099937532,0.005352614285189903,9.313733738646666e-13,0.9313733738646666,30.0,False,0.32210497789428066,0.0,0.3104577912882222
0.5,0.436455382421082,100.0,0.01,10.0,0.8,1.0,0.8688353099937532,0.002865047968601901,4.985282425793528e-13,0.49852824257935285,30.0,False,0.6017713228197853,0.0,0.16617608085978428
0.5,0.436455382421082,100.0,0.01,10.0,0.8,2.0,0.8688353099937532,0.0008208499862389881,1.428307328692651e-13,0.1428307328692651,30.0,False,2.1003882986065334,0.0,0.047610244289755035
0.5,0.436455382421082,100.0,0.01,10.0,0.8,5.0,0.8688353099937532,1.9304541362277093e-05,3.3590568760469028e-15,0.003359056876046903,30.0,False,89.31078307702077,0.0,0.0011196856253489677
0.5,0.436455382421082,100.0,0.01,10.0,0.8,10.0,0.8688353099937532,3.726653172078671e-08,6.4845052401888705e-18,6.4845052401888704e-06,30.0,False,46264.13101506909,0.0,2.1615017467296233e-06
0.5,0.436455382421082,100.0,0.01,10.0,3.0,0.5,0.8688353099937532,0.008464817248906142,1.4729074392816682e-12,1.4729074392816683,30.0,False,0.20367878659524521,0.0,0.4909691464272227
0.5,0.436455382421082,100.0,0.01,10.0,3.0,1.0,0.8688353099937532,0.007165313105737893,1.2467892298073638e-12,1.2467892298073637,30.0,False,0.2406180554241327,0.0,0.41559640993578795
0.5,0.436455382421082,100.0,0.01,10.0,3.0,2.0,0.8688353099937532,0.005134171190325921,8.933635208431558e-13,0.8933635208431557,30.0,False,0.33580954784997297,0.0,0.2977878402810519
0.5,0.436455382421082,100.0,0.01,10.0,3.0,5.0,0.8688353099937532,0.0018887560283756184,3.286500728107323e-13,0.3286500728107323,30.0,False,0.9128249917436296,0.0,0.10955002427024409
0.5,0.436455382421082,100.0,0.01,10.0,3.0,10.0,0.8688353099937532,0.00035673993347252396,6.207398062473565e-14,0.06207398062473565,30.0,False,4.832942836607034,0.0,0.020691326874911885
0.5,0.436455382421082,100.0,0.01,10.0,9.6,0.5,0.8688353099937532,0.009492497594001751,1.6517273689960965e-12,1.6517273689960965,30.0,False,0.18162803718772122,0.0,0.5505757896653656
0.5,0.436455382421082,100.0,0.01,10.0,9.6,1.0,0.8688353099937532,0.009010751057212905,1.567901807614229e-12,1.567901807614229,30.0,False,0.19133851274557165,0.0,0.5226339358714097
0.5,0.436455382421082,100.0,0.01,10.0,9.6,2.0,0.8688353099937532,0.00811936346150635,1.412797287056594e-12,1.4127972870565941,30.0,False,0.21234468861772562,0.0,0.4709324290188647
0.5,0.436455382421082,100.0,0.01,10.0,9.6,5.0,0.8688353099937532,0.0059402532055363505,1.0336245757440193e-12,1.0336245757440192,30.0,False,0.29024077700944295,0.0,0.34454152524800646
0.5,0.436455382421082,100.0,0.01,10.0,9.6,10.0,0.8688353099937532,0.003528660814588489,6.139991699384561e-13,0.6139991699384562,30.0,False,0.4886000090685306,0.0,0.20466638997948539
0.5,0.436455382421082,100.0,0.01,50.0,0.8,0.5,0.8688353099937532,0.005352614285189903,9.313733738646666e-13,0.9313733738646666,150.0,False,1.6105248894714033,0.0,0.3104577912882222
0.5,0.436455382421082,100.0,0.01,50.0,0.8,1.0,0.8688353099937532,0.002865047968601901,4.985282425793528e-13,0.49852824257935285,150.0,False,3.0088566140989266,0.0,0.16617608085978428
0.5,0.436455382421082,100.0,0.01,50.0,0.8,2.0,0.8688353099937532,0.0008208499862389881,1.428307328692651e-13,0.1428307328692651,150.0,False,10.501941493032668,0.0,0.047610244289755035
0.5,0.436455382421082,100.0,0.01,50.0,0.8,5.0,0.8688353099937532,1.9304541362277093e-05,3.3590568760469028e-15,0.003359056876046903,150.0,False,446.5539153851039,0.0,0.0011196856253489677
0.5,0.436455382421082,100.0,0.01,50.0,0.8,10.0,0.8688353099937532,3.726653172078671e-08,6.4845052401888705e-18,6.4845052401888704e-06,150.0,False,231320.65507534545,0.0,2.1615017467296233e-06
0.5,0.436455382421082,100.0,0.01,50.0,3.0,0.5,0.8688353099937532,0.008464817248906142,1.4729074392816682e-12,1.4729074392816683,150.0,False,1.0183939329762262,0.0,0.4909691464272227
0.5,0.436455382421082,100.0,0.01,50.0,3.0,1.0,0.8688353099937532,0.007165313105737893,1.2467892298073638e-12,1.2467892298073637,150.0,False,1.2030902771206635,0.0,0.41559640993578795
0.5,0.436455382421082,100.0,0.01,50.0,3.0,2.0,0.8688353099937532,0.005134171190325921,8.933635208431558e-13,0.8933635208431557,150.0,False,1.6790477392498648,0.0,0.2977878402810519
0.5,0.436455382421082,100.0,0.01,50.0,3.0,5.0,0.8688353099937532,0.0018887560283756184,3.286500728107323e-13,0.3286500728107323,150.0,False,4.564124958718148,0.0,0.10955002427024409
0.5,0.436455382421082,100.0,0.01,50.0,3.0,10.0,0.8688353099937532,0.00035673993347252396,6.207398062473565e-14,0.06207398062473565,150.0,False,24.164714183035173,0.0,0.020691326874911885
0.5,0.436455382421082,100.0,0.01,50.0,9.6,0.5,0.8688353099937532,0.009492497594001751,1.6517273689960965e-12,1.6517273689960965,150.0,False,0.9081401859386061,0.0,0.5505757896653656
0.5,0.436455382421082,100.0,0.01,50.0,9.6,1.0,0.8688353099937532,0.009010751057212905,1.567901807614229e-12,1.567901807614229,150.0,False,0.9566925637278582,0.0,0.5226339358714097
0.5,0.436455382421082,100.0,0.01,50.0,9.6,2.0,0.8688353099937532,0.00811936346150635,1.412797287056594e-12,1.4127972870565941,150.0,False,1.0617234430886282,0.0,0.4709324290188647
0.5,0.436455382421082,100.0,0.01,50.0,9.6,5.0,0.8688353099937532,0.0059402532055363505,1.0336245757440193e-12,1.0336245757440192,150.0,False,1.4512038850472149,0.0,0.34454152524800646
0.5,0.436455382421082,100.0,0.01,50.0,9.6,10.0,0.8688353099937532,0.003528660814588489,6.139991699384561e-13,0.6139991699384562,150.0,False,2.4430000453426532,0.0,0.20466638997948539
0.5,0.436455382421082,100.0,0.01,100.0,0.8,0.5,0.8688353099937532,0.005352614285189903,9.313733738646666e-13,0.9313733738646666,300.0,False,3.2210497789428065,0.0,0.3104577912882222
0.5,0.436455382421082,100.0,0.01,100.0,0.8,1.0,0.8688353099937532,0.002865047968601901,4.985282425793528e-13,0.49852824257935285,300.0,False,6.017713228197853,0.0,0.16617608085978428
0.5,0.436455382421082,100.0,0.01,100.0,0.8,2.0,0.8688353099937532,0.0008208499862389881,1.428307328692651e-13,0.1428307328692651,300.0,False,21.003882986065335,0.0,0.047610244289755035
0.5,0.436455382421082,100.0,0.01,100.0,0.8,5.0,0.8688353099937532,1.9304541362277093e-05,3.3590568760469028e-15,0.003359056876046903,300.0,False,893.1078307702078,0.0,0.0011196856253489677
0.5,0.436455382421082,100.0,0.01,100.0,0.8,10.0,0.8688353099937532,3.726653172078671e-08,6.4845052401888705e-18,6.4845052401888704e-06,300.0,False,462641.3101506909,0.0,2.1615017467296233e-06
0.5,0.436455382421082,100.0,0.01,100.0,3.0,0.5,0.8688353099937532,0.008464817248906142,1.4729074392816682e-12,1.4729074392816683,300.0,False,2.0367878659524523,0.0,0.4909691464272227
0.5,0.436455382421082,100.0,0.01,100.0,3.0,1.0,0.8688353099937532,0.007165313105737893,1.2467892298073638e-12,1.2467892298073637,300.0,False,2.406180554241327,0.0,0.41559640993578795
0.5,0.436455382421082,100.0,0.01,100.0,3.0,2.0,0.8688353099937532,0.005134171190325921,8.933635208431558e-13,0.8933635208431557,300.0,False,3.3580954784997297,0.0,0.2977878402810519
0.5,0.436455382421082,100.0,0.01,100.0,3.0,5.0,0.8688353099937532,0.0018887560283756184,3.286500728107323e-13,0.3286500728107323,300.0,False,9.128249917436296,0.0,0.10955002427024409
0.5,0.436455382421082,100.0,0.01,100.0,3.0,10.0,0.8688353099937532,0.00035673993347252396,6.207398062473565e-14,0.06207398062473565,300.0,False,48.329428366070346,0.0,0.020691326874911885
0.5,0.436455382421082,100.0,0.01,100.0,9.6,0.5,0.8688353099937532,0.009492497594001751,1.6517273689960965e-12,1.6517273689960965,300.0,False,1.8162803718772123,0.0,0.5505757896653656
0.5,0.436455382421082,100.0,0.01,100.0,9.6,1.0,0.8688353099937532,0.009010751057212905,1.567901807614229e-12,1.567901807614229,300.0,False,1.9133851274557163,0.0,0.5226339358714097
0.5,0.436455382421082,100.0,0.01,100.0,9.6,2.0,0.8688353099937532,0.00811936346150635,1.412797287056594e-12,1.4127972870565941,300.0,False,2.1234468861772564,0.0,0.4709324290188647
0.5,0.436455382421082,100.0,0.01,100.0,9.6,5.0,0.8688353099937532,0.0059402532055363505,1.0336245757440193e-12,1.0336245757440192,300.0,False,2.9024077700944297,0.0,0.34454152524800646
0.5,0.436455382421082,100.0,0.01,100.0,9.6,10.0,0.8688353099937532,0.003528660814588489,6.139991699384561e-13,0.6139991699384562,300.0,False,4.8860000906853065,0.0,0.20466638997948539
0.5,0.436455382421082,100.0,0.03,1.0,0.8,0.5,0.8688353099937532,0.016057842855569708,2.7941201215939993e-12,2.7941201215939993,3.0,False,0.03221049778942807,0.44312397115119445,0.9313733738646663
0.5,0.436455382421082,100.0,0.03,1.0,0.8,1.0,0.8688353099937532,0.008595143905805703,1.4955847277380586e-12,1.4955847277380585,3.0,False,0.06017713228197853,0.44312397115119445,0.49852824257935285
0.5,0.436455382421082,100.0,0.03,1.0,0.8,2.0,0.8688353099937532,0.002462549958716964,4.2849219860779523e-13,0.42849219860779525,3.0,False,0.21003882986065336,0.44312397115119445,0.14283073286926506
0.5,0.436455382421082,100.0,0.03,1.0,0.8,5.0,0.8688353099937532,5.791362408683128e-05,1.0077170628140708e-14,0.010077170628140708,3.0,False,8.931078307702078,0.44312397115119445,0.003359056876046903
0.5,0.436455382421082,100.0,0.03,1.0,0.8,10.0,0.8688353099937532,1.1179959516236012e-07,1.945351572056661e-17,1.945351572056661e-05,3.0,False,4626.41310150691,0.44312397115119445,6.48450524018887e-06
0.5,0.436455382421082,100.0,0.03,1.0,3.0,0.5,0.8688353099937532,0.02539445174671842,4.418722317845004e-12,4.418722317845004,3.0,True,0.020367878659524524,1.661714891816979,1.4729074392816681
0.5,0.436455382421082,100.0,0.03,1.0,3.0,1.0,0.8688353099937532,0.021495939317213678,3.7403676894220915e-12,3.7403676894220914,3.0,True,0.02406180554241327,1.661714891816979,1.2467892298073637
0.5,0.436455382421082,100.0,0.03,1.0,3.0,2.0,0.8688353099937532,0.01540251357097776,2.6800905625294668e-12,2.680090562529467,3.0,False,0.0335809547849973,1.661714891816979,0.8933635208431555
0.5,0.436455382421082,100.0,0.03,1.0,3.0,5.0,0.8688353099937532,0.005666268085126855,9.859502184321968e-13,0.9859502184321969,3.0,False,0.09128249917436297,1.661714891816979,0.3286500728107323
0.5,0.436455382421082,100.0,0.03,1.0,3.0,10.0,0.8688353099937532,0.0010702198004175717,1.8622194187420693e-13,0.18622194187420693,3.0,False,0.4832942836607035,1.661714891816979,0.06207398062473564
0.5,0.436455382421082,100.0,0.03,1.0,9.6,0.5,0.8688353099937532,0.028477492782005256,4.95518210698829e-12,4.95518210698829,3.0,True,0.018162803718772123,5.317487653814333,1.6517273689960967
0.5,0.436455382421082,100.0,0.03,1.0,9.6,1.0,0.8688353099937532,0.027032253171638716,4.703705422842688e-12,4.703705422842687,3.0,True,0.019133851274557166,5.317487653814333,1.5679018076142293
0.5,0.436455382421082,100.0,0.03,1.0,9.6,2.0,0.8688353099937532,0.024358090384519047,4.238391861169782e-12,4.238391861169782,3.0,True,0.021234468861772566,5.317487653814333,1.4127972870565941
0.5,0.436455382421082,100.0,0.03,1.0,9.6,5.0,0.8688353099937532,0.01782075961660905,3.1008737272320576e-12,3.1008737272320577,3.0,True,0.029024077700944298,5.317487653814333,1.0336245757440192
0.5,0.436455382421082,100.0,0.03,1.0,9.6,10.0,0.8688353099937532,0.010585982443765466,1.841997509815368e-12,1.8419975098153683,3.0,False,0.048860000906853066,5.317487653814333,0.613999169938456
0.5,0.436455382421082,100.0,0.03,5.0,0.8,0.5,0.8688353099937532,0.016057842855569708,2.7941201215939993e-12,2.7941201215939993,15.0,False,0.16105248894714033,0.0,0.9313733738646663
0.5,0.436455382421082,100.0,0.03,5.0,0.8,1.0,0.8688353099937532,0.008595143905805703,1.4955847277380586e-12,1.4955847277380585,15.0,False,0.30088566140989265,0.0,0.49852824257935285
0.5,0.436455382421082,100.0,0.03,5.0,0.8,2.0,0.8688353099937532,0.002462549958716964,4.2849219860779523e-13,0.42849219860779525,15.0,False,1.0501941493032667,0.0,0.14283073286926506
0.5,0.436455382421082,100.0,0.03,5.0,0.8,5.0,0.8688353099937532,5.791362408683128e-05,1.0077170628140708e-14,0.010077170628140708,15.0,False,44.655391538510386,0.0,0.003359056876046903
0.5,0.436455382421082,100.0,0.03,5.0,0.8,10.0,0.8688353099937532,1.1179959516236012e-07,1.945351572056661e-17,1.945351572056661e-05,15.0,False,23132.065507534546,0.0,6.48450524018887e-06
0.5,0.436455382421082,100.0,0.03,5.0,3.0,0.5,0.8688353099937532,0.02539445174671842,4.418722317845004e-12,4.418722317845004,15.0,False,0.10183939329762261,0.0,1.4729074392816681
0.5,0.436455382421082,100.0,0.03,5.0,3.0,1.0,0.8688353099937532,0.021495939317213678,3.7403676894220915e-12,3.7403676894220914,15.0,False,0.12030902771206635,0.0,1.2467892298073637
0.5,0.436455382421082,100.0,0.03,5.0,3.0,2.0,0.8688353099937532,0.01540251357097776,2.6800905625294668e-12,2.680090562529467,15.0,False,0.16790477392498648,0.0,0.8933635208431555
0.5,0.436455382421082,100.0,0.03,5.0,3.0,5.0,0.8688353099937532,0.005666268085126855,9.859502184321968e-13,0.9859502184321969,15.0,False,0.4564124958718148,0.0,0.3286500728107323
0.5,0.436455382421082,100.0,0.03,5.0,3.0,10.0,0.8688353099937532,0.0010702198004175717,1.8622194187420693e-13,0.18622194187420693,15.0,False,2.416471418303517,0.0,0.06207398062473564
0.5,0.436455382421082,100.0,0.03,5.0,9.6,0.5,0.8688353099937532,0.028477492782005256,4.95518210698829e-12,4.95518210698829,15.0,False,0.09081401859386061,0.0,1.6517273689960967
0.5,0.436455382421082,100.0,0.03,5.0,9.6,1.0,0.8688353099937532,0.027032253171638716,4.703705422842688e-12,4.703705422842687,15.0,False,0.09566925637278582,0.0,1.5679018076142293
0.5,0.436455382421082,100.0,0.03,5.0,9.6,2.0,0.8688353099937532,0.024358090384519047,4.238391861169782e-12,4.238391861169782,15.0,False,0.10617234430886281,0.0,1.4127972870565941
0.5,0.436455382421082,100.0,0.03,5.0,9.6,5.0,0.8688353099937532,0.01782075961660905,3.1008737272320576e-12,3.1008737272320577,15.0,False,0.14512038850472148,0.0,1.0336245757440192
0.5,0.436455382421082,100.0,0.03,5.0,9.6,10.0,0.8688353099937532,0.010585982443765466,1.841997509815368e-12,1.8419975098153683,15.0,False,0.2443000045342653,0.0,0.613999169938456
0.5,0.436455382421082,100.0,0.03,10.0,0.8,0.5,0.8688353099937532,0.016057842855569708,2.7941201215939993e-12,2.7941201215939993,30.0,False,0.32210497789428066,0.0,0.9313733738646663
0.5,0.436455382421082,100.0,0.03,10.0,0.8,1.0,0.8688353099937532,0.008595143905805703,1.4955847277380586e-12,1.4955847277380585,30.0,False,0.6017713228197853,0.0,0.49852824257935285
0.5,0.436455382421082,100.0,0.03,10.0,0.8,2.0,0.8688353099937532,0.002462549958716964,4.2849219860779523e-13,0.42849219860779525,30.0,False,2.1003882986065334,0.0,0.14283073286926506
0.5,0.436455382421082,100.0,0.03,10.0,0.8,5.0,0.8688353099937532,5.791362408683128e-05,1.0077170628140708e-14,0.010077170628140708,30.0,False,89.31078307702077,0.0,0.003359056876046903
0.5,0.436455382421082,100.0,0.03,10.0,0.8,10.0,0.8688353099937532,1.1179959516236012e-07,1.945351572056661e-17,1.945351572056661e-05,30.0,False,46264.13101506909,0.0,6.48450524018887e-06
0.5,0.436455382421082,100.0,0.03,10.0,3.0,0.5,0.8688353099937532,0.02539445174671842,4.418722317845004e-12,4.418722317845004,30.0,False,0.20367878659524521,0.0,1.4729074392816681
0.5,0.436455382421082,100.0,0.03,10.0,3.0,1.0,0.8688353099937532,0.021495939317213678,3.7403676894220915e-12,3.7403676894220914,30.0,False,0.2406180554241327,0.0,1.2467892298073637
0.5,0.436455382421082,100.0,0.03,10.0,3.0,2.0,0.8688353099937532,0.01540251357097776,2.6800905625294668e-12,2.680090562529467,30.0,False,0.33580954784997297,0.0,0.8933635208431555
0.5,0.436455382421082,100.0,0.03,10.0,3.0,5.0,0.8688353099937532,0.005666268085126855,9.859502184321968e-13,0.9859502184321969,30.0,False,0.9128249917436296,0.0,0.3286500728107323
0.5,0.436455382421082,100.0,0.03,10.0,3.0,10.0,0.8688353099937532,0.0010702198004175717,1.8622194187420693e-13,0.18622194187420693,30.0,False,4.832942836607034,0.0,0.06207398062473564
0.5,0.436455382421082,100.0,0.03,10.0,9.6,0.5,0.8688353099937532,0.028477492782005256,4.95518210698829e-12,4.95518210698829,30.0,False,0.18162803718772122,0.0,1.6517273689960967
0.5,0.436455382421082,100.0,0.03,10.0,9.6,1.0,0.8688353099937532,0.027032253171638716,4.703705422842688e-12,4.703705422842687,30.0,False,0.19133851274557165,0.0,1.5679018076142293
0.5,0.436455382421082,100.0,0.03,10.0,9.6,2.0,0.8688353099937532,0.024358090384519047,4.238391861169782e-12,4.238391861169782,30.0,False,0.21234468861772562,0.0,1.4127972870565941
0.5,0.436455382421082,100.0,0.03,10.0,9.6,5.0,0.8688353099937532,0.01782075961660905,3.1008737272320576e-12,3.1008737272320577,30.0,False,0.29024077700944295,0.0,1.0336245757440192
0.5,0.436455382421082,100.0,0.03,10.0,9.6,10.0,0.8688353099937532,0.010585982443765466,1.841997509815368e-12,1.8419975098153683,30.0,False,0.4886000090685306,0.0,0.613999169938456
0.5,0.436455382421082,100.0,0.03,50.0,0.8,0.5,0.8688353099937532,0.016057842855569708,2.7941201215939993e-12,2.7941201215939993,150.0,False,1.6105248894714033,0.0,0.9313733738646663
0.5,0.436455382421082,100.0,0.03,50.0,0.8,1.0,0.8688353099937532,0.008595143905805703,1.4955847277380586e-12,1.4955847277380585,150.0,False,3.0088566140989266,0.0,0.49852824257935285
0.5,0.436455382421082,100.0,0.03,50.0,0.8,2.0,0.8688353099937532,0.002462549958716964,4.2849219860779523e-13,0.42849219860779525,150.0,False,10.501941493032668,0.0,0.14283073286926506
0.5,0.436455382421082,100.0,0.03,50.0,0.8,5.0,0.8688353099937532,5.791362408683128e-05,1.0077170628140708e-14,0.010077170628140708,150.0,False,446.5539153851039,0.0,0.003359056876046903
0.5,0.436455382421082,100.0,0.03,50.0,0.8,10.0,0.8688353099937532,1.1179959516236012e-07,1.945351572056661e-17,1.945351572056661e-05,150.0,False,231320.65507534545,0.0,6.48450524018887e-06
0.5,0.436455382421082,100.0,0.03,50.0,3.0,0.5,0.8688353099937532,0.02539445174671842,4.418722317845004e-12,4.418722317845004,150.0,False,1.0183939329762262,0.0,1.4729074392816681
0.5,0.436455382421082,100.0,0.03,50.0,3.0,1.0,0.8688353099937532,0.021495939317213678,3.7403676894220915e-12,3.7403676894220914,150.0,False,1.2030902771206635,0.0,1.2467892298073637
0.5,0.436455382421082,100.0,0.03,50.0,3.0,2.0,0.8688353099937532,0.01540251357097776,2.6800905625294668e-12,2.680090562529467,150.0,False,1.6790477392498648,0.0,0.8933635208431555
0.5,0.436455382421082,100.0,0.03,50.0,3.0,5.0,0.8688353099937532,0.005666268085126855,9.859502184321968e-13,0.9859502184321969,150.0,False,4.564124958718148,0.0,0.3286500728107323
0.5,0.436455382421082,100.0,0.03,50.0,3.0,10.0,0.8688353099937532,0.0010702198004175717,1.8622194187420693e-13,0.18622194187420693,150.0,False,24.164714183035173,0.0,0.06207398062473564
0.5,0.436455382421082,100.0,0.03,50.0,9.6,0.5,0.8688353099937532,0.028477492782005256,4.95518210698829e-12,4.95518210698829,150.0,False,0.9081401859386061,0.0,1.6517273689960967
0.5,0.436455382421082,100.0,0.03,50.0,9.6,1.0,0.8688353099937532,0.027032253171638716,4.703705422842688e-12,4.703705422842687,150.0,False,0.9566925637278582,0.0,1.5679018076142293
0.5,0.436455382421082,100.0,0.03,50.0,9.6,2.0,0.8688353099937532,0.024358090384519047,4.238391861169782e-12,4.238391861169782,150.0,False,1.0617234430886282,0.0,1.4127972870565941
0.5,0.436455382421082,100.0,0.03,50.0,9.6,5.0,0.8688353099937532,0.01782075961660905,3.1008737272320576e-12,3.1008737272320577,150.0,False,1.4512038850472149,0.0,1.0336245757440192
0.5,0.436455382421082,100.0,0.03,50.0,9.6,10.0,0.8688353099937532,0.010585982443765466,1.841997509815368e-12,1.8419975098153683,150.0,False,2.4430000453426532,0.0,0.613999169938456
0.5,0.436455382421082,100.0,0.03,100.0,0.8,0.5,0.8688353099937532,0.016057842855569708,2.7941201215939993e-12,2.7941201215939993,300.0,False,3.2210497789428065,0.0,0.9313733738646663
0.5,0.436455382421082,100.0,0.03,100.0,0.8,1.0,0.8688353099937532,0.008595143905805703,1.4955847277380586e-12,1.4955847277380585,300.0,False,6.017713228197853,0.0,0.49852824257935285
0.5,0.436455382421082,100.0,0.03,100.0,0.8,2.0,0.8688353099937532,0.002462549958716964,4.2849219860779523e-13,0.42849219860779525,300.0,False,21.003882986065335,0.0,0.14283073286926506
0.5,0.436455382421082,100.0,0.03,100.0,0.8,5.0,0.8688353099937532,5.791362408683128e-05,1.0077170628140708e-14,0.010077170628140708,300.0,False,893.1078307702078,0.0,0.003359056876046903
0.5,0.436455382421082,100.0,0.03,100.0,0.8,10.0,0.8688353099937532,1.1179959516236012e-07,1.945351572056661e-17,1.945351572056661e-05,300.0,False,462641.3101506909,0.0,6.48450524018887e-06
0.5,0.436455382421082,100.0,0.03,100.0,3.0,0.5,0.8688353099937532,0.02539445174671842,4.418722317845004e-12,4.418722317845004,300.0,False,2.0367878659524523,0.0,1.4729074392816681
0.5,0.436455382421082,100.0,0.03,100.0,3.0,1.0,0.8688353099937532,0.021495939317213678,3.7403676894220915e-12,3.7403676894220914,300.0,False,2.406180554241327,0.0,1.2467892298073637
0.5,0.436455382421082,100.0,0.03,100.0,3.0,2.0,0.8688353099937532,0.01540251357097776,2.6800905625294668e-12,2.680090562529467,300.0,False,3.3580954784997297,0.0,0.8933635208431555
0.5,0.436455382421082,100.0,0.03,100.0,3.0,5.0,0.8688353099937532,0.005666268085126855,9.859502184321968e-13,0.9859502184321969,300.0,False,9.128249917436296,0.0,0.3286500728107323
0.5,0.436455382421082,100.0,0.03,100.0,3.0,10.0,0.8688353099937532,0.0010702198004175717,1.8622194187420693e-13,0.18622194187420693,300.0,False,48.329428366070346,0.0,0.06207398062473564
0.5,0.436455382421082,100.0,0.03,100.0,9.6,0.5,0.8688353099937532,0.028477492782005256,4.95518210698829e-12,4.95518210698829,300.0,False,1.8162803718772123,0.0,1.6517273689960967
0.5,0.436455382421082,100.0,0.03,100.0,9.6,1.0,0.8688353099937532,0.027032253171638716,4.703705422842688e-12,4.703705422842687,300.0,False,1.9133851274557163,0.0,1.5679018076142293
0.5,0.436455382421082,100.0,0.03,100.0,9.6,2.0,0.8688353099937532,0.024358090384519047,4.238391861169782e-12,4.238391861169782,300.0,False,2.1234468861772564,0.0,1.4127972870565941
0.5,0.436455382421082,100.0,0.03,100.0,9.6,5.0,0.8688353099937532,0.01782075961660905,3.1008737272320576e-12,3.1008737272320577,300.0,False,2.9024077700944297,0.0,1.0336245757440192
0.5,0.436455382421082,100.0,0.03,100.0,9.6,10.0,0.8688353099937532,0.010585982443765466,1.841997509815368e-12,1.8419975098153683,300.0,False,4.8860000906853065,0.0,0.613999169938456
0.5,0.436455382421082,100.0,0.1,1.0,0.8,0.5,0.8688353099937532,0.05352614285189903,9.313733738646665e-12,9.313733738646665,3.0,True,0.03221049778942807,1.4063022146119435,3.1045779128822217
0.5,0.436455382421082,100.0,0.1,1.0,0.8,1.0,0.8688353099937532,0.028650479686019012,4.985282425793529e-12,4.985282425793529,3.0,True,0.06017713228197853,1.4063022146119435,1.661760808597843
0.5,0.436455382421082,100.0,0.1,1.0,0.8,2.0,0.8688353099937532,0.008208499862389881,1.428307328692651e-12,1.428307328692651,3.0,False,0.21003882986065336,1.4063022146119435,0.4761024428975503
0.5,0.436455382421082,100.0,0.1,1.0,0.8,5.0,0.8688353099937532,0.00019304541362277094,3.359056876046903e-14,0.03359056876046903,3.0,False,8.931078307702078,1.4063022146119435,0.011196856253489677
0.5,0.436455382421082,100.0,0.1,1.0,0.8,10.0,0.8688353099937532,3.726653172078671e-07,6.48450524018887e-17,6.48450524018887e-05,3.0,False,4626.41310150691,1.4063022146119435,2.1615017467296234e-05
0.5,0.436455382421082,100.0,0.1,1.0,3.0,0.5,0.8688353099937532,0.08464817248906142,1.4729074392816685e-11,14.729074392816685,3.0,True,0.020367878659524524,5.273633304794787,4.909691464272229
0.5,0.436455382421082,100.0,0.1,1.0,3.0,1.0,0.8688353099937532,0.07165313105737893,1.246789229807364e-11,12.46789229807364,3.0,True,0.02406180554241327,5.273633304794787,4.15596409935788
0.5,0.436455382421082,100.0,0.1,1.0,3.0,2.0,0.8688353099937532,0.0513417119032592,8.933635208431557e-12,8.933635208431557,3.0,True,0.0335809547849973,5.273633304794787,2.977878402810519
0.5,0.436455382421082,100.0,0.1,1.0,3.0,5.0,0.8688353099937532,0.018887560283756183,3.2865007281073227e-12,3.2865007281073226,3.0,True,0.09128249917436297,5.273633304794787,1.095500242702441
0.5,0.436455382421082,100.0,0.1,1.0,3.0,10.0,0.8688353099937532,0.0035673993347252395,6.207398062473565e-13,0.6207398062473565,3.0,False,0.4832942836607035,5.273633304794787,0.20691326874911883
0.5,0.436455382421082,100.0,0.1,1.0,9.6,0.5,0.8688353099937532,0.09492497594001753,1.651727368996097e-11,16.51727368996097,3.0,True,0.018162803718772123,16.87562657534332,5.505757896653656
0.5,0.436455382421082,100.0,0.1,1.0,9.6,1.0,0.8688353099937532,0.09010751057212907,1.5679018076142295e-11,15.679018076142295,3.0,True,0.019133851274557166,16.87562657534332,5.226339358714099
0.5,0.436455382421082,100.0,0.1,1.0,9.6,2.0,0.8688353099937532,0.0811936346150635,1.4127972870565943e-11,14.127972870565943,3.0,True,0.021234468861772566,16.87562657534332,4.709324290188648
0.5,0.436455382421082,100.0,0.1,1.0,9.6,5.0,0.8688353099937532,0.0594025320553635,1.0336245757440192e-11,10.336245757440192,3.0,True,0.029024077700944298,16.87562657534332,3.4454152524800636
0.5,0.436455382421082,100.0,0.1,1.0,9.6,10.0,0.8688353099937532,0.03528660814588489,6.139991699384562e-12,6.139991699384562,3.0,True,0.048860000906853066,16.87562657534332,2.046663899794854
0.5,0.436455382421082,100.0,0.1,5.0,0.8,0.5,0.8688353099937532,0.05352614285189903,9.313733738646665e-12,9.313733738646665,15.0,False,0.16105248894714033,0.11875188466466298,3.1045779128822217
0.5,0.436455382421082,100.0,0.1,5.0,0.8,1.0,0.8688353099937532,0.028650479686019012,4.985282425793529e-12,4.985282425793529,15.0,False,0.30088566140989265,0.11875188466466298,1.661760808597843
0.5,0.436455382421082,100.0,0.1,5.0,0.8,2.0,0.8688353099937532,0.008208499862389881,1.428307328692651e-12,1.428307328692651,15.0,False,1.0501941493032667,0.11875188466466298,0.4761024428975503
0.5,0.436455382421082,100.0,0.1,5.0,0.8,5.0,0.8688353099937532,0.00019304541362277094,3.359056876046903e-14,0.03359056876046903,15.0,False,44.655391538510386,0.11875188466466298,0.011196856253489677
0.5,0.436455382421082,100.0,0.1,5.0,0.8,10.0,0.8688353099937532,3.726653172078671e-07,6.48450524018887e-17,6.48450524018887e-05,15.0,False,23132.065507534546,0.11875188466466298,2.1615017467296234e-05
0.5,0.436455382421082,100.0,0.1,5.0,3.0,0.5,0.8688353099937532,0.08464817248906142,1.4729074392816685e-11,14.729074392816685,15.0,False,0.10183939329762261,0.44531956749248613,4.909691464272229
0.5,0.436455382421082,100.0,0.1,5.0,3.0,1.0,0.8688353099937532,0.07165313105737893,1.246789229807364e-11,12.46789229807364,15.0,False,0.12030902771206635,0.44531956749248613,4.15596409935788
0.5,0.436455382421082,100.0,0.1,5.0,3.0,2.0,0.8688353099937532,0.0513417119032592,8.933635208431557e-12,8.933635208431557,15.0,False,0.16790477392498648,0.44531956749248613,2.977878402810519
0.5,0.436455382421082,100.0,0.1,5.0,3.0,5.0,0.8688353099937532,0.018887560283756183,3.2865007281073227e-12,3.2865007281073226,15.0,False,0.4564124958718148,0.44531956749248613,1.095500242702441
0.5,0.436455382421082,100.0,0.1,5.0,3.0,10.0,0.8688353099937532,0.0035673993347252395,6.207398062473565e-13,0.6207398062473565,15.0,False,2.416471418303517,0.44531956749248613,0.20691326874911883
0.5,0.436455382421082,100.0,0.1,5.0,9.6,0.5,0.8688353099937532,0.09492497594001753,1.651727368996097e-11,16.51727368996097,15.0,True,0.09081401859386061,1.4250226159759556,5.505757896653656
0.5,0.436455382421082,100.0,0.1,5.0,9.6,1.0,0.8688353099937532,0.09010751057212907,1.5679018076142295e-11,15.679018076142295,15.0,True,0.09566925637278582,1.4250226159759556,5.226339358714099
0.5,0.436455382421082,100.0,0.1,5.0,9.6,2.0,0.8688353099937532,0.0811936346150635,1.4127972870565943e-11,14.127972870565943,15.0,False,0.10617234430886281,1.4250226159759556,4.709324290188648
0.5,0.436455382421082,100.0,0.1,5.0,9.6,5.0,0.8688353099937532,0.0594025320553635,1.0336245757440192e-11,10.336245757440192,15.0,False,0.14512038850472148,1.4250226159759556,3.4454152524800636
0.5,0.436455382421082,100.0,0.1,5.0,9.6,10.0,0.8688353099937532,0.03528660814588489,6.139991699384562e-12,6.139991699384562,15.0,False,0.2443000045342653,1.4250226159759556,2.046663899794854
0.5,0.436455382421082,100.0,0.1,10.0,0.8,0.5,0.8688353099937532,0.05352614285189903,9.313733738646665e-12,9.313733738646665,30.0,False,0.32210497789428066,0.0,3.1045779128822217
0.5,0.436455382421082,100.0,0.1,10.0,0.8,1.0,0.8688353099937532,0.028650479686019012,4.985282425793529e-12,4.985282425793529,30.0,False,0.6017713228197853,0.0,1.661760808597843
0.5,0.436455382421082,100.0,0.1,10.0,0.8,2.0,0.8688353099937532,0.008208499862389881,1.428307328692651e-12,1.428307328692651,30.0,False,2.1003882986065334,0.0,0.4761024428975503
0.5,0.436455382421082,100.0,0.1,10.0,0.8,5.0,0.8688353099937532,0.00019304541362277094,3.359056876046903e-14,0.03359056876046903,30.0,False,89.31078307702077,0.0,0.011196856253489677
0.5,0.436455382421082,100.0,0.1,10.0,0.8,10.0,0.8688353099937532,3.726653172078671e-07,6.48450524018887e-17,6.48450524018887e-05,30.0,False,46264.13101506909,0.0,2.1615017467296234e-05
0.5,0.436455382421082,100.0,0.1,10.0,3.0,0.5,0.8688353099937532,0.08464817248906142,1.4729074392816685e-11,14.729074392816685,30.0,False,0.20367878659524521,0.0,4.909691464272229
0.5,0.436455382421082,100.0,0.1,10.0,3.0,1.0,0.8688353099937532,0.07165313105737893,1.246789229807364e-11,12.46789229807364,30.0,False,0.2406180554241327,0.0,4.15596409935788
0.5,0.436455382421082,100.0,0.1,10.0,3.0,2.0,0.8688353099937532,0.0513417119032592,8.933635208431557e-12,8.933635208431557,30.0,False,0.33580954784997297,0.0,2.977878402810519
0.5,0.436455382421082,100.0,0.1,10.0,3.0,5.0,0.8688353099937532,0.018887560283756183,3.2865007281073227e-12,3.2865007281073226,30.0,False,0.9128249917436296,0.0,1.095500242702441
0.5,0.436455382421082,100.0,0.1,10.0,3.0,10.0,0.8688353099937532,0.0035673993347252395,6.207398062473565e-13,0.6207398062473565,30.0,False,4.832942836607034,0.0,0.20691326874911883
0.5,0.436455382421082,100.0,0.1,10.0,9.6,0.5,0.8688353099937532,0.09492497594001753,1.651727368996097e-11,16.51727368996097,30.0,False,0.18162803718772122,0.0,5.505757896653656
0.5,0.436455382421082,100.0,0.1,10.0,9.6,1.0,0.8688353099937532,0.09010751057212907,1.5679018076142295e-11,15.679018076142295,30.0,False,0.19133851274557165,0.0,5.226339358714099
0.5,0.436455382421082,100.0,0.1,10.0,9.6,2.0,0.8688353099937532,0.0811936346150635,1.4127972870565943e-11,14.127972870565943,30.0,False,0.21234468861772562,0.0,4.709324290188648
0.5,0.436455382421082,100.0,0.1,10.0,9.6,5.0,0.8688353099937532,0.0594025320553635,1.0336245757440192e-11,10.336245757440192,30.0,False,0.29024077700944295,0.0,3.4454152524800636
0.5,0.436455382421082,100.0,0.1,10.0,9.6,10.0,0.8688353099937532,0.03528660814588489,6.139991699384562e-12,6.139991699384562,30.0,False,0.4886000090685306,0.0,2.046663899794854
0.5,0.436455382421082,100.0,0.1,50.0,0.8,0.5,0.8688353099937532,0.05352614285189903,9.313733738646665e-12,9.313733738646665,150.0,False,1.6105248894714033,0.0,3.1045779128822217
0.5,0.436455382421082,100.0,0.1,50.0,0.8,1.0,0.8688353099937532,0.028650479686019012,4.985282425793529e-12,4.985282425793529,150.0,False,3.0088566140989266,0.0,1.661760808597843
0.5,0.436455382421082,100.0,0.1,50.0,0.8,2.0,0.8688353099937532,0.008208499862389881,1.428307328692651e-12,1.428307328692651,150.0,False,10.501941493032668,0.0,0.4761024428975503
0.5,0.436455382421082,100.0,0.1,50.0,0.8,5.0,0.8688353099937532,0.00019304541362277094,3.359056876046903e-14,0.03359056876046903,150.0,False,446.5539153851039,0.0,0.011196856253489677
0.5,0.436455382421082,100.0,0.1,50.0,0.8,10.0,0.8688353099937532,3.726653172078671e-07,6.48450524018887e-17,6.48450524018887e-05,150.0,False,231320.65507534545,0.0,2.1615017467296234e-05
0.5,0.436455382421082,100.0,0.1,50.0,3.0,0.5,0.8688353099937532,0.08464817248906142,1.4729074392816685e-11,14.729074392816685,150.0,False,1.0183939329762262,0.0,4.909691464272229
0.5,0.436455382421082,100.0,0.1,50.0,3.0,1.0,0.8688353099937532,0.07165313105737893,1.246789229807364e-11,12.46789229807364,150.0,False,1.2030902771206635,0.0,4.15596409935788
0.5,0.436455382421082,100.0,0.1,50.0,3.0,2.0,0.8688353099937532,0.0513417119032592,8.933635208431557e-12,8.933635208431557,150.0,False,1.6790477392498648,0.0,2.977878402810519
0.5,0.436455382421082,100.0,0.1,50.0,3.0,5.0,0.8688353099937532,0.018887560283756183,3.2865007281073227e-12,3.2865007281073226,150.0,False,4.564124958718148,0.0,1.095500242702441
0.5,0.436455382421082,100.0,0.1,50.0,3.0,10.0,0.8688353099937532,0.0035673993347252395,6.207398062473565e-13,0.6207398062473565,150.0,False,24.164714183035173,0.0,0.20691326874911883
0.5,0.436455382421082,100.0,0.1,50.0,9.6,0.5,0.8688353099937532,0.09492497594001753,1.651727368996097e-11,16.51727368996097,150.0,False,0.9081401859386061,0.0,5.505757896653656
0.5,0.436455382421082,100.0,0.1,50.0,9.6,1.0,0.8688353099937532,0.09010751057212907,1.5679018076142295e-11,15.679018076142295,150.0,False,0.9566925637278582,0.0,5.226339358714099
0.5,0.436455382421082,100.0,0.1,50.0,9.6,2.0,0.8688353099937532,0.0811936346150635,1.4127972870565943e-11,14.127972870565943,150.0,False,1.0617234430886282,0.0,4.709324290188648
0.5,0.436455382421082,100.0,0.1,50.0,9.6,5.0,0.8688353099937532,0.0594025320553635,1.0336245757440192e-11,10.336245757440192,150.0,False,1.4512038850472149,0.0,3.4454152524800636
0.5,0.436455382421082,100.0,0.1,50.0,9.6,10.0,0.8688353099937532,0.03528660814588489,6.139991699384562e-12,6.139991699384562,150.0,False,2.4430000453426532,0.0,2.046663899794854
0.5,0.436455382421082,100.0,0.1,100.0,0.8,0.5,0.8688353099937532,0.05352614285189903,9.313733738646665e-12,9.313733738646665,300.0,False,3.2210497789428065,0.0,3.1045779128822217
0.5,0.436455382421082,100.0,0.1,100.0,0.8,1.0,0.8688353099937532,0.028650479686019012,4.985282425793529e-12,4.985282425793529,300.0,False,6.017713228197853,0.0,1.661760808597843
0.5,0.436455382421082,100.0,0.1,100.0,0.8,2.0,0.8688353099937532,0.008208499862389881,1.428307328692651e-12,1.428307328692651,300.0,False,21.003882986065335,0.0,0.4761024428975503
0.5,0.436455382421082,100.0,0.1,100.0,0.8,5.0,0.8688353099937532,0.00019304541362277094,3.359056876046903e-14,0.03359056876046903,300.0,False,893.1078307702078,0.0,0.011196856253489677
0.5,0.436455382421082,100.0,0.1,100.0,0.8,10.0,0.8688353099937532,3.726653172078671e-07,6.48450524018887e-17,6.48450524018887e-05,300.0,False,462641.3101506909,0.0,2.1615017467296234e-05
0.5,0.436455382421082,100.0,0.1,100.0,3.0,0.5,0.8688353099937532,0.08464817248906142,1.4729074392816685e-11,14.729074392816685,300.0,False,2.0367878659524523,0.0,4.909691464272229
0.5,0.436455382421082,100.0,0.1,100.0,3.0,1.0,0.8688353099937532,0.07165313105737893,1.246789229807364e-11,12.46789229807364,300.0,False,2.406180554241327,0.0,4.15596409935788
0.5,0.436455382421082,100.0,0.1,100.0,3.0,2.0,0.8688353099937532,0.0513417119032592,8.933635208431557e-12,8.933635208431557,300.0,False,3.3580954784997297,0.0,2.977878402810519
0.5,0.436455382421082,100.0,0.1,100.0,3.0,5.0,0.8688353099937532,0.018887560283756183,3.2865007281073227e-12,3.2865007281073226,300.0,False,9.128249917436296,0.0,1.095500242702441
0.5,0.436455382421082,100.0,0.1,100.0,3.0,10.0,0.8688353099937532,0.0035673993347252395,6.207398062473565e-13,0.6207398062473565,300.0,False,48.329428366070346,0.0,0.20691326874911883
0.5,0.436455382421082,100.0,0.1,100.0,9.6,0.5,0.8688353099937532,0.09492497594001753,1.651727368996097e-11,16.51727368996097,300.0,False,1.8162803718772123,0.0,5.505757896653656
0.5,0.436455382421082,100.0,0.1,100.0,9.6,1.0,0.8688353099937532,0.09010751057212907,1.5679018076142295e-11,15.679018076142295,300.0,False,1.9133851274557163,0.0,5.226339358714099
0.5,0.436455382421082,100.0,0.1,100.0,9.6,2.0,0.8688353099937532,0.0811936346150635,1.4127972870565943e-11,14.127972870565943,300.0,False,2.1234468861772564,0.0,4.709324290188648
0.5,0.436455382421082,100.0,0.1,100.0,9.6,5.0,0.8688353099937532,0.0594025320553635,1.0336245757440192e-11,10.336245757440192,300.0,False,2.9024077700944297,0.0,3.4454152524800636
0.5,0.436455382421082,100.0,0.1,100.0,9.6,10.0,0.8688353099937532,0.03528660814588489,6.139991699384562e-12,6.139991699384562,300.0,False,4.8860000906853065,0.0,2.046663899794854
1.0,0.872910764842164,1.0,0.01,1.0,0.8,0.5,93.18408595319649,0.005352614285189903,9.989140119702051e-11,99.8914011970205,3.0,True,0.000300326150604591,3.3043770553423286,33.29713373234017
1.0,0.872910764842164,1.0,0.01,1.0,0.8,1.0,93.18408595319649,0.002865047968601901,5.3468014101480755e-11,53.468014101480755,3.0,True,0.000561083116778208,3.3043770553423286,17.82267136716025
1.0,0.872910764842164,1.0,0.01,1.0,0.8,2.0,93.18408595319649,0.0008208499862389881,1.5318842518662528e-11,15.318842518662528,3.0,True,0.001958372505197558,3.3043770553423286,5.106280839554175
1.0,0.872910764842164,1.0,0.01,1.0,0.8,5.0,93.18408595319649,1.9304541362277093e-05,3.6026464516213173e-13,0.36026464516213175,3.0,False,0.08327211788017375,3.3043770553423286,0.1200882150540439
1.0,0.872910764842164,1.0,0.01,1.0,0.8,10.0,93.18408595319649,3.726653172078671e-08,6.954743743898451e-16,0.0006954743743898452,3.0,False,43.136024999223956,3.3043770553423286,0.00023182479146328174
1.0,0.872910764842164,1.0,0.01,1.0,3.0,0.5,93.18408595319649,0.008464817248906142,1.5797186399354824e-10,157.97186399354823,3.0,True,0.00018990723564055206,12.391413957533732,52.657287997849416
1.0,0.872910764842164,1.0,0.01,1.0,3.0,1.0,93.18408595319649,0.007165313105737893,1.337202959174442e-10,133.7202959174442,3.0,True,0.0002243488903024961,12.391413957533732,44.5734319724814
1.0,0.872910764842164,1.0,0.01,1.0,3.0,2.0,93.18408595319649,0.005134171190325921,9.581477888404121e-11,95.8147788840412,3.0,True,0.0003131040988604396,12.391413957533732,31.938259628013736
1.0,0.872910764842164,1.0,0.01,1.0,3.0,5.0,93.18408595319649,0.0018887560283756184,3.5248287311826387e-11,35.24828731182639,3.0,True,0.0008511051823483776,12.391413957533732,11.749429103942129
1.0,0.872910764842164,1.0,0.01,1.0,3.0,10.0,93.18408595319649,0.00035673993347252396,6.657541515012791e-12,6.657541515012792,3.0,True,0.004506167919846965,12.391413957533732,2.219180505004264
1.0,0.872910764842164,1.0,0.01,1.0,9.6,0.5,93.18408595319649,0.009492497594001751,1.771506099641438e-10,177.1506099641438,3.0,True,0.00016934742706261162,39.65252466410794,59.05020332138127
1.0,0.872910764842164,1.0,0.01,1.0,9.6,1.0,93.18408595319649,0.009010751057212905,1.6816017388605778e-10,168.16017388605778,3.0,True,0.0001784013378835315,39.65252466410794,56.0533912953526
1.0,0.872910764842164,1.0,0.01,1.0,9.6,2.0,93.18408595319649,0.00811936346150635,1.5152494646249013e-10,151.52494646249013,3.0,True,0.00019798720079024397,39.65252466410794,50.50831548749671
1.0,0.872910764842164,1.0,0.01,1.0,9.6,5.0,93.18408595319649,0.0059402532055363505,1.1085801900726093e-10,110.85801900726094,3.0,True,0.0002706164179069001,39.65252466410794,36.95267300242031
1.0,0.872910764842164,1.0,0.01,1.0,9.6,10.0,93.18408595319649,0.003528660814588489,6.585247027672915e-11,65.85247027672915,3.0,True,0.0004555637757237083,39.65252466410794,21.950823425576385
1.0,0.872910764842164,1.0,0.01,5.0,0.8,0.5,93.18408595319649,0.005352614285189903,9.989140119702051e-11,99.8914011970205,15.0,True,0.0015016307530229549,2.0168267253950485,33.29713373234017
1.0,0.872910764842164,1.0,0.01,5.0,0.8,1.0,93.18408595319649,0.002865047968601901,5.3468014101480755e-11,53.468014101480755,15.0,True,0.0028054155838910396,2.0168267253950485,17.82267136716025
1.0,0.872910764842164,1.0,0.01,5.0,0.8,2.0,93.18408595319649,0.0008208499862389881,1.5318842518662528e-11,15.318842518662528,15.0,True,0.00979186252598779,2.0168267253950485,5.106280839554175
1.0,0.872910764842164,1.0,0.01,5.0,0.8,5.0,93.18408595319649,1.9304541362277093e-05,3.6026464516213173e-13,0.36026464516213175,15.0,False,0.41636058940086873,2.0168267253950485,0.1200882150540439
1.0,0.872910764842164,1.0,0.01,5.0,0.8,10.0,93.18408595319649,3.726653172078671e-08,6.954743743898451e-16,0.0006954743743898452,15.0,False,215.6801249961198,2.0168267253950485,0.00023182479146328174
1.0,0.872910764842164,1.0,0.01,5.0,3.0,0.5,93.18408595319649,0.008464817248906142,1.5797186399354824e-10,157.97186399354823,15.0,True,0.0009495361782027602,7.563100220231432,52.657287997849416
1.0,0.872910764842164,1.0,0.01,5.0,3.0,1.0,93.18408595319649,0.007165313105737893,1.337202959174442e-10,133.7202959174442,15.0,True,0.0011217444515124804,7.563100220231432,44.5734319724814
1.0,0.872910764842164,1.0,0.01,5.0,3.0,2.0,93.18408595319649,0.005134171190325921,9.581477888404121e-11,95.8147788840412,15.0,True,0.001565520494302198,7.563100220231432,31.938259628013736
1.0,0.872910764842164,1.0,0.01,5.0,3.0,5.0,93.18408595319649,0.0018887560283756184,3.5248287311826387e-11,35.24828731182639,15.0,True,0.004255525911741887,7.563100220231432,11.749429103942129
1.0,0.872910764842164,1.0,0.01,5.0,3.0,10.0,93.18408595319649,0.00035673993347252396,6.657541515012791e-12,6.657541515012792,15.0,False,0.022530839599234822,7.563100220231432,2.219180505004264
1.0,0.872910764842164,1.0,0.01,5.0,9.6,0.5,93.18408595319649,0.009492497594001751,1.771506099641438e-10,177.1506099641438,15.0,True,0.000846737135313058,24.201920704740584,59.05020332138127
1.0,0.872910764842164,1.0,0.01,5.0,9.6,1.0,93.18408595319649,0.009010751057212905,1.6816017388605778e-10,168.16017388605778,15.0,True,0.0008920066894176574,24.201920704740584,56.0533912953526
1.0,0.872910764842164,1.0,0.01,5.0,9.6,2.0,93.18408595319649,0.00811936346150635,1.5152494646249013e-10,151.52494646249013,15.0,True,0.0009899360039512198,24.201920704740584,50.50831548749671
1.0,0.872910764842164,1.0,0.01,5.0,9.6,5.0,93.18408595319649,0.0059402532055363505,1.1085801900726093e-10,110.85801900726094,15.0,True,0.0013530820895345005,24.201920704740584,36.95267300242031
1.0,0.872910764842164,1.0,0.01,5.0,9.6,10.0,93.18408595319649,0.003528660814588489,6.585247027672915e-11,65.85247027672915,15.0,True,0.0022778188786185412,24.201920704740584,21.950823425576385
1.0,0.872910764842164,1.0,0.01,10.0,0.8,0.5,93.18408595319649,0.005352614285189903,9.989140119702051e-11,99.8914011970205,30.0,True,0.0030032615060459097,1.4623089809470924,33.29713373234017
1.0,0.872910764842164,1.0,0.01,10.0,0.8,1.0,93.18408595319649,0.002865047968601901,5.3468014101480755e-11,53.468014101480755,30.0,True,0.005610831167782079,1.4623089809470924,17.82267136716025
1.0,0.872910764842164,1.0,0.01,10.0,0.8,2.0,93.18408595319649,0.0008208499862389881,1.5318842518662528e-11,15.318842518662528,30.0,False,0.01958372505197558,1.4623089809470924,5.106280839554175
1.0,0.872910764842164,1.0,0.01,10.0,0.8,5.0,93.18408595319649,1.9304541362277093e-05,3.6026464516213173e-13,0.36026464516213175,30.0,False,0.8327211788017375,1.4623089809470924,0.1200882150540439
1.0,0.872910764842164,1.0,0.01,10.0,0.8,10.0,93.18408595319649,3.726653172078671e-08,6.954743743898451e-16,0.0006954743743898452,30.0,False,431.3602499922396,1.4623089809470924,0.00023182479146328174
1.0,0.872910764842164,1.0,0.01,10.0,3.0,0.5,93.18408595319649,0.008464817248906142,1.5797186399354824e-10,157.97186399354823,30.0,True,0.0018990723564055205,5.4836586785515955,52.657287997849416
1.0,0.872910764842164,1.0,0.01,10.0,3.0,1.0,93.18408595319649,0.007165313105737893,1.337202959174442e-10,133.7202959174442,30.0,True,0.002243488903024961,5.4836586785515955,44.5734319724814
1.0,0.872910764842164,1.0,0.01,10.0,3.0,2.0,93.18408595319649,0.005134171190325921,9.581477888404121e-11,95.8147788840412,30.0,True,0.003131040988604396,5.4836586785515955,31.938259628013736
1.0,0.872910764842164,1.0,0.01,10.0,3.0,5.0,93.18408595319649,0.0018887560283756184,3.5248287311826387e-11,35.24828731182639,30.0,True,0.008511051823483775,5.4836586785515955,11.749429103942129
1.0,0.872910764842164,1.0,0.01,10.0,3.0,10.0,93.18408595319649,0.00035673993347252396,6.657541515012791e-12,6.657541515012792,30.0,False,0.045061679198469644,5.4836586785515955,2.219180505004264
1.0,0.872910764842164,1.0,0.01,10.0,9.6,0.5,93.18408595319649,0.009492497594001751,1.771506099641438e-10,177.1506099641438,30.0,True,0.001693474270626116,17.547707771365108,59.05020332138127
1.0,0.872910764842164,1.0,0.01,10.0,9.6,1.0,93.18408595319649,0.009010751057212905,1.6816017388605778e-10,168.16017388605778,30.0,True,0.0017840133788353148,17.547707771365108,56.0533912953526
1.0,0.872910764842164,1.0,0.01,10.0,9.6,2.0,93.18408595319649,0.00811936346150635,1.5152494646249013e-10,151.52494646249013,30.0,True,0.0019798720079024397,17.547707771365108,50.50831548749671
1.0,0.872910764842164,1.0,0.01,10.0,9.6,5.0,93.18408595319649,0.0059402532055363505,1.1085801900726093e-10,110.85801900726094,30.0,True,0.002706164179069001,17.547707771365108,36.95267300242031
1.0,0.872910764842164,1.0,0.01,10.0,9.6,10.0,93.18408595319649,0.003528660814588489,6.585247027672915e-11,65.85247027672915,30.0,True,0.0045556377572370825,17.547707771365108,21.950823425576385
1.0,0.872910764842164,1.0,0.01,50.0,0.8,0.5,93.18408595319649,0.005352614285189903,9.989140119702051e-11,99.8914011970205,150.0,False,0.015016307530229549,0.1747586509998118,33.29713373234017
1.0,0.872910764842164,1.0,0.01,50.0,0.8,1.0,93.18408595319649,0.002865047968601901,5.3468014101480755e-11,53.468014101480755,150.0,False,0.028054155838910397,0.1747586509998118,17.82267136716025
1.0,0.872910764842164,1.0,0.01,50.0,0.8,2.0,93.18408595319649,0.0008208499862389881,1.5318842518662528e-11,15.318842518662528,150.0,False,0.09791862525987789,0.1747586509998118,5.106280839554175
1.0,0.872910764842164,1.0,0.01,50.0,0.8,5.0,93.18408595319649,1.9304541362277093e-05,3.6026464516213173e-13,0.36026464516213175,150.0,False,4.163605894008687,0.1747586509998118,0.1200882150540439
1.0,0.872910764842164,1.0,0.01,50.0,0.8,10.0,93.18408595319649,3.726653172078671e-08,6.954743743898451e-16,0.0006954743743898452,150.0,False,2156.8012499611978,0.1747586509998118,0.00023182479146328174
1.0,0.872910764842164,1.0,0.01,50.0,3.0,0.5,93.18408595319649,0.008464817248906142,1.5797186399354824e-10,157.97186399354823,150.0,True,0.009495361782027603,0.6553449412492942,52.657287997849416
1.0,0.872910764842164,1.0,0.01,50.0,3.0,1.0,93.18408595319649,0.007165313105737893,1.337202959174442e-10,133.7202959174442,150.0,False,0.011217444515124804,0.6553449412492942,44.5734319724814
1.0,0.872910764842164,1.0,0.01,50.0,3.0,2.0,93.18408595319649,0.005134171190325921,9.581477888404121e-11,95.8147788840412,150.0,False,0.015655204943021982,0.6553449412492942,31.938259628013736
1.0,0.872910764842164,1.0,0.01,50.0,3.0,5.0,93.18408595319649,0.0018887560283756184,3.5248287311826387e-11,35.24828731182639,150.0,False,0.04255525911741888,0.6553449412492942,11.749429103942129
1.0,0.872910764842164,1.0,0.01,50.0,3.0,10.0,93.18408595319649,0.00035673993347252396,6.657541515012791e-12,6.657541515012792,150.0,False,0.22530839599234823,0.6553449412492942,2.219180505004264
1.0,0.872910764842164,1.0,0.01,50.0,9.6,0.5,93.18408595319649,0.009492497594001751,1.771506099641438e-10,177.1506099641438,150.0,True,0.00846737135313058,2.0971038119977417,59.05020332138127
1.0,0.872910764842164,1.0,0.01,50.0,9.6,1.0,93.18408595319649,0.009010751057212905,1.6816017388605778e-10,168.16017388605778,150.0,True,0.008920066894176574,2.0971038119977417,56.0533912953526
1.0,0.872910764842164,1.0,0.01,50.0,9.6,2.0,93.18408595319649,0.00811936346150635,1.5152494646249013e-10,151.52494646249013,150.0,True,0.009899360039512198,2.0971038119977417,50.50831548749671
1.0,0.872910764842164,1.0,0.01,50.0,9.6,5.0,93.18408595319649,0.0059402532055363505,1.1085801900726093e-10,110.85801900726094,150.0,False,0.013530820895345005,2.0971038119977417,36.95267300242031
1.0,0.872910764842164,1.0,0.01,50.0,9.6,10.0,93.18408595319649,0.003528660814588489,6.585247027672915e-11,65.85247027672915,150.0,False,0.022778188786185413,2.0971038119977417,21.950823425576385
1.0,0.872910764842164,1.0,0.01,100.0,0.8,0.5,93.18408595319649,0.005352614285189903,9.989140119702051e-11,99.8914011970205,300.0,False,0.030032615060459098,0.0,33.29713373234017
1.0,0.872910764842164,1.0,0.01,100.0,0.8,1.0,93.18408595319649,0.002865047968601901,5.3468014101480755e-11,53.468014101480755,300.0,False,0.056108311677820794,0.0,17.82267136716025
1.0,0.872910764842164,1.0,0.01,100.0,0.8,2.0,93.18408595319649,0.0008208499862389881,1.5318842518662528e-11,15.318842518662528,300.0,False,0.19583725051975578,0.0,5.106280839554175
1.0,0.872910764842164,1.0,0.01,100.0,0.8,5.0,93.18408595319649,1.9304541362277093e-05,3.6026464516213173e-13,0.36026464516213175,300.0,False,8.327211788017374,0.0,0.1200882150540439
1.0,0.872910764842164,1.0,0.01,100.0,0.8,10.0,93.18408595319649,3.726653172078671e-08,6.954743743898451e-16,0.0006954743743898452,300.0,False,4313.6024999223955,0.0,0.00023182479146328174
1.0,0.872910764842164,1.0,0.01,100.0,3.0,0.5,93.18408595319649,0.008464817248906142,1.5797186399354824e-10,157.97186399354823,300.0,False,0.018990723564055206,0.0,52.657287997849416
1.0,0.872910764842164,1.0,0.01,100.0,3.0,1.0,93.18408595319649,0.007165313105737893,1.337202959174442e-10,133.7202959174442,300.0,False,0.022434889030249608,0.0,44.5734319724814
1.0,0.872910764842164,1.0,0.01,100.0,3.0,2.0,93.18408595319649,0.005134171190325921,9.581477888404121e-11,95.8147788840412,300.0,False,0.031310409886043965,0.0,31.938259628013736
1.0,0.872910764842164,1.0,0.01,100.0,3.0,5.0,93.18408595319649,0.0018887560283756184,3.5248287311826387e-11,35.24828731182639,300.0,False,0.08511051823483776,0.0,11.749429103942129
1.0,0.872910764842164,1.0,0.01,100.0,3.0,10.0,93.18408595319649,0.00035673993347252396,6.657541515012791e-12,6.657541515012792,300.0,False,0.45061679198469645,0.0,2.219180505004264
1.0,0.872910764842164,1.0,0.01,100.0,9.6,0.5,93.18408595319649,0.009492497594001751,1.771506099641438e-10,177.1506099641438,300.0,False,0.01693474270626116,0.0,59.05020332138127
1.0,0.872910764842164,1.0,0.01,100.0,9.6,1.0,93.18408595319649,0.009010751057212905,1.6816017388605778e-10,168.16017388605778,300.0,False,0.017840133788353148,0.0,56.0533912953526
1.0,0.872910764842164,1.0,0.01,100.0,9.6,2.0,93.18408595319649,0.00811936346150635,1.5152494646249013e-10,151.52494646249013,300.0,False,0.019798720079024397,0.0,50.50831548749671
1.0,0.872910764842164,1.0,0.01,100.0,9.6,5.0,93.18408595319649,0.0059402532055363505,1.1085801900726093e-10,110.85801900726094,300.0,False,0.02706164179069001,0.0,36.95267300242031
1.0,0.872910764842164,1.0,0.01,100.0,9.6,10.0,93.18408595319649,0.003528660814588489,6.585247027672915e-11,65.85247027672915,300.0,False,0.045556377572370826,0.0,21.950823425576385
1.0,0.872910764842164,1.0,0.03,1.0,0.8,0.5,93.18408595319649,0.016057842855569708,2.996742035910615e-10,299.6742035910615,3.0,True,0.000300326150604591,4.183266886276817,99.8914011970205
1.0,0.872910764842164,1.0,0.03,1.0,0.8,1.0,93.18408595319649,0.008595143905805703,1.6040404230444228e-10,160.40404230444227,3.0,True,0.000561083116778208,4.183266886276817,53.46801410148076
1.0,0.872910764842164,1.0,0.03,1.0,0.8,2.0,93.18408595319649,0.002462549958716964,4.5956527555987575e-11,45.95652755598758,3.0,True,0.001958372505197558,4.183266886276817,15.318842518662525
1.0,0.872910764842164,1.0,0.03,1.0,0.8,5.0,93.18408595319649,5.791362408683128e-05,1.0807939354863951e-12,1.0807939354863951,3.0,False,0.08327211788017375,4.183266886276817,0.36026464516213175
1.0,0.872910764842164,1.0,0.03,1.0,0.8,10.0,93.18408595319649,1.1179959516236012e-07,2.0864231231695354e-15,0.0020864231231695353,3.0,False,43.136024999223956,4.183266886276817,0.0006954743743898452
1.0,0.872910764842164,1.0,0.03,1.0,3.0,0.5,93.18408595319649,0.02539445174671842,4.739155919806446e-10,473.91559198064465,3.0,True,0.00018990723564055206,15.687250823538061,157.97186399354823
1.0,0.872910764842164,1.0,0.03,1.0,3.0,1.0,93.18408595319649,0.021495939317213678,4.0116088775233254e-10,401.16088775233254,3.0,True,0.0002243488903024961,15.687250823538061,133.7202959174442
1.0,0.872910764842164,1.0,0.03,1.0,3.0,2.0,93.18408595319649,0.01540251357097776,2.8744433665212357e-10,287.4443366521236,3.0,True,0.0003131040988604396,15.687250823538061,95.81477888404119
1.0,0.872910764842164,1.0,0.03,1.0,3.0,5.0,93.18408595319649,0.005666268085126855,1.0574486193547917e-10,105.74486193547916,3.0,True,0.0008511051823483776,15.687250823538061,35.24828731182639
1.0,0.872910764842164,1.0,0.03,1.0,3.0,10.0,93.18408595319649,0.0010702198004175717,1.9972624545038368e-11,19.972624545038368,3.0,True,0.004506167919846965,15.687250823538061,6.65754151501279
1.0,0.872910764842164,1.0,0.03,1.0,9.6,0.5,93.18408595319649,0.028477492782005256,5.314518298924314e-10,531.4518298924314,3.0,True,0.00016934742706261162,50.1992026353218,177.1506099641438
1.0,0.872910764842164,1.0,0.03,1.0,9.6,1.0,93.18408595319649,0.027032253171638716,5.044805216581733e-10,504.4805216581733,3.0,True,0.0001784013378835315,50.1992026353218,168.16017388605778
1.0,0.872910764842164,1.0,0.03,1.0,9.6,2.0,93.18408595319649,0.024358090384519047,4.5457483938747034e-10,454.5748393874703,3.0,True,0.00019798720079024397,50.1992026353218,151.5249464624901
1.0,0.872910764842164,1.0,0.03,1.0,9.6,5.0,93.18408595319649,0.01782075961660905,3.325740570217828e-10,332.5740570217828,3.0,True,0.0002706164179069001,50.1992026353218,110.85801900726094
1.0,0.872910764842164,1.0,0.03,1.0,9.6,10.0,93.18408595319649,0.010585982443765466,1.9755741083018744e-10,197.55741083018745,3.0,True,0.0004555637757237083,50.1992026353218,65.85247027672915
1.0,0.872910764842164,1.0,0.03,5.0,0.8,0.5,93.18408595319649,0.016057842855569708,2.996742035910615e-10,299.6742035910615,15.0,True,0.0015016307530229549,2.895716556329536,99.8914011970205
1.0,0.872910764842164,1.0,0.03,5.0,0.8,1.0,93.18408595319649,0.008595143905805703,1.6040404230444228e-10,160.40404230444227,15.0,True,0.0028054155838910396,2.895716556329536,53.46801410148076
1.0,0.872910764842164,1.0,0.03,5.0,0.8,2.0,93.18408595319649,0.002462549958716964,4.5956527555987575e-11,45.95652755598758,15.0,True,0.00979186252598779,2.895716556329536,15.318842518662525
1.0,0.872910764842164,1.0,0.03,5.0,0.8,5.0,93.18408595319649,5.791362408683128e-05,1.0807939354863951e-12,1.0807939354863951,15.0,False,0.41636058940086873,2.895716556329536,0.36026464516213175
1.0,0.872910764842164,1.0,0.03,5.0,0.8,10.0,93.18408595319649,1.1179959516236012e-07,2.0864231231695354e-15,0.0020864231231695353,15.0,False,215.6801249961198,2.895716556329536,0.0006954743743898452
1.0,0.872910764842164,1.0,0.03,5.0,3.0,0.5,93.18408595319649,0.02539445174671842,4.739155919806446e-10,473.91559198064465,15.0,True,0.0009495361782027602,10.858937086235759,157.97186399354823
1.0,0.872910764842164,1.0,0.03,5.0,3.0,1.0,93.18408595319649,0.021495939317213678,4.0116088775233254e-10,401.16088775233254,15.0,True,0.0011217444515124804,10.858937086235759,133.7202959174442
1.0,0.872910764842164,1.0,0.03,5.0,3.0,2.0,93.18408595319649,0.01540251357097776,2.8744433665212357e-10,287.4443366521236,15.0,True,0.001565520494302198,10.858937086235759,95.81477888404119
1.0,0.872910764842164,1.0,0.03,5.0,3.0,5.0,93.18408595319649,0.005666268085126855,1.0574486193547917e-10,105.74486193547916,15.0,True,0.004255525911741887,10.858937086235759,35.24828731182639
1.0,0.872910764842164,1.0,0.03,5.0,3.0,10.0,93.18408595319649,0.0010702198004175717,1.9972624545038368e-11,19.972624545038368,15.0,True,0.022530839599234822,10.858937086235759,6.65754151501279
1.0,0.872910764842164,1.0,0.03,5.0,9.6,0.5,93.18408595319649,0.028477492782005256,5.314518298924314e-10,531.4518298924314,15.0,True,0.000846737135313058,34.748598675954426,177.1506099641438
1.0,0.872910764842164,1.0,0.03,5.0,9.6,1.0,93.18408595319649,0.027032253171638716,5.044805216581733e-10,504.4805216581733,15.0,True,0.0008920066894176574,34.748598675954426,168.16017388605778
1.0,0.872910764842164,1.0,0.03,5.0,9.6,2.0,93.18408595319649,0.024358090384519047,4.5457483938747034e-10,454.5748393874703,15.0,True,0.0009899360039512198,34.748598675954426,151.5249464624901
1.0,0.872910764842164,1.0,0.03,5.0,9.6,5.0,93.18408595319649,0.01782075961660905,3.325740570217828e-10,332.5740570217828,15.0,True,0.0013530820895345005,34.748598675954426,110.85801900726094
1.0,0.872910764842164,1.0,0.03,5.0,9.6,10.0,93.18408595319649,0.010585982443765466,1.9755741083018744e-10,197.55741083018745,15.0,True,0.0022778188786185412,34.748598675954426,65.85247027672915
1.0,0.872910764842164,1.0,0.03,10.0,0.8,0.5,93.18408595319649,0.016057842855569708,2.996742035910615e-10,299.6742035910615,30.0,True,0.0030032615060459097,2.34119881188158,99.8914011970205
1.0,0.872910764842164,1.0,0.03,10.0,0.8,1.0,93.18408595319649,0.008595143905805703,1.6040404230444228e-10,160.40404230444227,30.0,True,0.005610831167782079,2.34119881188158,53.46801410148076
1.0,0.872910764842164,1.0,0.03,10.0,0.8,2.0,93.18408595319649,0.002462549958716964,4.5956527555987575e-11,45.95652755598758,30.0,True,0.01958372505197558,2.34119881188158,15.318842518662525
1.0,0.872910764842164,1.0,0.03,10.0,0.8,5.0,93.18408595319649,5.791362408683128e-05,1.0807939354863951e-12,1.0807939354863951,30.0,False,0.8327211788017375,2.34119881188158,0.36026464516213175
1.0,0.872910764842164,1.0,0.03,10.0,0.8,10.0,93.18408595319649,1.1179959516236012e-07,2.0864231231695354e-15,0.0020864231231695353,30.0,False,431.3602499922396,2.34119881188158,0.0006954743743898452
1.0,0.872910764842164,1.0,0.03,10.0,3.0,0.5,93.18408595319649,0.02539445174671842,4.739155919806446e-10,473.91559198064465,30.0,True,0.0018990723564055205,8.779495544555925,157.97186399354823
1.0,0.872910764842164,1.0,0.03,10.0,3.0,1.0,93.18408595319649,0.021495939317213678,4.0116088775233254e-10,401.16088775233254,30.0,True,0.002243488903024961,8.779495544555925,133.7202959174442
1.0,0.872910764842164,1.0,0.03,10.0,3.0,2.0,93.18408595319649,0.01540251357097776,2.8744433665212357e-10,287.4443366521236,30.0,True,0.003131040988604396,8.779495544555925,95.81477888404119
1.0,0.872910764842164,1.0,0.03,10.0,3.0,5.0,93.18408595319649,0.005666268085126855,1.0574486193547917e-10,105.74486193547916,30.0,True,0.008511051823483775,8.779495544555925,35.24828731182639
1.0,0.872910764842164,1.0,0.03,10.0,3.0,10.0,93.18408595319649,0.0010702198004175717,1.9972624545038368e-11,19.972624545038368,30.0,False,0.045061679198469644,8.779495544555925,6.65754151501279
1.0,0.872910764842164,1.0,0.03,10.0,9.6,0.5,93.18408595319649,0.028477492782005256,5.314518298924314e-10,531.4518298924314,30.0,True,0.001693474270626116,28.094385742578957,177.1506099641438
1.0,0.872910764842164,1.0,0.03,10.0,9.6,1.0,93.18408595319649,0.027032253171638716,5.044805216581733e-10,504.4805216581733,30.0,True,0.0017840133788353148,28.094385742578957,168.16017388605778
1.0,0.872910764842164,1.0,0.03,10.0,9.6,2.0,93.18408595319649,0.024358090384519047,4.5457483938747034e-10,454.5748393874703,30.0,True,0.0019798720079024397,28.094385742578957,151.5249464624901
1.0,0.872910764842164,1.0,0.03,10.0,9.6,5.0,93.18408595319649,0.01782075961660905,3.325740570217828e-10,332.5740570217828,30.0,True,0.002706164179069001,28.094385742578957,110.85801900726094
1.0,0.872910764842164,1.0,0.03,10.0,9.6,10.0,93.18408595319649,0.010585982443765466,1.9755741083018744e-10,197.55741083018745,30.0,True,0.0045556377572370825,28.094385742578957,65.85247027672915
1.0,0.872910764842164,1.0,0.03,50.0,0.8,0.5,93.18408595319649,0.016057842855569708,2.996742035910615e-10,299.6742035910615,150.0,True,0.015016307530229549,1.0536484819342995,99.8914011970205
1.0,0.872910764842164,1.0,0.03,50.0,0.8,1.0,93.18408595319649,0.008595143905805703,1.6040404230444228e-10,160.40404230444227,150.0,True,0.028054155838910397,1.0536484819342995,53.46801410148076
1.0,0.872910764842164,1.0,0.03,50.0,0.8,2.0,93.18408595319649,0.002462549958716964,4.5956527555987575e-11,45.95652755598758,150.0,False,0.09791862525987789,1.0536484819342995,15.318842518662525
1.0,0.872910764842164,1.0,0.03,50.0,0.8,5.0,93.18408595319649,5.791362408683128e-05,1.0807939354863951e-12,1.0807939354863951,150.0,False,4.163605894008687,1.0536484819342995,0.36026464516213175
1.0,0.872910764842164,1.0,0.03,50.0,0.8,10.0,93.18408595319649,1.1179959516236012e-07,2.0864231231695354e-15,0.0020864231231695353,150.0,False,2156.8012499611978,1.0536484819342995,0.0006954743743898452
1.0,0.872910764842164,1.0,0.03,50.0,3.0,0.5,93.18408595319649,0.02539445174671842,4.739155919806446e-10,473.91559198064465,150.0,True,0.009495361782027603,3.951181807253623,157.97186399354823
1.0,0.872910764842164,1.0,0.03,50.0,3.0,1.0,93.18408595319649,0.021495939317213678,4.0116088775233254e-10,401.16088775233254,150.0,True,0.011217444515124804,3.951181807253623,133.7202959174442
1.0,0.872910764842164,1.0,0.03,50.0,3.0,2.0,93.18408595319649,0.01540251357097776,2.8744433665212357e-10,287.4443366521236,150.0,True,0.015655204943021982,3.951181807253623,95.81477888404119
1.0,0.872910764842164,1.0,0.03,50.0,3.0,5.0,93.18408595319649,0.005666268085126855,1.0574486193547917e-10,105.74486193547916,150.0,False,0.04255525911741888,3.951181807253623,35.24828731182639
1.0,0.872910764842164,1.0,0.03,50.0,3.0,10.0,93.18408595319649,0.0010702198004175717,1.9972624545038368e-11,19.972624545038368,150.0,False,0.22530839599234823,3.951181807253623,6.65754151501279
1.0,0.872910764842164,1.0,0.03,50.0,9.6,0.5,93.18408595319649,0.028477492782005256,5.314518298924314e-10,531.4518298924314,150.0,True,0.00846737135313058,12.643781783211594,177.1506099641438
1.0,0.872910764842164,1.0,0.03,50.0,9.6,1.0,93.18408595319649,0.027032253171638716,5.044805216581733e-10,504.4805216581733,150.0,True,0.008920066894176574,12.643781783211594,168.16017388605778
1.0,0.872910764842164,1.0,0.03,50.0,9.6,2.0,93.18408595319649,0.024358090384519047,4.5457483938747034e-10,454.5748393874703,150.0,True,0.009899360039512198,12.643781783211594,151.5249464624901
1.0,0.872910764842164,1.0,0.03,50.0,9.6,5.0,93.18408595319649,0.01782075961660905,3.325740570217828e-10,332.5740570217828,150.0,True,0.013530820895345005,12.643781783211594,110.85801900726094
1.0,0.872910764842164,1.0,0.03,50.0,9.6,10.0,93.18408595319649,0.010585982443765466,1.9755741083018744e-10,197.55741083018745,150.0,True,0.022778188786185413,12.643781783211594,65.85247027672915
1.0,0.872910764842164,1.0,0.03,100.0,0.8,0.5,93.18408595319649,0.016057842855569708,2.996742035910615e-10,299.6742035910615,300.0,False,0.030032615060459098,0.4991307374863433,99.8914011970205
1.0,0.872910764842164,1.0,0.03,100.0,0.8,1.0,93.18408595319649,0.008595143905805703,1.6040404230444228e-10,160.40404230444227,300.0,False,0.056108311677820794,0.4991307374863433,53.46801410148076
1.0,0.872910764842164,1.0,0.03,100.0,0.8,2.0,93.18408595319649,0.002462549958716964,4.5956527555987575e-11,45.95652755598758,300.0,False,0.19583725051975578,0.4991307374863433,15.318842518662525
1.0,0.872910764842164,1.0,0.03,100.0,0.8,5.0,93.18408595319649,5.791362408683128e-05,1.0807939354863951e-12,1.0807939354863951,300.0,False,8.327211788017374,0.4991307374863433,0.36026464516213175
1.0,0.872910764842164,1.0,0.03,100.0,0.8,10.0,93.18408595319649,1.1179959516236012e-07,2.0864231231695354e-15,0.0020864231231695353,300.0,False,4313.6024999223955,0.4991307374863433,0.0006954743743898452
1.0,0.872910764842164,1.0,0.03,100.0,3.0,0.5,93.18408595319649,0.02539445174671842,4.739155919806446e-10,473.91559198064465,300.0,True,0.018990723564055206,1.8717402655737874,157.97186399354823
1.0,0.872910764842164,1.0,0.03,100.0,3.0,1.0,93.18408595319649,0.021495939317213678,4.0116088775233254e-10,401.16088775233254,300.0,True,0.022434889030249608,1.8717402655737874,133.7202959174442
1.0,0.872910764842164,1.0,0.03,100.0,3.0,2.0,93.18408595319649,0.01540251357097776,2.8744433665212357e-10,287.4443366521236,300.0,False,0.031310409886043965,1.8717402655737874,95.81477888404119
1.0,0.872910764842164,1.0,0.03,100.0,3.0,5.0,93.18408595319649,0.005666268085126855,1.0574486193547917e-10,105.74486193547916,300.0,False,0.08511051823483776,1.8717402655737874,35.24828731182639
1.0,0.872910764842164,1.0,0.03,100.0,3.0,10.0,93.18408595319649,0.0010702198004175717,1.9972624545038368e-11,19.972624545038368,300.0,False,0.45061679198469645,1.8717402655737874,6.65754151501279
1.0,0.872910764842164,1.0,0.03,100.0,9.6,0.5,93.18408595319649,0.028477492782005256,5.314518298924314e-10,531.4518298924314,300.0,True,0.01693474270626116,5.989568849836119,177.1506099641438
1.0,0.872910764842164,1.0,0.03,100.0,9.6,1.0,93.18408595319649,0.027032253171638716,5.044805216581733e-10,504.4805216581733,300.0,True,0.017840133788353148,5.989568849836119,168.16017388605778
1.0,0.872910764842164,1.0,0.03,100.0,9.6,2.0,93.18408595319649,0.024358090384519047,4.5457483938747034e-10,454.5748393874703,300.0,True,0.019798720079024397,5.989568849836119,151.5249464624901
1.0,0.872910764842164,1.0,0.03,100.0,9.6,5.0,93.18408595319649,0.01782075961660905,3.325740570217828e-10,332.5740570217828,300.0,True,0.02706164179069001,5.989568849836119,110.85801900726094
1.0,0.872910764842164,1.0,0.03,100.0,9.6,10.0,93.18408595319649,0.010585982443765466,1.9755741083018744e-10,197.55741083018745,300.0,False,0.045556377572370826,5.989568849836119,65.85247027672915
1.0,0.872910764842164,1.0,0.1,1.0,0.8,0.5,93.18408595319649,0.05352614285189903,9.98914011970205e-10,998.9140119702049,3.0,True,0.000300326150604591,5.1464451297375655,332.97133732340166
1.0,0.872910764842164,1.0,0.1,1.0,0.8,1.0,93.18408595319649,0.028650479686019012,5.346801410148077e-10,534.6801410148076,3.0,True,0.000561083116778208,5.1464451297375655,178.22671367160257
1.0,0.872910764842164,1.0,0.1,1.0,0.8,2.0,93.18408595319649,0.008208499862389881,1.531884251866253e-10,153.1884251866253,3.0,True,0.001958372505197558,5.1464451297375655,51.062808395541765
1.0,0.872910764842164,1.0,0.1,1.0,0.8,5.0,93.18408595319649,0.00019304541362277094,3.6026464516213174e-12,3.6026464516213172,3.0,True,0.08327211788017375,5.1464451297375655,1.2008821505404392
1.0,0.872910764842164,1.0,0.1,1.0,0.8,10.0,93.18408595319649,3.726653172078671e-07,6.954743743898452e-15,0.006954743743898452,3.0,False,43.136024999223956,5.1464451297375655,0.0023182479146328172
1.0,0.872910764842164,1.0,0.1,1.0,3.0,0.5,93.18408595319649,0.08464817248906142,1.5797186399354825e-09,1579.7186399354825,3.0,True,0.00018990723564055206,19.29916923651587,526.5728799784943
1.0,0.872910764842164,1.0,0.1,1.0,3.0,1.0,93.18408595319649,0.07165313105737893,1.337202959174442e-09,1337.202959174442,3.0,True,0.0002243488903024961,19.29916923651587,445.734319724814
1.0,0.872910764842164,1.0,0.1,1.0,3.0,2.0,93.18408595319649,0.0513417119032592,9.58147788840412e-10,958.147788840412,3.0,True,0.0003131040988604396,19.29916923651587,319.38259628013736
1.0,0.872910764842164,1.0,0.1,1.0,3.0,5.0,93.18408595319649,0.018887560283756183,3.524828731182639e-10,352.48287311826385,3.0,True,0.0008511051823483776,19.29916923651587,117.49429103942128
1.0,0.872910764842164,1.0,0.1,1.0,3.0,10.0,93.18408595319649,0.0035673993347252395,6.65754151501279e-11,66.57541515012791,3.0,True,0.004506167919846965,19.29916923651587,22.191805050042635
1.0,0.872910764842164,1.0,0.1,1.0,9.6,0.5,93.18408595319649,0.09492497594001753,1.7715060996414381e-09,1771.5060996414381,3.0,True,0.00016934742706261162,61.75734155685078,590.5020332138128
1.0,0.872910764842164,1.0,0.1,1.0,9.6,1.0,93.18408595319649,0.09010751057212907,1.6816017388605781e-09,1681.601738860578,3.0,True,0.0001784013378835315,61.75734155685078,560.533912953526
1.0,0.872910764842164,1.0,0.1,1.0,9.6,2.0,93.18408595319649,0.0811936346150635,1.5152494646249014e-09,1515.2494646249015,3.0,True,0.00019798720079024397,61.75734155685078,505.0831548749672
1.0,0.872910764842164,1.0,0.1,1.0,9.6,5.0,93.18408595319649,0.0594025320553635,1.1085801900726092e-09,1108.5801900726092,3.0,True,0.0002706164179069001,61.75734155685078,369.52673002420306
1.0,0.872910764842164,1.0,0.1,1.0,9.6,10.0,93.18408595319649,0.03528660814588489,6.585247027672916e-10,658.5247027672915,3.0,True,0.0004555637757237083,61.75734155685078,219.50823425576385
1.0,0.872910764842164,1.0,0.1,5.0,0.8,0.5,93.18408595319649,0.05352614285189903,9.98914011970205e-10,998.9140119702049,15.0,True,0.0015016307530229549,3.858894799790285,332.97133732340166
1.0,0.872910764842164,1.0,0.1,5.0,0.8,1.0,93.18408595319649,0.028650479686019012,5.346801410148077e-10,534.6801410148076,15.0,True,0.0028054155838910396,3.858894799790285,178.22671367160257
1.0,0.872910764842164,1.0,0.1,5.0,0.8,2.0,93.18408595319649,0.008208499862389881,1.531884251866253e-10,153.1884251866253,15.0,True,0.00979186252598779,3.858894799790285,51.062808395541765
1.0,0.872910764842164,1.0,0.1,5.0,0.8,5.0,93.18408595319649,0.00019304541362277094,3.6026464516213174e-12,3.6026464516213172,15.0,False,0.41636058940086873,3.858894799790285,1.2008821505404392
1.0,0.872910764842164,1.0,0.1,5.0,0.8,10.0,93.18408595319649,3.726653172078671e-07,6.954743743898452e-15,0.006954743743898452,15.0,False,215.6801249961198,3.858894799790285,0.0023182479146328172
1.0,0.872910764842164,1.0,0.1,5.0,3.0,0.5,93.18408595319649,0.08464817248906142,1.5797186399354825e-09,1579.7186399354825,15.0,True,0.0009495361782027602,14.470855499213569,526.5728799784943
1.0,0.872910764842164,1.0,0.1,5.0,3.0,1.0,93.18408595319649,0.07165313105737893,1.337202959174442e-09,1337.202959174442,15.0,True,0.0011217444515124804,14.470855499213569,445.734319724814
1.0,0.872910764842164,1.0,0.1,5.0,3.0,2.0,93.18408595319649,0.0513417119032592,9.58147788840412e-10,958.147788840412,15.0,True,0.001565520494302198,14.470855499213569,319.38259628013736
1.0,0.872910764842164,1.0,0.1,5.0,3.0,5.0,93.18408595319649,0.018887560283756183,3.524828731182639e-10,352.48287311826385,15.0,True,0.004255525911741887,14.470855499213569,117.49429103942128
1.0,0.872910764842164,1.0,0.1,5.0,3.0,10.0,93.18408595319649,0.0035673993347252395,6.65754151501279e-11,66.57541515012791,15.0,True,0.022530839599234822,14.470855499213569,22.191805050042635
1.0,0.872910764842164,1.0,0.1,5.0,9.6,0.5,93.18408595319649,0.09492497594001753,1.7715060996414381e-09,1771.5060996414381,15.0,True,0.000846737135313058,46.30673759748342,590.5020332138128
1.0,0.872910764842164,1.0,0.1,5.0,9.6,1.0,93.18408595319649,0.09010751057212907,1.6816017388605781e-09,1681.601738860578,15.0,True,0.0008920066894176574,46.30673759748342,560.533912953526
1.0,0.872910764842164,1.0,0.1,5.0,9.6,2.0,93.18408595319649,0.0811936346150635,1.5152494646249014e-09,1515.2494646249015,15.0,True,0.0009899360039512198,46.30673759748342,505.0831548749672
1.0,0.872910764842164,1.0,0.1,5.0,9.6,5.0,93.18408595319649,0.0594025320553635,1.1085801900726092e-09,1108.5801900726092,15.0,True,0.0013530820895345005,46.30673759748342,369.52673002420306
1.0,0.872910764842164,1.0,0.1,5.0,9.6,10.0,93.18408595319649,0.03528660814588489,6.585247027672916e-10,658.5247027672915,15.0,True,0.0022778188786185412,46.30673759748342,219.50823425576385
1.0,0.872910764842164,1.0,0.1,10.0,0.8,0.5,93.18408595319649,0.05352614285189903,9.98914011970205e-10,998.9140119702049,30.0,True,0.0030032615060459097,3.3043770553423286,332.97133732340166
1.0,0.872910764842164,1.0,0.1,10.0,0.8,1.0,93.18408595319649,0.028650479686019012,5.346801410148077e-10,534.6801410148076,30.0,True,0.005610831167782079,3.3043770553423286,178.22671367160257
1.0,0.872910764842164,1.0,0.1,10.0,0.8,2.0,93.18408595319649,0.008208499862389881,1.531884251866253e-10,153.1884251866253,30.0,True,0.01958372505197558,3.3043770553423286,51.062808395541765
1.0,0.872910764842164,1.0,0.1,10.0,0.8,5.0,93.18408595319649,0.00019304541362277094,3.6026464516213174e-12,3.6026464516213172,30.0,False,0.8327211788017375,3.3043770553423286,1.2008821505404392
1.0,0.872910764842164,1.0,0.1,10.0,0.8,10.0,93.18408595319649,3.726653172078671e-07,6.954743743898452e-15,0.006954743743898452,30.0,False,431.3602499922396,3.3043770553423286,0.0023182479146328172
1.0,0.872910764842164,1.0,0.1,10.0,3.0,0.5,93.18408595319649,0.08464817248906142,1.5797186399354825e-09,1579.7186399354825,30.0,True,0.0018990723564055205,12.391413957533732,526.5728799784943
1.0,0.872910764842164,1.0,0.1,10.0,3.0,1.0,93.18408595319649,0.07165313105737893,1.337202959174442e-09,1337.202959174442,30.0,True,0.002243488903024961,12.391413957533732,445.734319724814
1.0,0.872910764842164,1.0,0.1,10.0,3.0,2.0,93.18408595319649,0.0513417119032592,9.58147788840412e-10,958.147788840412,30.0,True,0.003131040988604396,12.391413957533732,319.38259628013736
1.0,0.872910764842164,1.0,0.1,10.0,3.0,5.0,93.18408595319649,0.018887560283756183,3.524828731182639e-10,352.48287311826385,30.0,True,0.008511051823483775,12.391413957533732,117.49429103942128
1.0,0.872910764842164,1.0,0.1,10.0,3.0,10.0,93.18408595319649,0.0035673993347252395,6.65754151501279e-11,66.57541515012791,30.0,True,0.045061679198469644,12.391413957533732,22.191805050042635
1.0,0.872910764842164,1.0,0.1,10.0,9.6,0.5,93.18408595319649,0.09492497594001753,1.7715060996414381e-09,1771.5060996414381,30.0,True,0.001693474270626116,39.65252466410794,590.5020332138128
1.0,0.872910764842164,1.0,0.1,10.0,9.6,1.0,93.18408595319649,0.09010751057212907,1.6816017388605781e-09,1681.601738860578,30.0,True,0.0017840133788353148,39.65252466410794,560.533912953526
1.0,0.872910764842164,1.0,0.1,10.0,9.6,2.0,93.18408595319649,0.0811936346150635,1.5152494646249014e-09,1515.2494646249015,30.0,True,0.0019798720079024397,39.65252466410794,505.0831548749672
1.0,0.872910764842164,1.0,0.1,10.0,9.6,5.0,93.18408595319649,0.0594025320553635,1.1085801900726092e-09,1108.5801900726092,30.0,True,0.002706164179069001,39.65252466410794,369.52673002420306
1.0,0.872910764842164,1.0,0.1,10.0,9.6,10.0,93.18408595319649,0.03528660814588489,6.585247027672916e-10,658.5247027672915,30.0,True,0.0045556377572370825,39.65252466410794,219.50823425576385
1.0,0.872910764842164,1.0,0.1,50.0,0.8,0.5,93.18408595319649,0.05352614285189903,9.98914011970205e-10,998.9140119702049,150.0,True,0.015016307530229549,2.0168267253950485,332.97133732340166
1.0,0.872910764842164,1.0,0.1,50.0,0.8,1.0,93.18408595319649,0.028650479686019012,5.346801410148077e-10,534.6801410148076,150.0,True,0.028054155838910397,2.0168267253950485,178.22671367160257
1.0,0.872910764842164,1.0,0.1,50.0,0.8,2.0,93.18408595319649,0.008208499862389881,1.531884251866253e-10,153.1884251866253,150.0,True,0.09791862525987789,2.0168267253950485,51.062808395541765
1.0,0.872910764842164,1.0,0.1,50.0,0.8,5.0,93.18408595319649,0.00019304541362277094,3.6026464516213174e-12,3.6026464516213172,150.0,False,4.163605894008687,2.0168267253950485,1.2008821505404392
1.0,0.872910764842164,1.0,0.1,50.0,0.8,10.0,93.18408595319649,3.726653172078671e-07,6.954743743898452e-15,0.006954743743898452,150.0,False,2156.8012499611978,2.0168267253950485,0.0023182479146328172
1.0,0.872910764842164,1.0,0.1,50.0,3.0,0.5,93.18408595319649,0.08464817248906142,1.5797186399354825e-09,1579.7186399354825,150.0,True,0.009495361782027603,7.563100220231432,526.5728799784943
1.0,0.872910764842164,1.0,0.1,50.0,3.0,1.0,93.18408595319649,0.07165313105737893,1.337202959174442e-09,1337.202959174442,150.0,True,0.011217444515124804,7.563100220231432,445.734319724814
1.0,0.872910764842164,1.0,0.1,50.0,3.0,2.0,93.18408595319649,0.0513417119032592,9.58147788840412e-10,958.147788840412,150.0,True,0.015655204943021982,7.563100220231432,319.38259628013736
1.0,0.872910764842164,1.0,0.1,50.0,3.0,5.0,93.18408595319649,0.018887560283756183,3.524828731182639e-10,352.48287311826385,150.0,True,0.04255525911741888,7.563100220231432,117.49429103942128
1.0,0.872910764842164,1.0,0.1,50.0,3.0,10.0,93.18408595319649,0.0035673993347252395,6.65754151501279e-11,66.57541515012791,150.0,False,0.22530839599234823,7.563100220231432,22.191805050042635
1.0,0.872910764842164,1.0,0.1,50.0,9.6,0.5,93.18408595319649,0.09492497594001753,1.7715060996414381e-09,1771.5060996414381,150.0,True,0.00846737135313058,24.201920704740584,590.5020332138128
1.0,0.872910764842164,1.0,0.1,50.0,9.6,1.0,93.18408595319649,0.09010751057212907,1.6816017388605781e-09,1681.601738860578,150.0,True,0.008920066894176574,24.201920704740584,560.533912953526
1.0,0.872910764842164,1.0,0.1,50.0,9.6,2.0,93.18408595319649,0.0811936346150635,1.5152494646249014e-09,1515.2494646249015,150.0,True,0.009899360039512198,24.201920704740584,505.0831548749672
1.0,0.872910764842164,1.0,0.1,50.0,9.6,5.0,93.18408595319649,0.0594025320553635,1.1085801900726092e-09,1108.5801900726092,150.0,True,0.013530820895345005,24.201920704740584,369.52673002420306
1.0,0.872910764842164,1.0,0.1,50.0,9.6,10.0,93.18408595319649,0.03528660814588489,6.585247027672916e-10,658.5247027672915,150.0,True,0.022778188786185413,24.201920704740584,219.50823425576385
1.0,0.872910764842164,1.0,0.1,100.0,0.8,0.5,93.18408595319649,0.05352614285189903,9.98914011970205e-10,998.9140119702049,300.0,True,0.030032615060459098,1.4623089809470924,332.97133732340166
1.0,0.872910764842164,1.0,0.1,100.0,0.8,1.0,93.18408595319649,0.028650479686019012,5.346801410148077e-10,534.6801410148076,300.0,True,0.056108311677820794,1.4623089809470924,178.22671367160257
1.0,0.872910764842164,1.0,0.1,100.0,0.8,2.0,93.18408595319649,0.008208499862389881,1.531884251866253e-10,153.1884251866253,300.0,False,0.19583725051975578,1.4623089809470924,51.062808395541765
1.0,0.872910764842164,1.0,0.1,100.0,0.8,5.0,93.18408595319649,0.00019304541362277094,3.6026464516213174e-12,3.6026464516213172,300.0,False,8.327211788017374,1.4623089809470924,1.2008821505404392
1.0,0.872910764842164,1.0,0.1,100.0,0.8,10.0,93.18408595319649,3.726653172078671e-07,6.954743743898452e-15,0.006954743743898452,300.0,False,4313.6024999223955,1.4623089809470924,0.0023182479146328172
1.0,0.872910764842164,1.0,0.1,100.0,3.0,0.5,93.18408595319649,0.08464817248906142,1.5797186399354825e-09,1579.7186399354825,300.0,True,0.018990723564055206,5.4836586785515955,526.5728799784943
1.0,0.872910764842164,1.0,0.1,100.0,3.0,1.0,93.18408595319649,0.07165313105737893,1.337202959174442e-09,1337.202959174442,300.0,True,0.022434889030249608,5.4836586785515955,445.734319724814
1.0,0.872910764842164,1.0,0.1,100.0,3.0,2.0,93.18408595319649,0.0513417119032592,9.58147788840412e-10,958.147788840412,300.0,True,0.031310409886043965,5.4836586785515955,319.38259628013736
1.0,0.872910764842164,1.0,0.1,100.0,3.0,5.0,93.18408595319649,0.018887560283756183,3.524828731182639e-10,352.48287311826385,300.0,True,0.08511051823483776,5.4836586785515955,117.49429103942128
1.0,0.872910764842164,1.0,0.1,100.0,3.0,10.0,93.18408595319649,0.0035673993347252395,6.65754151501279e-11,66.57541515012791,300.0,False,0.45061679198469645,5.4836586785515955,22.191805050042635
1.0,0.872910764842164,1.0,0.1,100.0,9.6,0.5,93.18408595319649,0.09492497594001753,1.7715060996414381e-09,1771.5060996414381,300.0,True,0.01693474270626116,17.547707771365108,590.5020332138128
1.0,0.872910764842164,1.0,0.1,100.0,9.6,1.0,93.18408595319649,0.09010751057212907,1.6816017388605781e-09,1681.601738860578,300.0,True,0.017840133788353148,17.547707771365108,560.533912953526
1.0,0.872910764842164,1.0,0.1,100.0,9.6,2.0,93.18408595319649,0.0811936346150635,1.5152494646249014e-09,1515.2494646249015,300.0,True,0.019798720079024397,17.547707771365108,505.0831548749672
1.0,0.872910764842164,1.0,0.1,100.0,9.6,5.0,93.18408595319649,0.0594025320553635,1.1085801900726092e-09,1108.5801900726092,300.0,True,0.02706164179069001,17.547707771365108,369.52673002420306
1.0,0.872910764842164,1.0,0.1,100.0,9.6,10.0,93.18408595319649,0.03528660814588489,6.585247027672916e-10,658.5247027672915,300.0,True,0.045556377572370826,17.547707771365108,219.50823425576385
1.0,0.872910764842164,10.0,0.01,1.0,0.8,0.5,16.051403480478456,0.005352614285189903,1.720677053857739e-11,17.20677053857739,3.0,True,0.0017434997423101755,1.897352522928631,5.735590179525797
1.0,0.872910764842164,10.0,0.01,1.0,0.8,1.0,16.051403480478456,0.002865047968601901,9.210120578677408e-12,9.210120578677408,3.0,True,0.0032572863453551072,1.897352522928631,3.070040192892469
1.0,0.872910764842164,10.0,0.01,1.0,0.8,2.0,16.051403480478456,0.0008208499862389881,2.638743725451828e-12,2.638743725451828,3.0,False,0.011369046455946817,1.897352522928631,0.8795812418172759
1.0,0.872910764842164,10.0,0.01,1.0,0.8,5.0,16.051403480478456,1.9304541362277093e-05,6.205730431431476e-14,0.062057304314314755,3.0,False,0.48342415661583776,1.897352522928631,0.020685768104771587
1.0,0.872910764842164,10.0,0.01,1.0,0.8,10.0,16.051403480478456,3.726653172078671e-08,1.1979877979671059e-16,0.00011979877979671058,3.0,False,250.4199128814811,1.897352522928631,3.9932926598903525e-05
1.0,0.872910764842164,10.0,0.01,1.0,3.0,0.5,16.051403480478456,0.008464817248906142,2.7211407415610634e-11,27.211407415610633,3.0,True,0.001102478807575003,7.115071960982366,9.070469138536877
1.0,0.872910764842164,10.0,0.01,1.0,3.0,1.0,16.051403480478456,0.007165313105737893,2.3033959085867333e-11,23.033959085867334,3.0,True,0.0013024248192924307,7.115071960982366,7.677986361955778
1.0,0.872910764842164,10.0,0.01,1.0,3.0,2.0,16.051403480478456,0.005134171190325921,1.6504552891499562e-11,16.50455289149956,3.0,True,0.0018176802605450212,7.115071960982366,5.501517630499854
1.0,0.872910764842164,10.0,0.01,1.0,3.0,5.0,16.051403480478456,0.0018887560283756184,6.071685694509371e-12,6.0716856945093705,3.0,True,0.004940967222188233,7.115071960982366,2.0238952315031233
1.0,0.872910764842164,10.0,0.01,1.0,3.0,10.0,16.051403480478456,0.00035673993347252396,1.1467932957906577e-12,1.1467932957906577,3.0,False,0.026159901797574145,7.115071960982366,0.38226443193021925
1.0,0.872910764842164,10.0,0.01,1.0,9.6,0.5,16.051403480478456,0.009492497594001751,3.0515037930141314e-11,30.515037930141315,3.0,True,0.0009831218322153032,22.76823027514357,10.171679310047104
1.0,0.872910764842164,10.0,0.01,1.0,9.6,1.0,16.051403480478456,0.009010751057212905,2.8966392413273864e-11,28.966392413273862,3.0,True,0.001035682993310982,22.76823027514357,9.655464137757955
1.0,0.872910764842164,10.0,0.01,1.0,9.6,2.0,16.051403480478456,0.00811936346150635,2.6100895106155137e-11,26.100895106155136,3.0,True,0.0011493858688748715,22.76823027514357,8.700298368718379
1.0,0.872910764842164,10.0,0.01,1.0,9.6,5.0,16.051403480478456,0.0059402532055363505,1.9095822789160014e-11,19.095822789160014,3.0,True,0.0015710242146271848,22.76823027514357,6.365274263053338
1.0,0.872910764842164,10.0,0.01,1.0,9.6,10.0,16.051403480478456,0.003528660814588489,1.1343402253566188e-11,11.343402253566188,3.0,True,0.002644709173613981,22.76823027514357,3.781134084522063
1.0,0.872910764842164,10.0,0.01,5.0,0.8,0.5,16.051403480478456,0.005352614285189903,1.720677053857739e-11,17.20677053857739,15.0,True,0.008717498711550876,0.6098021929813509,5.735590179525797
1.0,0.872910764842164,10.0,0.01,5.0,0.8,1.0,16.051403480478456,0.002865047968601901,9.210120578677408e-12,9.210120578677408,15.0,False,0.016286431726775536,0.6098021929813509,3.070040192892469
1.0,0.872910764842164,10.0,0.01,5.0,0.8,2.0,16.051403480478456,0.0008208499862389881,2.638743725451828e-12,2.638743725451828,15.0,False,0.056845232279734086,0.6098021929813509,0.8795812418172759
1.0,0.872910764842164,10.0,0.01,5.0,0.8,5.0,16.051403480478456,1.9304541362277093e-05,6.205730431431476e-14,0.062057304314314755,15.0,False,2.4171207830791888,0.6098021929813509,0.020685768104771587
1.0,0.872910764842164,10.0,0.01,5.0,0.8,10.0,16.051403480478456,3.726653172078671e-08,1.1979877979671059e-16,0.00011979877979671058,15.0,False,1252.0995644074055,0.6098021929813509,3.9932926598903525e-05
1.0,0.872910764842164,10.0,0.01,5.0,3.0,0.5,16.051403480478456,0.008464817248906142,2.7211407415610634e-11,27.211407415610633,15.0,True,0.005512394037875014,2.2867582236800654,9.070469138536877
1.0,0.872910764842164,10.0,0.01,5.0,3.0,1.0,16.051403480478456,0.007165313105737893,2.3033959085867333e-11,23.033959085867334,15.0,True,0.006512124096462153,2.2867582236800654,7.677986361955778
1.0,0.872910764842164,10.0,0.01,5.0,3.0,2.0,16.051403480478456,0.005134171190325921,1.6504552891499562e-11,16.50455289149956,15.0,True,0.009088401302725105,2.2867582236800654,5.501517630499854
1.0,0.872910764842164,10.0,0.01,5.0,3.0,5.0,16.051403480478456,0.0018887560283756184,6.071685694509371e-12,6.0716856945093705,15.0,False,0.024704836110941167,2.2867582236800654,2.0238952315031233
1.0,0.872910764842164,10.0,0.01,5.0,3.0,10.0,16.051403480478456,0.00035673993347252396,1.1467932957906577e-12,1.1467932957906577,15.0,False,0.1307995089878707,2.2867582236800654,0.38226443193021925
1.0,0.872910764842164,10.0,0.01,5.0,9.6,0.5,16.051403480478456,0.009492497594001751,3.0515037930141314e-11,30.515037930141315,15.0,True,0.0049156091610765154,7.317626315776209,10.171679310047104
1.0,0.872910764842164,10.0,0.01,5.0,9.6,1.0,16.051403480478456,0.009010751057212905,2.8966392413273864e-11,28.966392413273862,15.0,True,0.00517841496655491,7.317626315776209,9.655464137757955
1.0,0.872910764842164,10.0,0.01,5.0,9.6,2.0,16.051403480478456,0.00811936346150635,2.6100895106155137e-11,26.100895106155136,15.0,True,0.005746929344374358,7.317626315776209,8.700298368718379
1.0,0.872910764842164,10.0,0.01,5.0,9.6,5.0,16.051403480478456,0.0059402532055363505,1.9095822789160014e-11,19.095822789160014,15.0,True,0.007855121073135922,7.317626315776209,6.365274263053338
1.0,0.872910764842164,10.0,0.01,5.0,9.6,10.0,16.051403480478456,0.003528660814588489,1.1343402253566188e-11,11.343402253566188,15.0,False,0.013223545868069904,7.317626315776209,3.781134084522063
1.0,0.872910764842164,10.0,0.01,10.0,0.8,0.5,16.051403480478456,0.005352614285189903,1.720677053857739e-11,17.20677053857739,30.0,False,0.017434997423101752,0.05528444853339453,5.735590179525797
1.0,0.872910764842164,10.0,0.01,10.0,0.8,1.0,16.051403480478456,0.002865047968601901,9.210120578677408e-12,9.210120578677408,30.0,False,0.03257286345355107,0.05528444853339453,3.070040192892469
1.0,0.872910764842164,10.0,0.01,10.0,0.8,2.0,16.051403480478456,0.0008208499862389881,2.638743725451828e-12,2.638743725451828,30.0,False,0.11369046455946817,0.05528444853339453,0.8795812418172759
1.0,0.872910764842164,10.0,0.01,10.0,0.8,5.0,16.051403480478456,1.9304541362277093e-05,6.205730431431476e-14,0.062057304314314755,30.0,False,4.8342415661583775,0.05528444853339453,0.020685768104771587
1.0,0.872910764842164,10.0,0.01,10.0,0.8,10.0,16.051403480478456,3.726653172078671e-08,1.1979877979671059e-16,0.00011979877979671058,30.0,False,2504.199128814811,0.05528444853339453,3.9932926598903525e-05
1.0,0.872910764842164,10.0,0.01,10.0,3.0,0.5,16.051403480478456,0.008464817248906142,2.7211407415610634e-11,27.211407415610633,30.0,False,0.011024788075750028,0.20731668200022946,9.070469138536877
1.0,0.872910764842164,10.0,0.01,10.0,3.0,1.0,16.051403480478456,0.007165313105737893,2.3033959085867333e-11,23.033959085867334,30.0,False,0.013024248192924305,0.20731668200022946,7.677986361955778
1.0,0.872910764842164,10.0,0.01,10.0,3.0,2.0,16.051403480478456,0.005134171190325921,1.6504552891499562e-11,16.50455289149956,30.0,False,0.01817680260545021,0.20731668200022946,5.501517630499854
1.0,0.872910764842164,10.0,0.01,10.0,3.0,5.0,16.051403480478456,0.0018887560283756184,6.071685694509371e-12,6.0716856945093705,30.0,False,0.049409672221882334,0.20731668200022946,2.0238952315031233
1.0,0.872910764842164,10.0,0.01,10.0,3.0,10.0,16.051403480478456,0.00035673993347252396,1.1467932957906577e-12,1.1467932957906577,30.0,False,0.2615990179757414,0.20731668200022946,0.38226443193021925
1.0,0.872910764842164,10.0,0.01,10.0,9.6,0.5,16.051403480478456,0.009492497594001751,3.0515037930141314e-11,30.515037930141315,30.0,True,0.009831218322153031,0.6634133824007343,10.171679310047104
1.0,0.872910764842164,10.0,0.01,10.0,9.6,1.0,16.051403480478456,0.009010751057212905,2.8966392413273864e-11,28.966392413273862,30.0,False,0.01035682993310982,0.6634133824007343,9.655464137757955
1.0,0.872910764842164,10.0,0.01,10.0,9.6,2.0,16.051403480478456,0.00811936346150635,2.6100895106155137e-11,26.100895106155136,30.0,False,0.011493858688748715,0.6634133824007343,8.700298368718379
1.0,0.872910764842164,10.0,0.01,10.0,9.6,5.0,16.051403480478456,0.0059402532055363505,1.9095822789160014e-11,19.095822789160014,30.0,False,0.015710242146271845,0.6634133824007343,6.365274263053338
1.0,0.872910764842164,10.0,0.01,10.0,9.6,10.0,16.051403480478456,0.003528660814588489,1.1343402253566188e-11,11.343402253566188,30.0,False,0.026447091736139808,0.6634133824007343,3.781134084522063
1.0,0.872910764842164,10.0,0.01,50.0,0.8,0.5,16.051403480478456,0.005352614285189903,1.720677053857739e-11,17.20677053857739,150.0,False,0.08717498711550876,0.0,5.735590179525797
1.0,0.872910764842164,10.0,0.01,50.0,0.8,1.0,16.051403480478456,0.002865047968601901,9.210120578677408e-12,9.210120578677408,150.0,False,0.16286431726775535,0.0,3.070040192892469
1.0,0.872910764842164,10.0,0.01,50.0,0.8,2.0,16.051403480478456,0.0008208499862389881,2.638743725451828e-12,2.638743725451828,150.0,False,0.5684523227973408,0.0,0.8795812418172759
1.0,0.872910764842164,10.0,0.01,50.0,0.8,5.0,16.051403480478456,1.9304541362277093e-05,6.205730431431476e-14,0.062057304314314755,150.0,False,24.171207830791886,0.0,0.020685768104771587
1.0,0.872910764842164,10.0,0.01,50.0,0.8,10.0,16.051403480478456,3.726653172078671e-08,1.1979877979671059e-16,0.00011979877979671058,150.0,False,12520.995644074055,0.0,3.9932926598903525e-05
1.0,0.872910764842164,10.0,0.01,50.0,3.0,0.5,16.051403480478456,0.008464817248906142,2.7211407415610634e-11,27.211407415610633,150.0,False,0.055123940378750146,0.0,9.070469138536877
1.0,0.872910764842164,10.0,0.01,50.0,3.0,1.0,16.051403480478456,0.007165313105737893,2.3033959085867333e-11,23.033959085867334,150.0,False,0.06512124096462153,0.0,7.677986361955778
1.0,0.872910764842164,10.0,0.01,50.0,3.0,2.0,16.051403480478456,0.005134171190325921,1.6504552891499562e-11,16.50455289149956,150.0,False,0.09088401302725105,0.0,5.501517630499854
1.0,0.872910764842164,10.0,0.01,50.0,3.0,5.0,16.051403480478456,0.0018887560283756184,6.071685694509371e-12,6.0716856945093705,150.0,False,0.24704836110941167,0.0,2.0238952315031233
1.0,0.872910764842164,10.0,0.01,50.0,3.0,10.0,16.051403480478456,0.00035673993347252396,1.1467932957906577e-12,1.1467932957906577,150.0,False,1.3079950898787072,0.0,0.38226443193021925
1.0,0.872910764842164,10.0,0.01,50.0,9.6,0.5,16.051403480478456,0.009492497594001751,3.0515037930141314e-11,30.515037930141315,150.0,False,0.04915609161076516,0.0,10.171679310047104
1.0,0.872910764842164,10.0,0.01,50.0,9.6,1.0,16.051403480478456,0.009010751057212905,2.8966392413273864e-11,28.966392413273862,150.0,False,0.051784149665549103,0.0,9.655464137757955
1.0,0.872910764842164,10.0,0.01,50.0,9.6,2.0,16.051403480478456,0.00811936346150635,2.6100895106155137e-11,26.100895106155136,150.0,False,0.057469293443743574,0.0,8.700298368718379
1.0,0.872910764842164,10.0,0.01,50.0,9.6,5.0,16.051403480478456,0.0059402532055363505,1.9095822789160014e-11,19.095822789160014,150.0,False,0.07855121073135923,0.0,6.365274263053338
1.0,0.872910764842164,10.0,0.01,50.0,9.6,10.0,16.051403480478456,0.003528660814588489,1.1343402253566188e-11,11.343402253566188,150.0,False,0.13223545868069905,0.0,3.781134084522063
1.0,0.872910764842164,10.0,0.01,100.0,0.8,0.5,16.051403480478456,0.005352614285189903,1.720677053857739e-11,17.20677053857739,300.0,False,0.17434997423101753,0.0,5.735590179525797
1.0,0.872910764842164,10.0,0.01,100.0,0.8,1.0,16.051403480478456,0.002865047968601901,9.210120578677408e-12,9.210120578677408,300.0,False,0.3257286345355107,0.0,3.070040192892469
1.0,0.872910764842164,10.0,0.01,100.0,0.8,2.0,16.051403480478456,0.0008208499862389881,2.638743725451828e-12,2.638743725451828,300.0,False,1.1369046455946816,0.0,0.8795812418172759
1.0,0.872910764842164,10.0,0.01,100.0,0.8,5.0,16.051403480478456,1.9304541362277093e-05,6.205730431431476e-14,0.062057304314314755,300.0,False,48.34241566158377,0.0,0.020685768104771587
1.0,0.872910764842164,10.0,0.01,100.0,0.8,10.0,16.051403480478456,3.726653172078671e-08,1.1979877979671059e-16,0.00011979877979671058,300.0,False,25041.99128814811,0.0,3.9932926598903525e-05
1.0,0.872910764842164,10.0,0.01,100.0,3.0,0.5,16.051403480478456,0.008464817248906142,2.7211407415610634e-11,27.211407415610633,300.0,False,0.11024788075750029,0.0,9.070469138536877
1.0,0.872910764842164,10.0,0.01,100.0,3.0,1.0,16.051403480478456,0.007165313105737893,2.3033959085867333e-11,23.033959085867334,300.0,False,0.13024248192924306,0.0,7.677986361955778
1.0,0.872910764842164,10.0,0.01,100.0,3.0,2.0,16.051403480478456,0.005134171190325921,1.6504552891499562e-11,16.50455289149956,300.0,False,0.1817680260545021,0.0,5.501517630499854
1.0,0.872910764842164,10.0,0.01,100.0,3.0,5.0,16.051403480478456,0.0018887560283756184,6.071685694509371e-12,6.0716856945093705,300.0,False,0.49409672221882334,0.0,2.0238952315031233
1.0,0.872910764842164,10.0,0.01,100.0,3.0,10.0,16.051403480478456,0.00035673993347252396,1.1467932957906577e-12,1.1467932957906577,300.0,False,2.6159901797574143,0.0,0.38226443193021925
1.0,0.872910764842164,10.0,0.01,100.0,9.6,0.5,16.051403480478456,0.009492497594001751,3.0515037930141314e-11,30.515037930141315,300.0,False,0.09831218322153032,0.0,10.171679310047104
1.0,0.872910764842164,10.0,0.01,100.0,9.6,1.0,16.051403480478456,0.009010751057212905,2.8966392413273864e-11,28.966392413273862,300.0,False,0.10356829933109821,0.0,9.655464137757955
1.0,0.872910764842164,10.0,0.01,100.0,9.6,2.0,16.051403480478456,0.00811936346150635,2.6100895106155137e-11,26.100895106155136,300.0,False,0.11493858688748715,0.0,8.700298368718379
1.0,0.872910764842164,10.0,0.01,100.0,9.6,5.0,16.051403480478456,0.0059402532055363505,1.9095822789160014e-11,19.095822789160014,300.0,False,0.15710242146271847,0.0,6.365274263053338
1.0,0.872910764842164,10.0,0.01,100.0,9.6,10.0,16.051403480478456,0.003528660814588489,1.1343402253566188e-11,11.343402253566188,300.0,False,0.2644709173613981,0.0,3.781134084522063
1.0,0.872910764842164,10.0,0.03,1.0,0.8,0.5,16.051403480478456,0.016057842855569708,5.162031161573217e-11,51.62031161573217,3.0,True,0.0017434997423101755,2.7762423538631187,17.20677053857739
1.0,0.872910764842164,10.0,0.03,1.0,0.8,1.0,16.051403480478456,0.008595143905805703,2.7630361736032225e-11,27.630361736032224,3.0,True,0.0032572863453551072,2.7762423538631187,9.210120578677408
1.0,0.872910764842164,10.0,0.03,1.0,0.8,2.0,16.051403480478456,0.002462549958716964,7.916231176355482e-12,7.916231176355482,3.0,True,0.011369046455946817,2.7762423538631187,2.6387437254518273
1.0,0.872910764842164,10.0,0.03,1.0,0.8,5.0,16.051403480478456,5.791362408683128e-05,1.8617191294294426e-13,0.18617191294294425,3.0,False,0.48342415661583776,2.7762423538631187,0.062057304314314755
1.0,0.872910764842164,10.0,0.03,1.0,0.8,10.0,16.051403480478456,1.1179959516236012e-07,3.593963393901317e-16,0.00035939633939013167,3.0,False,250.4199128814811,2.7762423538631187,0.00011979877979671056
1.0,0.872910764842164,10.0,0.03,1.0,3.0,0.5,16.051403480478456,0.02539445174671842,8.163422224683188e-11,81.63422224683188,3.0,True,0.001102478807575003,10.410908826986695,27.211407415610626
1.0,0.872910764842164,10.0,0.03,1.0,3.0,1.0,16.051403480478456,0.021495939317213678,6.9101877257602e-11,69.101877257602,3.0,True,0.0013024248192924307,10.410908826986695,23.033959085867334
1.0,0.872910764842164,10.0,0.03,1.0,3.0,2.0,16.051403480478456,0.01540251357097776,4.9513658674498675e-11,49.51365867449868,3.0,True,0.0018176802605450212,10.410908826986695,16.504552891499557
1.0,0.872910764842164,10.0,0.03,1.0,3.0,5.0,16.051403480478456,0.005666268085126855,1.821505708352811e-11,18.21505708352811,3.0,True,0.004940967222188233,10.410908826986695,6.0716856945093705
1.0,0.872910764842164,10.0,0.03,1.0,3.0,10.0,16.051403480478456,0.0010702198004175717,3.4403798873719727e-12,3.440379887371973,3.0,True,0.026159901797574145,10.410908826986695,1.1467932957906575
1.0,0.872910764842164,10.0,0.03,1.0,9.6,0.5,16.051403480478456,0.028477492782005256,9.154511379042394e-11,91.54511379042394,3.0,True,0.0009831218322153032,33.31490824635742,30.515037930141315
1.0,0.872910764842164,10.0,0.03,1.0,9.6,1.0,16.051403480478456,0.027032253171638716,8.68991772398216e-11,86.8991772398216,3.0,True,0.001035682993310982,33.31490824635742,28.966392413273862
1.0,0.872910764842164,10.0,0.03,1.0,9.6,2.0,16.051403480478456,0.024358090384519047,7.83026853184654e-11,78.3026853184654,3.0,True,0.0011493858688748715,33.31490824635742,26.100895106155132
1.0,0.872910764842164,10.0,0.03,1.0,9.6,5.0,16.051403480478456,0.01782075961660905,5.728746836748004e-11,57.287468367480045,3.0,True,0.0015710242146271848,33.31490824635742,19.095822789160014
1.0,0.872910764842164,10.0,0.03,1.0,9.6,10.0,16.051403480478456,0.010585982443765466,3.403020676069856e-11,34.03020676069856,3.0,True,0.002644709173613981,33.31490824635742,11.343402253566188
1.0,0.872910764842164,10.0,0.03,5.0,0.8,0.5,16.051403480478456,0.016057842855569708,5.162031161573217e-11,51.62031161573217,15.0,True,0.008717498711550876,1.4886920239158383,17.20677053857739
1.0,0.872910764842164,10.0,0.03,5.0,0.8,1.0,16.051403480478456,0.008595143905805703,2.7630361736032225e-11,27.630361736032224,15.0,True,0.016286431726775536,1.4886920239158383,9.210120578677408
1.0,0.872910764842164,10.0,0.03,5.0,0.8,2.0,16.051403480478456,0.002462549958716964,7.916231176355482e-12,7.916231176355482,15.0,False,0.056845232279734086,1.4886920239158383,2.6387437254518273
1.0,0.872910764842164,10.0,0.03,5.0,0.8,5.0,16.051403480478456,5.791362408683128e-05,1.8617191294294426e-13,0.18617191294294425,15.0,False,2.4171207830791888,1.4886920239158383,0.062057304314314755
1.0,0.872910764842164,10.0,0.03,5.0,0.8,10.0,16.051403480478456,1.1179959516236012e-07,3.593963393901317e-16,0.00035939633939013167,15.0,False,1252.0995644074055,1.4886920239158383,0.00011979877979671056
1.0,0.872910764842164,10.0,0.03,5.0,3.0,0.5,16.051403480478456,0.02539445174671842,8.163422224683188e-11,81.63422224683188,15.0,True,0.005512394037875014,5.582595089684393,27.211407415610626
1.0,0.872910764842164,10.0,0.03,5.0,3.0,1.0,16.051403480478456,0.021495939317213678,6.9101877257602e-11,69.101877257602,15.0,True,0.006512124096462153,5.582595089684393,23.033959085867334
1.0,0.872910764842164,10.0,0.03,5.0,3.0,2.0,16.051403480478456,0.01540251357097776,4.9513658674498675e-11,49.51365867449868,15.0,True,0.009088401302725105,5.582595089684393,16.504552891499557
1.0,0.872910764842164,10.0,0.03,5.0,3.0,5.0,16.051403480478456,0.005666268085126855,1.821505708352811e-11,18.21505708352811,15.0,True,0.024704836110941167,5.582595089684393,6.0716856945093705
1.0,0.872910764842164,10.0,0.03,5.0,3.0,10.0,16.051403480478456,0.0010702198004175717,3.4403798873719727e-12,3.440379887371973,15.0,False,0.1307995089878707,5.582595089684393,1.1467932957906575
1.0,0.872910764842164,10.0,0.03,5.0,9.6,0.5,16.051403480478456,0.028477492782005256,9.154511379042394e-11,91.54511379042394,15.0,True,0.0049156091610765154,17.86430428699006,30.515037930141315
1.0,0.872910764842164,10.0,0.03,5.0,9.6,1.0,16.051403480478456,0.027032253171638716,8.68991772398216e-11,86.8991772398216,15.0,True,0.00517841496655491,17.86430428699006,28.966392413273862
1.0,0.872910764842164,10.0,0.03,5.0,9.6,2.0,16.051403480478456,0.024358090384519047,7.83026853184654e-11,78.3026853184654,15.0,True,0.005746929344374358,17.86430428699006,26.100895106155132
1.0,0.872910764842164,10.0,0.03,5.0,9.6,5.0,16.051403480478456,0.01782075961660905,5.728746836748004e-11,57.287468367480045,15.0,True,0.007855121073135922,17.86430428699006,19.095822789160014
1.0,0.872910764842164,10.0,0.03,5.0,9.6,10.0,16.051403480478456,0.010585982443765466,3.403020676069856e-11,34.03020676069856,15.0,True,0.013223545868069904,17.86430428699006,11.343402253566188
1.0,0.872910764842164,10.0,0.03,10.0,0.8,0.5,16.051403480478456,0.016057842855569708,5.162031161573217e-11,51.62031161573217,30.0,True,0.017434997423101752,0.9341742794678821,17.20677053857739
1.0,0.872910764842164,10.0,0.03,10.0,0.8,1.0,16.051403480478456,0.008595143905805703,2.7630361736032225e-11,27.630361736032224,30.0,False,0.03257286345355107,0.9341742794678821,9.210120578677408
1.0,0.872910764842164,10.0,0.03,10.0,0.8,2.0,16.051403480478456,0.002462549958716964,7.916231176355482e-12,7.916231176355482,30.0,False,0.11369046455946817,0.9341742794678821,2.6387437254518273
1.0,0.872910764842164,10.0,0.03,10.0,0.8,5.0,16.051403480478456,5.791362408683128e-05,1.8617191294294426e-13,0.18617191294294425,30.0,False,4.8342415661583775,0.9341742794678821,0.062057304314314755
1.0,0.872910764842164,10.0,0.03,10.0,0.8,10.0,16.051403480478456,1.1179959516236012e-07,3.593963393901317e-16,0.00035939633939013167,30.0,False,2504.199128814811,0.9341742794678821,0.00011979877979671056
1.0,0.872910764842164,10.0,0.03,10.0,3.0,0.5,16.051403480478456,0.02539445174671842,8.163422224683188e-11,81.63422224683188,30.0,True,0.011024788075750028,3.5031535480045575,27.211407415610626
1.0,0.872910764842164,10.0,0.03,10.0,3.0,1.0,16.051403480478456,0.021495939317213678,6.9101877257602e-11,69.101877257602,30.0,True,0.013024248192924305,3.5031535480045575,23.033959085867334
1.0,0.872910764842164,10.0,0.03,10.0,3.0,2.0,16.051403480478456,0.01540251357097776,4.9513658674498675e-11,49.51365867449868,30.0,True,0.01817680260545021,3.5031535480045575,16.504552891499557
1.0,0.872910764842164,10.0,0.03,10.0,3.0,5.0,16.051403480478456,0.005666268085126855,1.821505708352811e-11,18.21505708352811,30.0,False,0.049409672221882334,3.5031535480045575,6.0716856945093705
1.0,0.872910764842164,10.0,0.03,10.0,3.0,10.0,16.051403480478456,0.0010702198004175717,3.4403798873719727e-12,3.440379887371973,30.0,False,0.2615990179757414,3.5031535480045575,1.1467932957906575
1.0,0.872910764842164,10.0,0.03,10.0,9.6,0.5,16.051403480478456,0.028477492782005256,9.154511379042394e-11,91.54511379042394,30.0,True,0.009831218322153031,11.210091353614585,30.515037930141315
1.0,0.872910764842164,10.0,0.03,10.0,9.6,1.0,16.051403480478456,0.027032253171638716,8.68991772398216e-11,86.8991772398216,30.0,True,0.01035682993310982,11.210091353614585,28.966392413273862
1.0,0.872910764842164,10.0,0.03,10.0,9.6,2.0,16.051403480478456,0.024358090384519047,7.83026853184654e-11,78.3026853184654,30.0,True,0.011493858688748715,11.210091353614585,26.100895106155132
1.0,0.872910764842164,10.0,0.03,10.0,9.6,5.0,16.051403480478456,0.01782075961660905,5.728746836748004e-11,57.287468367480045,30.0,True,0.015710242146271845,11.210091353614585,19.095822789160014
1.0,0.872910764842164,10.0,0.03,10.0,9.6,10.0,16.051403480478456,0.010585982443765466,3.403020676069856e-11,34.03020676069856,30.0,True,0.026447091736139808,11.210091353614585,11.343402253566188
1.0,0.872910764842164,10.0,0.03,50.0,0.8,0.5,16.051403480478456,0.016057842855569708,5.162031161573217e-11,51.62031161573217,150.0,False,0.08717498711550876,0.0,17.20677053857739
1.0,0.872910764842164,10.0,0.03,50.0,0.8,1.0,16.051403480478456,0.008595143905805703,2.7630361736032225e-11,27.630361736032224,150.0,False,0.16286431726775535,0.0,9.210120578677408
1.0,0.872910764842164,10.0,0.03,50.0,0.8,2.0,16.051403480478456,0.002462549958716964,7.916231176355482e-12,7.916231176355482,150.0,False,0.5684523227973408,0.0,2.6387437254518273
1.0,0.872910764842164,10.0,0.03,50.0,0.8,5.0,16.051403480478456,5.791362408683128e-05,1.8617191294294426e-13,0.18617191294294425,150.0,False,24.171207830791886,0.0,0.062057304314314755
1.0,0.872910764842164,10.0,0.03,50.0,0.8,10.0,16.051403480478456,1.1179959516236012e-07,3.593963393901317e-16,0.00035939633939013167,150.0,False,12520.995644074055,0.0,0.00011979877979671056
1.0,0.872910764842164,10.0,0.03,50.0,3.0,0.5,16.051403480478456,0.02539445174671842,8.163422224683188e-11,81.63422224683188,150.0,False,0.055123940378750146,0.0,27.211407415610626
1.0,0.872910764842164,10.0,0.03,50.0,3.0,1.0,16.051403480478456,0.021495939317213678,6.9101877257602e-11,69.101877257602,150.0,False,0.06512124096462153,0.0,23.033959085867334
1.0,0.872910764842164,10.0,0.03,50.0,3.0,2.0,16.051403480478456,0.01540251357097776,4.9513658674498675e-11,49.51365867449868,150.0,False,0.09088401302725105,0.0,16.504552891499557
1.0,0.872910764842164,10.0,0.03,50.0,3.0,5.0,16.051403480478456,0.005666268085126855,1.821505708352811e-11,18.21505708352811,150.0,False,0.24704836110941167,0.0,6.0716856945093705
1.0,0.872910764842164,10.0,0.03,50.0,3.0,10.0,16.051403480478456,0.0010702198004175717,3.4403798873719727e-12,3.440379887371973,150.0,False,1.3079950898787072,0.0,1.1467932957906575
1.0,0.872910764842164,10.0,0.03,50.0,9.6,0.5,16.051403480478456,0.028477492782005256,9.154511379042394e-11,91.54511379042394,150.0,False,0.04915609161076516,0.0,30.515037930141315
1.0,0.872910764842164,10.0,0.03,50.0,9.6,1.0,16.051403480478456,0.027032253171638716,8.68991772398216e-11,86.8991772398216,150.0,False,0.051784149665549103,0.0,28.966392413273862
1.0,0.872910764842164,10.0,0.03,50.0,9.6,2.0,16.051403480478456,0.024358090384519047,7.83026853184654e-11,78.3026853184654,150.0,False,0.057469293443743574,0.0,26.100895106155132
1.0,0.872910764842164,10.0,0.03,50.0,9.6,5.0,16.051403480478456,0.01782075961660905,5.728746836748004e-11,57.287468367480045,150.0,False,0.07855121073135923,0.0,19.095822789160014
1.0,0.872910764842164,10.0,0.03,50.0,9.6,10.0,16.051403480478456,0.010585982443765466,3.403020676069856e-11,34.03020676069856,150.0,False,0.13223545868069905,0.0,11.343402253566188
1.0,0.872910764842164,10.0,0.03,100.0,0.8,0.5,16.051403480478456,0.016057842855569708,5.162031161573217e-11,51.62031161573217,300.0,False,0.17434997423101753,0.0,17.20677053857739
1.0,0.872910764842164,10.0,0.03,100.0,0.8,1.0,16.051403480478456,0.008595143905805703,2.7630361736032225e-11,27.630361736032224,300.0,False,0.3257286345355107,0.0,9.210120578677408
1.0,0.872910764842164,10.0,0.03,100.0,0.8,2.0,16.051403480478456,0.002462549958716964,7.916231176355482e-12,7.916231176355482,300.0,False,1.1369046455946816,0.0,2.6387437254518273
1.0,0.872910764842164,10.0,0.03,100.0,0.8,5.0,16.051403480478456,5.791362408683128e-05,1.8617191294294426e-13,0.18617191294294425,300.0,False,48.34241566158377,0.0,0.062057304314314755
1.0,0.872910764842164,10.0,0.03,100.0,0.8,10.0,16.051403480478456,1.1179959516236012e-07,3.593963393901317e-16,0.00035939633939013167,300.0,False,25041.99128814811,0.0,0.00011979877979671056
1.0,0.872910764842164,10.0,0.03,100.0,3.0,0.5,16.051403480478456,0.02539445174671842,8.163422224683188e-11,81.63422224683188,300.0,False,0.11024788075750029,0.0,27.211407415610626
1.0,0.872910764842164,10.0,0.03,100.0,3.0,1.0,16.051403480478456,0.021495939317213678,6.9101877257602e-11,69.101877257602,300.0,False,0.13024248192924306,0.0,23.033959085867334
1.0,0.872910764842164,10.0,0.03,100.0,3.0,2.0,16.051403480478456,0.01540251357097776,4.9513658674498675e-11,49.51365867449868,300.0,False,0.1817680260545021,0.0,16.504552891499557
1.0,0.872910764842164,10.0,0.03,100.0,3.0,5.0,16.051403480478456,0.005666268085126855,1.821505708352811e-11,18.21505708352811,300.0,False,0.49409672221882334,0.0,6.0716856945093705
1.0,0.872910764842164,10.0,0.03,100.0,3.0,10.0,16.051403480478456,0.0010702198004175717,3.4403798873719727e-12,3.440379887371973,300.0,False,2.6159901797574143,0.0,1.1467932957906575
1.0,0.872910764842164,10.0,0.03,100.0,9.6,0.5,16.051403480478456,0.028477492782005256,9.154511379042394e-11,91.54511379042394,300.0,False,0.09831218322153032,0.0,30.515037930141315
1.0,0.872910764842164,10.0,0.03,100.0,9.6,1.0,16.051403480478456,0.027032253171638716,8.68991772398216e-11,86.8991772398216,300.0,False,0.10356829933109821,0.0,28.966392413273862
1.0,0.872910764842164,10.0,0.03,100.0,9.6,2.0,16.051403480478456,0.024358090384519047,7.83026853184654e-11,78.3026853184654,300.0,False,0.11493858688748715,0.0,26.100895106155132
1.0,0.872910764842164,10.0,0.03,100.0,9.6,5.0,16.051403480478456,0.01782075961660905,5.728746836748004e-11,57.287468367480045,300.0,False,0.15710242146271847,0.0,19.095822789160014
1.0,0.872910764842164,10.0,0.03,100.0,9.6,10.0,16.051403480478456,0.010585982443765466,3.403020676069856e-11,34.03020676069856,300.0,False,0.2644709173613981,0.0,11.343402253566188
1.0,0.872910764842164,10.0,0.1,1.0,0.8,0.5,16.051403480478456,0.05352614285189903,1.7206770538577392e-10,172.06770538577393,3.0,True,0.0017434997423101755,3.7394205973238677,57.35590179525798
1.0,0.872910764842164,10.0,0.1,1.0,0.8,1.0,16.051403480478456,0.028650479686019012,9.21012057867741e-11,92.10120578677409,3.0,True,0.0032572863453551072,3.7394205973238677,30.700401928924702
1.0,0.872910764842164,10.0,0.1,1.0,0.8,2.0,16.051403480478456,0.008208499862389881,2.638743725451828e-11,26.387437254518282,3.0,True,0.011369046455946817,3.7394205973238677,8.79581241817276
1.0,0.872910764842164,10.0,0.1,1.0,0.8,5.0,16.051403480478456,0.00019304541362277094,6.205730431431476e-13,0.6205730431431477,3.0,False,0.48342415661583776,3.7394205973238677,0.20685768104771585
1.0,0.872910764842164,10.0,0.1,1.0,0.8,10.0,16.051403480478456,3.726653172078671e-07,1.1979877979671058e-15,0.0011979877979671058,3.0,False,250.4199128814811,3.7394205973238677,0.00039932926598903524
1.0,0.872910764842164,10.0,0.1,1.0,3.0,0.5,16.051403480478456,0.08464817248906142,2.7211407415610637e-10,272.11407415610637,3.0,True,0.001102478807575003,14.022827239964503,90.70469138536879
1.0,0.872910764842164,10.0,0.1,1.0,3.0,1.0,16.051403480478456,0.07165313105737893,2.3033959085867333e-10,230.33959085867332,3.0,True,0.0013024248192924307,14.022827239964503,76.77986361955777
1.0,0.872910764842164,10.0,0.1,1.0,3.0,2.0,16.051403480478456,0.0513417119032592,1.650455289149956e-10,165.0455289149956,3.0,True,0.0018176802605450212,14.022827239964503,55.01517630499853
1.0,0.872910764842164,10.0,0.1,1.0,3.0,5.0,16.051403480478456,0.018887560283756183,6.07168569450937e-11,60.7168569450937,3.0,True,0.004940967222188233,14.022827239964503,20.238952315031234
1.0,0.872910764842164,10.0,0.1,1.0,3.0,10.0,16.051403480478456,0.0035673993347252395,1.1467932957906576e-11,11.467932957906577,3.0,True,0.026159901797574145,14.022827239964503,3.8226443193021917
1.0,0.872910764842164,10.0,0.1,1.0,9.6,0.5,16.051403480478456,0.09492497594001753,3.0515037930141316e-10,305.1503793014132,3.0,True,0.0009831218322153032,44.87304716788641,101.71679310047105
1.0,0.872910764842164,10.0,0.1,1.0,9.6,1.0,16.051403480478456,0.09010751057212907,2.896639241327387e-10,289.66392413273866,3.0,True,0.001035682993310982,44.87304716788641,96.55464137757956
1.0,0.872910764842164,10.0,0.1,1.0,9.6,2.0,16.051403480478456,0.0811936346150635,2.6100895106155137e-10,261.0089510615514,3.0,True,0.0011493858688748715,44.87304716788641,87.00298368718379
1.0,0.872910764842164,10.0,0.1,1.0,9.6,5.0,16.051403480478456,0.0594025320553635,1.9095822789160012e-10,190.9582278916001,3.0,True,0.0015710242146271848,44.87304716788641,63.652742630533375
1.0,0.872910764842164,10.0,0.1,1.0,9.6,10.0,16.051403480478456,0.03528660814588489,1.1343402253566188e-10,113.43402253566188,3.0,True,0.002644709173613981,44.87304716788641,37.81134084522063
1.0,0.872910764842164,10.0,0.1,5.0,0.8,0.5,16.051403480478456,0.05352614285189903,1.7206770538577392e-10,172.06770538577393,15.0,True,0.008717498711550876,2.4518702673765875,57.35590179525798
1.0,0.872910764842164,10.0,0.1,5.0,0.8,1.0,16.051403480478456,0.028650479686019012,9.21012057867741e-11,92.10120578677409,15.0,True,0.016286431726775536,2.4518702673765875,30.700401928924702
1.0,0.872910764842164,10.0,0.1,5.0,0.8,2.0,16.051403480478456,0.008208499862389881,2.638743725451828e-11,26.387437254518282,15.0,True,0.056845232279734086,2.4518702673765875,8.79581241817276
1.0,0.872910764842164,10.0,0.1,5.0,0.8,5.0,16.051403480478456,0.00019304541362277094,6.205730431431476e-13,0.6205730431431477,15.0,False,2.4171207830791888,2.4518702673765875,0.20685768104771585
1.0,0.872910764842164,10.0,0.1,5.0,0.8,10.0,16.051403480478456,3.726653172078671e-07,1.1979877979671058e-15,0.0011979877979671058,15.0,False,1252.0995644074055,2.4518702673765875,0.00039932926598903524
1.0,0.872910764842164,10.0,0.1,5.0,3.0,0.5,16.051403480478456,0.08464817248906142,2.7211407415610637e-10,272.11407415610637,15.0,True,0.005512394037875014,9.194513502662202,90.70469138536879
1.0,0.872910764842164,10.0,0.1,5.0,3.0,1.0,16.051403480478456,0.07165313105737893,2.3033959085867333e-10,230.33959085867332,15.0,True,0.006512124096462153,9.194513502662202,76.77986361955777
1.0,0.872910764842164,10.0,0.1,5.0,3.0,2.0,16.051403480478456,0.0513417119032592,1.650455289149956e-10,165.0455289149956,15.0,True,0.009088401302725105,9.194513502662202,55.01517630499853
1.0,0.872910764842164,10.0,0.1,5.0,3.0,5.0,16.051403480478456,0.018887560283756183,6.07168569450937e-11,60.7168569450937,15.0,True,0.024704836110941167,9.194513502662202,20.238952315031234
1.0,0.872910764842164,10.0,0.1,5.0,3.0,10.0,16.051403480478456,0.0035673993347252395,1.1467932957906576e-11,11.467932957906577,15.0,False,0.1307995089878707,9.194513502662202,3.8226443193021917
1.0,0.872910764842164,10.0,0.1,5.0,9.6,0.5,16.051403480478456,0.09492497594001753,3.0515037930141316e-10,305.1503793014132,15.0,True,0.0049156091610765154,29.422443208519045,101.71679310047105
1.0,0.872910764842164,10.0,0.1,5.0,9.6,1.0,16.051403480478456,0.09010751057212907,2.896639241327387e-10,289.66392413273866,15.0,True,0.00517841496655491,29.422443208519045,96.55464137757956
1.0,0.872910764842164,10.0,0.1,5.0,9.6,2.0,16.051403480478456,0.0811936346150635,2.6100895106155137e-10,261.0089510615514,15.0,True,0.005746929344374358,29.422443208519045,87.00298368718379
1.0,0.872910764842164,10.0,0.1,5.0,9.6,5.0,16.051403480478456,0.0594025320553635,1.9095822789160012e-10,190.9582278916001,15.0,True,0.007855121073135922,29.422443208519045,63.652742630533375
1.0,0.872910764842164,10.0,0.1,5.0,9.6,10.0,16.051403480478456,0.03528660814588489,1.1343402253566188e-10,113.43402253566188,15.0,True,0.013223545868069904,29.422443208519045,37.81134084522063
1.0,0.872910764842164,10.0,0.1,10.0,0.8,0.5,16.051403480478456,0.05352614285189903,1.7206770538577392e-10,172.06770538577393,30.0,True,0.017434997423101752,1.897352522928631,57.35590179525798
1.0,0.872910764842164,10.0,0.1,10.0,0.8,1.0,16.051403480478456,0.028650479686019012,9.21012057867741e-11,92.10120578677409,30.0,True,0.03257286345355107,1.897352522928631,30.700401928924702
1.0,0.872910764842164,10.0,0.1,10.0,0.8,2.0,16.051403480478456,0.008208499862389881,2.638743725451828e-11,26.387437254518282,30.0,False,0.11369046455946817,1.897352522928631,8.79581241817276
1.0,0.872910764842164,10.0,0.1,10.0,0.8,5.0,16.051403480478456,0.00019304541362277094,6.205730431431476e-13,0.6205730431431477,30.0,False,4.8342415661583775,1.897352522928631,0.20685768104771585
1.0,0.872910764842164,10.0,0.1,10.0,0.8,10.0,16.051403480478456,3.726653172078671e-07,1.1979877979671058e-15,0.0011979877979671058,30.0,False,2504.199128814811,1.897352522928631,0.00039932926598903524
1.0,0.872910764842164,10.0,0.1,10.0,3.0,0.5,16.051403480478456,0.08464817248906142,2.7211407415610637e-10,272.11407415610637,30.0,True,0.011024788075750028,7.115071960982366,90.70469138536879
1.0,0.872910764842164,10.0,0.1,10.0,3.0,1.0,16.051403480478456,0.07165313105737893,2.3033959085867333e-10,230.33959085867332,30.0,True,0.013024248192924305,7.115071960982366,76.77986361955777
1.0,0.872910764842164,10.0,0.1,10.0,3.0,2.0,16.051403480478456,0.0513417119032592,1.650455289149956e-10,165.0455289149956,30.0,True,0.01817680260545021,7.115071960982366,55.01517630499853
1.0,0.872910764842164,10.0,0.1,10.0,3.0,5.0,16.051403480478456,0.018887560283756183,6.07168569450937e-11,60.7168569450937,30.0,True,0.049409672221882334,7.115071960982366,20.238952315031234
1.0,0.872910764842164,10.0,0.1,10.0,3.0,10.0,16.051403480478456,0.0035673993347252395,1.1467932957906576e-11,11.467932957906577,30.0,False,0.2615990179757414,7.115071960982366,3.8226443193021917
1.0,0.872910764842164,10.0,0.1,10.0,9.6,0.5,16.051403480478456,0.09492497594001753,3.0515037930141316e-10,305.1503793014132,30.0,True,0.009831218322153031,22.76823027514357,101.71679310047105
1.0,0.872910764842164,10.0,0.1,10.0,9.6,1.0,16.051403480478456,0.09010751057212907,2.896639241327387e-10,289.66392413273866,30.0,True,0.01035682993310982,22.76823027514357,96.55464137757956
1.0,0.872910764842164,10.0,0.1,10.0,9.6,2.0,16.051403480478456,0.0811936346150635,2.6100895106155137e-10,261.0089510615514,30.0,True,0.011493858688748715,22.76823027514357,87.00298368718379
1.0,0.872910764842164,10.0,0.1,10.0,9.6,5.0,16.051403480478456,0.0594025320553635,1.9095822789160012e-10,190.9582278916001,30.0,True,0.015710242146271845,22.76823027514357,63.652742630533375
1.0,0.872910764842164,10.0,0.1,10.0,9.6,10.0,16.051403480478456,0.03528660814588489,1.1343402253566188e-10,113.43402253566188,30.0,True,0.026447091736139808,22.76823027514357,37.81134084522063
1.0,0.872910764842164,10.0,0.1,50.0,0.8,0.5,16.051403480478456,0.05352614285189903,1.7206770538577392e-10,172.06770538577393,150.0,True,0.08717498711550876,0.6098021929813506,57.35590179525798
1.0,0.872910764842164,10.0,0.1,50.0,0.8,1.0,16.051403480478456,0.028650479686019012,9.21012057867741e-11,92.10120578677409,150.0,False,0.16286431726775535,0.6098021929813506,30.700401928924702
1.0,0.872910764842164,10.0,0.1,50.0,0.8,2.0,16.051403480478456,0.008208499862389881,2.638743725451828e-11,26.387437254518282,150.0,False,0.5684523227973408,0.6098021929813506,8.79581241817276
1.0,0.872910764842164,10.0,0.1,50.0,0.8,5.0,16.051403480478456,0.00019304541362277094,6.205730431431476e-13,0.6205730431431477,150.0,False,24.171207830791886,0.6098021929813506,0.20685768104771585
1.0,0.872910764842164,10.0,0.1,50.0,0.8,10.0,16.051403480478456,3.726653172078671e-07,1.1979877979671058e-15,0.0011979877979671058,150.0,False,12520.995644074055,0.6098021929813506,0.00039932926598903524
1.0,0.872910764842164,10.0,0.1,50.0,3.0,0.5,16.051403480478456,0.08464817248906142,2.7211407415610637e-10,272.11407415610637,150.0,True,0.055123940378750146,2.286758223680065,90.70469138536879
1.0,0.872910764842164,10.0,0.1,50.0,3.0,1.0,16.051403480478456,0.07165313105737893,2.3033959085867333e-10,230.33959085867332,150.0,True,0.06512124096462153,2.286758223680065,76.77986361955777
1.0,0.872910764842164,10.0,0.1,50.0,3.0,2.0,16.051403480478456,0.0513417119032592,1.650455289149956e-10,165.0455289149956,150.0,True,0.09088401302725105,2.286758223680065,55.01517630499853
1.0,0.872910764842164,10.0,0.1,50.0,3.0,5.0,16.051403480478456,0.018887560283756183,6.07168569450937e-11,60.7168569450937,150.0,False,0.24704836110941167,2.286758223680065,20.238952315031234
1.0,0.872910764842164,10.0,0.1,50.0,3.0,10.0,16.051403480478456,0.0035673993347252395,1.1467932957906576e-11,11.467932957906577,150.0,False,1.3079950898787072,2.286758223680065,3.8226443193021917
1.0,0.872910764842164,10.0,0.1,50.0,9.6,0.5,16.051403480478456,0.09492497594001753,3.0515037930141316e-10,305.1503793014132,150.0,True,0.04915609161076516,7.317626315776208,101.71679310047105
1.0,0.872910764842164,10.0,0.1,50.0,9.6,1.0,16.051403480478456,0.09010751057212907,2.896639241327387e-10,289.66392413273866,150.0,True,0.051784149665549103,7.317626315776208,96.55464137757956
1.0,0.872910764842164,10.0,0.1,50.0,9.6,2.0,16.051403480478456,0.0811936346150635,2.6100895106155137e-10,261.0089510615514,150.0,True,0.057469293443743574,7.317626315776208,87.00298368718379
1.0,0.872910764842164,10.0,0.1,50.0,9.6,5.0,16.051403480478456,0.0594025320553635,1.9095822789160012e-10,190.9582278916001,150.0,True,0.07855121073135923,7.317626315776208,63.652742630533375
1.0,0.872910764842164,10.0,0.1,50.0,9.6,10.0,16.051403480478456,0.03528660814588489,1.1343402253566188e-10,113.43402253566188,150.0,False,0.13223545868069905,7.317626315776208,37.81134084522063
1.0,0.872910764842164,10.0,0.1,100.0,0.8,0.5,16.051403480478456,0.05352614285189903,1.7206770538577392e-10,172.06770538577393,300.0,False,0.17434997423101753,0.05528444853339436,57.35590179525798
1.0,0.872910764842164,10.0,0.1,100.0,0.8,1.0,16.051403480478456,0.028650479686019012,9.21012057867741e-11,92.10120578677409,300.0,False,0.3257286345355107,0.05528444853339436,30.700401928924702
1.0,0.872910764842164,10.0,0.1,100.0,0.8,2.0,16.051403480478456,0.008208499862389881,2.638743725451828e-11,26.387437254518282,300.0,False,1.1369046455946816,0.05528444853339436,8.79581241817276
1.0,0.872910764842164,10.0,0.1,100.0,0.8,5.0,16.051403480478456,0.00019304541362277094,6.205730431431476e-13,0.6205730431431477,300.0,False,48.34241566158377,0.05528444853339436,0.20685768104771585
1.0,0.872910764842164,10.0,0.1,100.0,0.8,10.0,16.051403480478456,3.726653172078671e-07,1.1979877979671058e-15,0.0011979877979671058,300.0,False,25041.99128814811,0.05528444853339436,0.00039932926598903524
1.0,0.872910764842164,10.0,0.1,100.0,3.0,0.5,16.051403480478456,0.08464817248906142,2.7211407415610637e-10,272.11407415610637,300.0,False,0.11024788075750029,0.20731668200022885,90.70469138536879
1.0,0.872910764842164,10.0,0.1,100.0,3.0,1.0,16.051403480478456,0.07165313105737893,2.3033959085867333e-10,230.33959085867332,300.0,False,0.13024248192924306,0.20731668200022885,76.77986361955777
1.0,0.872910764842164,10.0,0.1,100.0,3.0,2.0,16.051403480478456,0.0513417119032592,1.650455289149956e-10,165.0455289149956,300.0,False,0.1817680260545021,0.20731668200022885,55.01517630499853
1.0,0.872910764842164,10.0,0.1,100.0,3.0,5.0,16.051403480478456,0.018887560283756183,6.07168569450937e-11,60.7168569450937,300.0,False,0.49409672221882334,0.20731668200022885,20.238952315031234
1.0,0.872910764842164,10.0,0.1,100.0,3.0,10.0,16.051403480478456,0.0035673993347252395,1.1467932957906576e-11,11.467932957906577,300.0,False,2.6159901797574143,0.20731668200022885,3.8226443193021917
1.0,0.872910764842164,10.0,0.1,100.0,9.6,0.5,16.051403480478456,0.09492497594001753,3.0515037930141316e-10,305.1503793014132,300.0,True,0.09831218322153032,0.6634133824007323,101.71679310047105
1.0,0.872910764842164,10.0,0.1,100.0,9.6,1.0,16.051403480478456,0.09010751057212907,2.896639241327387e-10,289.66392413273866,300.0,False,0.10356829933109821,0.6634133824007323,96.55464137757956
1.0,0.872910764842164,10.0,0.1,100.0,9.6,2.0,16.051403480478456,0.0811936346150635,2.6100895106155137e-10,261.0089510615514,300.0,False,0.11493858688748715,0.6634133824007323,87.00298368718379
1.0,0.872910764842164,10.0,0.1,100.0,9.6,5.0,16.051403480478456,0.0594025320553635,1.9095822789160012e-10,190.9582278916001,300.0,False,0.15710242146271847,0.6634133824007323,63.652742630533375
1.0,0.872910764842164,10.0,0.1,100.0,9.6,10.0,16.051403480478456,0.03528660814588489,1.1343402253566188e-10,113.43402253566188,300.0,False,0.2644709173613981,0.6634133824007323,37.81134084522063
1.0,0.872910764842164,100.0,0.01,1.0,0.8,0.5,1.7301520930686534,0.005352614285189903,1.854687043315438e-12,1.8546870433154379,3.0,False,0.016175235659366023,0.1152829466841524,0.6182290144384793
1.0,0.872910764842164,100.0,0.01,1.0,0.8,1.0,1.7301520930686534,0.002865047968601901,9.927424362606834e-13,0.9927424362606834,3.0,False,0.030219318631124103,0.1152829466841524,0.3309141454202278
1.0,0.872910764842164,100.0,0.01,1.0,0.8,2.0,1.7301520930686534,0.0008208499862389881,2.844254700353574e-13,0.2844254700353574,3.0,False,0.10547578596343941,0.1152829466841524,0.09480849001178579
1.0,0.872910764842164,100.0,0.01,1.0,0.8,5.0,1.7301520930686534,1.9304541362277093e-05,6.689045919267468e-15,0.006689045919267468,3.0,False,4.484944543972479,0.1152829466841524,0.002229681973089156
1.0,0.872910764842164,100.0,0.01,1.0,0.8,10.0,1.7301520930686534,3.726653172078671e-08,1.2912896362266962e-17,1.2912896362266963e-05,3.0,False,2323.258791704053,0.1152829466841524,4.304298787422321e-06
1.0,0.872910764842164,100.0,0.01,1.0,3.0,0.5,1.7301520930686534,0.008464817248906142,2.9330689713656907e-12,2.9330689713656906,3.0,False,0.010228194526919514,0.43231105006557147,0.9776896571218969
1.0,0.872910764842164,100.0,0.01,1.0,3.0,1.0,1.7301520930686534,0.007165313105737893,2.4827892821047687e-12,2.482789282104769,3.0,False,0.012083184109191777,0.43231105006557147,0.8275964273682562
1.0,0.872910764842164,100.0,0.01,1.0,3.0,2.0,1.7301520930686534,0.005134171190325921,1.7789962581850873e-12,1.7789962581850873,3.0,False,0.016863441877390837,0.43231105006557147,0.5929987527283624
1.0,0.872910764842164,100.0,0.01,1.0,3.0,5.0,1.7301520930686534,0.0018887560283756184,6.544561493072168e-13,0.6544561493072167,3.0,False,0.045839587620586805,0.43231105006557147,0.21815204976907224
1.0,0.872910764842164,100.0,0.01,1.0,3.0,10.0,1.7301520930686534,0.00035673993347252396,1.2361079973114994e-13,0.12361079973114994,3.0,False,0.24269724057484596,0.43231105006557147,0.04120359991038331
1.0,0.872910764842164,100.0,0.01,1.0,9.6,0.5,1.7301520930686534,0.009492497594001751,3.289161400067779e-12,3.289161400067779,3.0,True,0.009120865883742219,1.3833953602098288,1.0963871333559263
1.0,0.872910764842164,100.0,0.01,1.0,9.6,1.0,1.7301520930686534,0.009010751057212905,3.122235667642683e-12,3.122235667642683,3.0,True,0.00960849954758549,1.3833953602098288,1.040745222547561
1.0,0.872910764842164,100.0,0.01,1.0,9.6,2.0,1.7301520930686534,0.00811936346150635,2.8133688343079148e-12,2.813368834307915,3.0,False,0.010663372549721148,1.3833953602098288,0.9377896114359716
1.0,0.872910764842164,100.0,0.01,1.0,9.6,5.0,1.7301520930686534,0.0059402532055363505,2.0583046091710654e-12,2.0583046091710653,3.0,False,0.01457510218183003,1.3833953602098288,0.6861015363903551
1.0,0.872910764842164,100.0,0.01,1.0,9.6,10.0,1.7301520930686534,0.003528660814588489,1.2226850552598667e-12,1.2226850552598667,3.0,False,0.02453616315251671,1.3833953602098288,0.40756168508662227
1.0,0.872910764842164,100.0,0.01,5.0,0.8,0.5,1.7301520930686534,0.005352614285189903,1.854687043315438e-12,1.8546870433154379,15.0,False,0.08087617829683011,0.0,0.6182290144384793
1.0,0.872910764842164,100.0,0.01,5.0,0.8,1.0,1.7301520930686534,0.002865047968601901,9.927424362606834e-13,0.9927424362606834,15.0,False,0.1510965931556205,0.0,0.3309141454202278
1.0,0.872910764842164,100.0,0.01,5.0,0.8,2.0,1.7301520930686534,0.0008208499862389881,2.844254700353574e-13,0.2844254700353574,15.0,False,0.527378929817197,0.0,0.09480849001178579
1.0,0.872910764842164,100.0,0.01,5.0,0.8,5.0,1.7301520930686534,1.9304541362277093e-05,6.689045919267468e-15,0.006689045919267468,15.0,False,22.42472271986239,0.0,0.002229681973089156
1.0,0.872910764842164,100.0,0.01,5.0,0.8,10.0,1.7301520930686534,3.726653172078671e-08,1.2912896362266962e-17,1.2912896362266963e-05,15.0,False,11616.293958520264,0.0,4.304298787422321e-06
1.0,0.872910764842164,100.0,0.01,5.0,3.0,0.5,1.7301520930686534,0.008464817248906142,2.9330689713656907e-12,2.9330689713656906,15.0,False,0.05114097263459757,0.0,0.9776896571218969
1.0,0.872910764842164,100.0,0.01,5.0,3.0,1.0,1.7301520930686534,0.007165313105737893,2.4827892821047687e-12,2.482789282104769,15.0,False,0.06041592054595888,0.0,0.8275964273682562
1.0,0.872910764842164,100.0,0.01,5.0,3.0,2.0,1.7301520930686534,0.005134171190325921,1.7789962581850873e-12,1.7789962581850873,15.0,False,0.08431720938695418,0.0,0.5929987527283624
1.0,0.872910764842164,100.0,0.01,5.0,3.0,5.0,1.7301520930686534,0.0018887560283756184,6.544561493072168e-13,0.6544561493072167,15.0,False,0.229197938102934,0.0,0.21815204976907224
1.0,0.872910764842164,100.0,0.01,5.0,3.0,10.0,1.7301520930686534,0.00035673993347252396,1.2361079973114994e-13,0.12361079973114994,15.0,False,1.2134862028742297,0.0,0.04120359991038331
1.0,0.872910764842164,100.0,0.01,5.0,9.6,0.5,1.7301520930686534,0.009492497594001751,3.289161400067779e-12,3.289161400067779,15.0,False,0.04560432941871109,0.0,1.0963871333559263
1.0,0.872910764842164,100.0,0.01,5.0,9.6,1.0,1.7301520930686534,0.009010751057212905,3.122235667642683e-12,3.122235667642683,15.0,False,0.04804249773792745,0.0,1.040745222547561
1.0,0.872910764842164,100.0,0.01,5.0,9.6,2.0,1.7301520930686534,0.00811936346150635,2.8133688343079148e-12,2.813368834307915,15.0,False,0.05331686274860574,0.0,0.9377896114359716
1.0,0.872910764842164,100.0,0.01,5.0,9.6,5.0,1.7301520930686534,0.0059402532055363505,2.0583046091710654e-12,2.0583046091710653,15.0,False,0.07287551090915015,0.0,0.6861015363903551
1.0,0.872910764842164,100.0,0.01,5.0,9.6,10.0,1.7301520930686534,0.003528660814588489,1.2226850552598667e-12,1.2226850552598667,15.0,False,0.12268081576258355,0.0,0.40756168508662227
1.0,0.872910764842164,100.0,0.01,10.0,0.8,0.5,1.7301520930686534,0.005352614285189903,1.854687043315438e-12,1.8546870433154379,30.0,False,0.16175235659366022,0.0,0.6182290144384793
1.0,0.872910764842164,100.0,0.01,10.0,0.8,1.0,1.7301520930686534,0.002865047968601901,9.927424362606834e-13,0.9927424362606834,30.0,False,0.302193186311241,0.0,0.3309141454202278
1.0,0.872910764842164,100.0,0.01,10.0,0.8,2.0,1.7301520930686534,0.0008208499862389881,2.844254700353574e-13,0.2844254700353574,30.0,False,1.054757859634394,0.0,0.09480849001178579
1.0,0.872910764842164,100.0,0.01,10.0,0.8,5.0,1.7301520930686534,1.9304541362277093e-05,6.689045919267468e-15,0.006689045919267468,30.0,False,44.84944543972478,0.0,0.002229681973089156
1.0,0.872910764842164,100.0,0.01,10.0,0.8,10.0,1.7301520930686534,3.726653172078671e-08,1.2912896362266962e-17,1.2912896362266963e-05,30.0,False,23232.587917040528,0.0,4.304298787422321e-06
1.0,0.872910764842164,100.0,0.01,10.0,3.0,0.5,1.7301520930686534,0.008464817248906142,2.9330689713656907e-12,2.9330689713656906,30.0,False,0.10228194526919514,0.0,0.9776896571218969
1.0,0.872910764842164,100.0,0.01,10.0,3.0,1.0,1.7301520930686534,0.007165313105737893,2.4827892821047687e-12,2.482789282104769,30.0,False,0.12083184109191776,0.0,0.8275964273682562
1.0,0.872910764842164,100.0,0.01,10.0,3.0,2.0,1.7301520930686534,0.005134171190325921,1.7789962581850873e-12,1.7789962581850873,30.0,False,0.16863441877390836,0.0,0.5929987527283624
1.0,0.872910764842164,100.0,0.01,10.0,3.0,5.0,1.7301520930686534,0.0018887560283756184,6.544561493072168e-13,0.6544561493072167,30.0,False,0.458395876205868,0.0,0.21815204976907224
1.0,0.872910764842164,100.0,0.01,10.0,3.0,10.0,1.7301520930686534,0.00035673993347252396,1.2361079973114994e-13,0.12361079973114994,30.0,False,2.4269724057484594,0.0,0.04120359991038331
1.0,0.872910764842164,100.0,0.01,10.0,9.6,0.5,1.7301520930686534,0.009492497594001751,3.289161400067779e-12,3.289161400067779,30.0,False,0.09120865883742219,0.0,1.0963871333559263
1.0,0.872910764842164,100.0,0.01,10.0,9.6,1.0,1.7301520930686534,0.009010751057212905,3.122235667642683e-12,3.122235667642683,30.0,False,0.0960849954758549,0.0,1.040745222547561
1.0,0.872910764842164,100.0,0.01,10.0,9.6,2.0,1.7301520930686534,0.00811936346150635,2.8133688343079148e-12,2.813368834307915,30.0,False,0.10663372549721148,0.0,0.9377896114359716
1.0,0.872910764842164,100.0,0.01,10.0,9.6,5.0,1.7301520930686534,0.0059402532055363505,2.0583046091710654e-12,2.0583046091710653,30.0,False,0.1457510218183003,0.0,0.6861015363903551
1.0,0.872910764842164,100.0,0.01,10.0,9.6,10.0,1.7301520930686534,0.003528660814588489,1.2226850552598667e-12,1.2226850552598667,30.0,False,0.2453616315251671,0.0,0.40756168508662227
1.0,0.872910764842164,100.0,0.01,50.0,0.8,0.5,1.7301520930686534,0.005352614285189903,1.854687043315438e-12,1.8546870433154379,150.0,False,0.808761782968301,0.0,0.6182290144384793
1.0,0.872910764842164,100.0,0.01,50.0,0.8,1.0,1.7301520930686534,0.002865047968601901,9.927424362606834e-13,0.9927424362606834,150.0,False,1.510965931556205,0.0,0.3309141454202278
1.0,0.872910764842164,100.0,0.01,50.0,0.8,2.0,1.7301520930686534,0.0008208499862389881,2.844254700353574e-13,0.2844254700353574,150.0,False,5.2737892981719705,0.0,0.09480849001178579
1.0,0.872910764842164,100.0,0.01,50.0,0.8,5.0,1.7301520930686534,1.9304541362277093e-05,6.689045919267468e-15,0.006689045919267468,150.0,False,224.24722719862393,0.0,0.002229681973089156
1.0,0.872910764842164,100.0,0.01,50.0,0.8,10.0,1.7301520930686534,3.726653172078671e-08,1.2912896362266962e-17,1.2912896362266963e-05,150.0,False,116162.93958520264,0.0,4.304298787422321e-06
1.0,0.872910764842164,100.0,0.01,50.0,3.0,0.5,1.7301520930686534,0.008464817248906142,2.9330689713656907e-12,2.9330689713656906,150.0,False,0.5114097263459757,0.0,0.9776896571218969
1.0,0.872910764842164,100.0,0.01,50.0,3.0,1.0,1.7301520930686534,0.007165313105737893,2.4827892821047687e-12,2.482789282104769,150.0,False,0.6041592054595888,0.0,0.8275964273682562
1.0,0.872910764842164,100.0,0.01,50.0,3.0,2.0,1.7301520930686534,0.005134171190325921,1.7789962581850873e-12,1.7789962581850873,150.0,False,0.8431720938695418,0.0,0.5929987527283624
1.0,0.872910764842164,100.0,0.01,50.0,3.0,5.0,1.7301520930686534,0.0018887560283756184,6.544561493072168e-13,0.6544561493072167,150.0,False,2.29197938102934,0.0,0.21815204976907224
1.0,0.872910764842164,100.0,0.01,50.0,3.0,10.0,1.7301520930686534,0.00035673993347252396,1.2361079973114994e-13,0.12361079973114994,150.0,False,12.134862028742297,0.0,0.04120359991038331
1.0,0.872910764842164,100.0,0.01,50.0,9.6,0.5,1.7301520930686534,0.009492497594001751,3.289161400067779e-12,3.289161400067779,150.0,False,0.4560432941871109,0.0,1.0963871333559263
1.0,0.872910764842164,100.0,0.01,50.0,9.6,1.0,1.7301520930686534,0.009010751057212905,3.122235667642683e-12,3.122235667642683,150.0,False,0.48042497737927453,0.0,1.040745222547561
1.0,0.872910764842164,100.0,0.01,50.0,9.6,2.0,1.7301520930686534,0.00811936346150635,2.8133688343079148e-12,2.813368834307915,150.0,False,0.5331686274860574,0.0,0.9377896114359716
1.0,0.872910764842164,100.0,0.01,50.0,9.6,5.0,1.7301520930686534,0.0059402532055363505,2.0583046091710654e-12,2.0583046091710653,150.0,False,0.7287551090915014,0.0,0.6861015363903551
1.0,0.872910764842164,100.0,0.01,50.0,9.6,10.0,1.7301520930686534,0.003528660814588489,1.2226850552598667e-12,1.2226850552598667,150.0,False,1.2268081576258356,0.0,0.40756168508662227
1.0,0.872910764842164,100.0,0.01,100.0,0.8,0.5,1.7301520930686534,0.005352614285189903,1.854687043315438e-12,1.8546870433154379,300.0,False,1.617523565936602,0.0,0.6182290144384793
1.0,0.872910764842164,100.0,0.01,100.0,0.8,1.0,1.7301520930686534,0.002865047968601901,9.927424362606834e-13,0.9927424362606834,300.0,False,3.02193186311241,0.0,0.3309141454202278
1.0,0.872910764842164,100.0,0.01,100.0,0.8,2.0,1.7301520930686534,0.0008208499862389881,2.844254700353574e-13,0.2844254700353574,300.0,False,10.547578596343941,0.0,0.09480849001178579
1.0,0.872910764842164,100.0,0.01,100.0,0.8,5.0,1.7301520930686534,1.9304541362277093e-05,6.689045919267468e-15,0.006689045919267468,300.0,False,448.49445439724786,0.0,0.002229681973089156
1.0,0.872910764842164,100.0,0.01,100.0,0.8,10.0,1.7301520930686534,3.726653172078671e-08,1.2912896362266962e-17,1.2912896362266963e-05,300.0,False,232325.87917040527,0.0,4.304298787422321e-06
1.0,0.872910764842164,100.0,0.01,100.0,3.0,0.5,1.7301520930686534,0.008464817248906142,2.9330689713656907e-12,2.9330689713656906,300.0,False,1.0228194526919514,0.0,0.9776896571218969
1.0,0.872910764842164,100.0,0.01,100.0,3.0,1.0,1.7301520930686534,0.007165313105737893,2.4827892821047687e-12,2.482789282104769,300.0,False,1.2083184109191776,0.0,0.8275964273682562
1.0,0.872910764842164,100.0,0.01,100.0,3.0,2.0,1.7301520930686534,0.005134171190325921,1.7789962581850873e-12,1.7789962581850873,300.0,False,1.6863441877390837,0.0,0.5929987527283624
1.0,0.872910764842164,100.0,0.01,100.0,3.0,5.0,1.7301520930686534,0.0018887560283756184,6.544561493072168e-13,0.6544561493072167,300.0,False,4.58395876205868,0.0,0.21815204976907224
1.0,0.872910764842164,100.0,0.01,100.0,3.0,10.0,1.7301520930686534,0.00035673993347252396,1.2361079973114994e-13,0.12361079973114994,300.0,False,24.269724057484595,0.0,0.04120359991038331
1.0,0.872910764842164,100.0,0.01,100.0,9.6,0.5,1.7301520930686534,0.009492497594001751,3.289161400067779e-12,3.289161400067779,300.0,False,0.9120865883742219,0.0,1.0963871333559263
1.0,0.872910764842164,100.0,0.01,100.0,9.6,1.0,1.7301520930686534,0.009010751057212905,3.122235667642683e-12,3.122235667642683,300.0,False,0.9608499547585491,0.0,1.040745222547561
1.0,0.872910764842164,100.0,0.01,100.0,9.6,2.0,1.7301520930686534,0.00811936346150635,2.8133688343079148e-12,2.813368834307915,300.0,False,1.0663372549721148,0.0,0.9377896114359716
1.0,0.872910764842164,100.0,0.01,100.0,9.6,5.0,1.7301520930686534,0.0059402532055363505,2.0583046091710654e-12,2.0583046091710653,300.0,False,1.4575102181830029,0.0,0.6861015363903551
1.0,0.872910764842164,100.0,0.01,100.0,9.6,10.0,1.7301520930686534,0.003528660814588489,1.2226850552598667e-12,1.2226850552598667,300.0,False,2.4536163152516712,0.0,0.40756168508662227
1.0,0.872910764842164,100.0,0.03,1.0,0.8,0.5,1.7301520930686534,0.016057842855569708,5.564061129946313e-12,5.564061129946313,3.0,True,0.016175235659366023,0.9941727776186401,1.8546870433154374
1.0,0.872910764842164,100.0,0.03,1.0,0.8,1.0,1.7301520930686534,0.008595143905805703,2.97822730878205e-12,2.97822730878205,3.0,False,0.030219318631124103,0.9941727776186401,0.9927424362606834
1.0,0.872910764842164,100.0,0.03,1.0,0.8,2.0,1.7301520930686534,0.002462549958716964,8.53276410106072e-13,0.853276410106072,3.0,False,0.10547578596343941,0.9941727776186401,0.28442547003535734
1.0,0.872910764842164,100.0,0.03,1.0,0.8,5.0,1.7301520930686534,5.791362408683128e-05,2.0067137757802402e-14,0.020067137757802403,3.0,False,4.484944543972479,0.9941727776186401,0.006689045919267467
1.0,0.872910764842164,100.0,0.03,1.0,0.8,10.0,1.7301520930686534,1.1179959516236012e-07,3.873868908680088e-17,3.873868908680088e-05,3.0,False,2323.258791704053,0.9941727776186401,1.2912896362266961e-05
1.0,0.872910764842164,100.0,0.03,1.0,3.0,0.5,1.7301520930686534,0.02539445174671842,8.799206914097071e-12,8.799206914097072,3.0,True,0.010228194526919514,3.7281479160699003,2.93306897136569
1.0,0.872910764842164,100.0,0.03,1.0,3.0,1.0,1.7301520930686534,0.021495939317213678,7.448367846314307e-12,7.448367846314307,3.0,True,0.012083184109191777,3.7281479160699003,2.482789282104769
1.0,0.872910764842164,100.0,0.03,1.0,3.0,2.0,1.7301520930686534,0.01540251357097776,5.3369887745552615e-12,5.3369887745552615,3.0,True,0.016863441877390837,3.7281479160699003,1.778996258185087
1.0,0.872910764842164,100.0,0.03,1.0,3.0,5.0,1.7301520930686534,0.005666268085126855,1.9633684479216504e-12,1.9633684479216504,3.0,False,0.045839587620586805,3.7281479160699003,0.6544561493072167
1.0,0.872910764842164,100.0,0.03,1.0,3.0,10.0,1.7301520930686534,0.0010702198004175717,3.708323991934498e-13,0.3708323991934498,3.0,False,0.24269724057484596,3.7281479160699003,0.12361079973114994
1.0,0.872910764842164,100.0,0.03,1.0,9.6,0.5,1.7301520930686534,0.028477492782005256,9.867484200203337e-12,9.867484200203338,3.0,True,0.009120865883742219,11.93007333142368,3.289161400067779
1.0,0.872910764842164,100.0,0.03,1.0,9.6,1.0,1.7301520930686534,0.027032253171638716,9.366707002928048e-12,9.366707002928047,3.0,True,0.00960849954758549,11.93007333142368,3.122235667642683
1.0,0.872910764842164,100.0,0.03,1.0,9.6,2.0,1.7301520930686534,0.024358090384519047,8.440106502923743e-12,8.440106502923744,3.0,True,0.010663372549721148,11.93007333142368,2.8133688343079144
1.0,0.872910764842164,100.0,0.03,1.0,9.6,5.0,1.7301520930686534,0.01782075961660905,6.174913827513196e-12,6.174913827513196,3.0,True,0.01457510218183003,11.93007333142368,2.0583046091710653
1.0,0.872910764842164,100.0,0.03,1.0,9.6,10.0,1.7301520930686534,0.010585982443765466,3.6680551657796e-12,3.6680551657796,3.0,True,0.02453616315251671,11.93007333142368,1.2226850552598667
1.0,0.872910764842164,100.0,0.03,5.0,0.8,0.5,1.7301520930686534,0.016057842855569708,5.564061129946313e-12,5.564061129946313,15.0,False,0.08087617829683011,0.0,1.8546870433154374
1.0,0.872910764842164,100.0,0.03,5.0,0.8,1.0,1.7301520930686534,0.008595143905805703,2.97822730878205e-12,2.97822730878205,15.0,False,0.1510965931556205,0.0,0.9927424362606834
1.0,0.872910764842164,100.0,0.03,5.0,0.8,2.0,1.7301520930686534,0.002462549958716964,8.53276410106072e-13,0.853276410106072,15.0,False,0.527378929817197,0.0,0.28442547003535734
1.0,0.872910764842164,100.0,0.03,5.0,0.8,5.0,1.7301520930686534,5.791362408683128e-05,2.0067137757802402e-14,0.020067137757802403,15.0,False,22.42472271986239,0.0,0.006689045919267467
1.0,0.872910764842164,100.0,0.03,5.0,0.8,10.0,1.7301520930686534,1.1179959516236012e-07,3.873868908680088e-17,3.873868908680088e-05,15.0,False,11616.293958520264,0.0,1.2912896362266961e-05
1.0,0.872910764842164,100.0,0.03,5.0,3.0,0.5,1.7301520930686534,0.02539445174671842,8.799206914097071e-12,8.799206914097072,15.0,False,0.05114097263459757,0.0,2.93306897136569
1.0,0.872910764842164,100.0,0.03,5.0,3.0,1.0,1.7301520930686534,0.021495939317213678,7.448367846314307e-12,7.448367846314307,15.0,False,0.06041592054595888,0.0,2.482789282104769
1.0,0.872910764842164,100.0,0.03,5.0,3.0,2.0,1.7301520930686534,0.01540251357097776,5.3369887745552615e-12,5.3369887745552615,15.0,False,0.08431720938695418,0.0,1.778996258185087
1.0,0.872910764842164,100.0,0.03,5.0,3.0,5.0,1.7301520930686534,0.005666268085126855,1.9633684479216504e-12,1.9633684479216504,15.0,False,0.229197938102934,0.0,0.6544561493072167
1.0,0.872910764842164,100.0,0.03,5.0,3.0,10.0,1.7301520930686534,0.0010702198004175717,3.708323991934498e-13,0.3708323991934498,15.0,False,1.2134862028742297,0.0,0.12361079973114994
1.0,0.872910764842164,100.0,0.03,5.0,9.6,0.5,1.7301520930686534,0.028477492782005256,9.867484200203337e-12,9.867484200203338,15.0,False,0.04560432941871109,0.0,3.289161400067779
1.0,0.872910764842164,100.0,0.03,5.0,9.6,1.0,1.7301520930686534,0.027032253171638716,9.366707002928048e-12,9.366707002928047,15.0,False,0.04804249773792745,0.0,3.122235667642683
1.0,0.872910764842164,100.0,0.03,5.0,9.6,2.0,1.7301520930686534,0.024358090384519047,8.440106502923743e-12,8.440106502923744,15.0,False,0.05331686274860574,0.0,2.8133688343079144
1.0,0.872910764842164,100.0,0.03,5.0,9.6,5.0,1.7301520930686534,0.01782075961660905,6.174913827513196e-12,6.174913827513196,15.0,False,0.07287551090915015,0.0,2.0583046091710653
1.0,0.872910764842164,100.0,0.03,5.0,9.6,10.0,1.7301520930686534,0.010585982443765466,3.6680551657796e-12,3.6680551657796,15.0,False,0.12268081576258355,0.0,1.2226850552598667
1.0,0.872910764842164,100.0,0.03,10.0,0.8,0.5,1.7301520930686534,0.016057842855569708,5.564061129946313e-12,5.564061129946313,30.0,False,0.16175235659366022,0.0,1.8546870433154374
1.0,0.872910764842164,100.0,0.03,10.0,0.8,1.0,1.7301520930686534,0.008595143905805703,2.97822730878205e-12,2.97822730878205,30.0,False,0.302193186311241,0.0,0.9927424362606834
1.0,0.872910764842164,100.0,0.03,10.0,0.8,2.0,1.7301520930686534,0.002462549958716964,8.53276410106072e-13,0.853276410106072,30.0,False,1.054757859634394,0.0,0.28442547003535734
1.0,0.872910764842164,100.0,0.03,10.0,0.8,5.0,1.7301520930686534,5.791362408683128e-05,2.0067137757802402e-14,0.020067137757802403,30.0,False,44.84944543972478,0.0,0.006689045919267467
1.0,0.872910764842164,100.0,0.03,10.0,0.8,10.0,1.7301520930686534,1.1179959516236012e-07,3.873868908680088e-17,3.873868908680088e-05,30.0,False,23232.587917040528,0.0,1.2912896362266961e-05
1.0,0.872910764842164,100.0,0.03,10.0,3.0,0.5,1.7301520930686534,0.02539445174671842,8.799206914097071e-12,8.799206914097072,30.0,False,0.10228194526919514,0.0,2.93306897136569
1.0,0.872910764842164,100.0,0.03,10.0,3.0,1.0,1.7301520930686534,0.021495939317213678,7.448367846314307e-12,7.448367846314307,30.0,False,0.12083184109191776,0.0,2.482789282104769
1.0,0.872910764842164,100.0,0.03,10.0,3.0,2.0,1.7301520930686534,0.01540251357097776,5.3369887745552615e-12,5.3369887745552615,30.0,False,0.16863441877390836,0.0,1.778996258185087
1.0,0.872910764842164,100.0,0.03,10.0,3.0,5.0,1.7301520930686534,0.005666268085126855,1.9633684479216504e-12,1.9633684479216504,30.0,False,0.458395876205868,0.0,0.6544561493072167
1.0,0.872910764842164,100.0,0.03,10.0,3.0,10.0,1.7301520930686534,0.0010702198004175717,3.708323991934498e-13,0.3708323991934498,30.0,False,2.4269724057484594,0.0,0.12361079973114994
1.0,0.872910764842164,100.0,0.03,10.0,9.6,0.5,1.7301520930686534,0.028477492782005256,9.867484200203337e-12,9.867484200203338,30.0,False,0.09120865883742219,0.0,3.289161400067779
1.0,0.872910764842164,100.0,0.03,10.0,9.6,1.0,1.7301520930686534,0.027032253171638716,9.366707002928048e-12,9.366707002928047,30.0,False,0.0960849954758549,0.0,3.122235667642683
1.0,0.872910764842164,100.0,0.03,10.0,9.6,2.0,1.7301520930686534,0.024358090384519047,8.440106502923743e-12,8.440106502923744,30.0,False,0.10663372549721148,0.0,2.8133688343079144
1.0,0.872910764842164,100.0,0.03,10.0,9.6,5.0,1.7301520930686534,0.01782075961660905,6.174913827513196e-12,6.174913827513196,30.0,False,0.1457510218183003,0.0,2.0583046091710653
1.0,0.872910764842164,100.0,0.03,10.0,9.6,10.0,1.7301520930686534,0.010585982443765466,3.6680551657796e-12,3.6680551657796,30.0,False,0.2453616315251671,0.0,1.2226850552598667
1.0,0.872910764842164,100.0,0.03,50.0,0.8,0.5,1.7301520930686534,0.016057842855569708,5.564061129946313e-12,5.564061129946313,150.0,False,0.808761782968301,0.0,1.8546870433154374
1.0,0.872910764842164,100.0,0.03,50.0,0.8,1.0,1.7301520930686534,0.008595143905805703,2.97822730878205e-12,2.97822730878205,150.0,False,1.510965931556205,0.0,0.9927424362606834
1.0,0.872910764842164,100.0,0.03,50.0,0.8,2.0,1.7301520930686534,0.002462549958716964,8.53276410106072e-13,0.853276410106072,150.0,False,5.2737892981719705,0.0,0.28442547003535734
1.0,0.872910764842164,100.0,0.03,50.0,0.8,5.0,1.7301520930686534,5.791362408683128e-05,2.0067137757802402e-14,0.020067137757802403,150.0,False,224.24722719862393,0.0,0.006689045919267467
1.0,0.872910764842164,100.0,0.03,50.0,0.8,10.0,1.7301520930686534,1.1179959516236012e-07,3.873868908680088e-17,3.873868908680088e-05,150.0,False,116162.93958520264,0.0,1.2912896362266961e-05
1.0,0.872910764842164,100.0,0.03,50.0,3.0,0.5,1.7301520930686534,0.02539445174671842,8.799206914097071e-12,8.799206914097072,150.0,False,0.5114097263459757,0.0,2.93306897136569
1.0,0.872910764842164,100.0,0.03,50.0,3.0,1.0,1.7301520930686534,0.021495939317213678,7.448367846314307e-12,7.448367846314307,150.0,False,0.6041592054595888,0.0,2.482789282104769
1.0,0.872910764842164,100.0,0.03,50.0,3.0,2.0,1.7301520930686534,0.01540251357097776,5.3369887745552615e-12,5.3369887745552615,150.0,False,0.8431720938695418,0.0,1.778996258185087
1.0,0.872910764842164,100.0,0.03,50.0,3.0,5.0,1.7301520930686534,0.005666268085126855,1.9633684479216504e-12,1.9633684479216504,150.0,False,2.29197938102934,0.0,0.6544561493072167
1.0,0.872910764842164,100.0,0.03,50.0,3.0,10.0,1.7301520930686534,0.0010702198004175717,3.708323991934498e-13,0.3708323991934498,150.0,False,12.134862028742297,0.0,0.12361079973114994
1.0,0.872910764842164,100.0,0.03,50.0,9.6,0.5,1.7301520930686534,0.028477492782005256,9.867484200203337e-12,9.867484200203338,150.0,False,0.4560432941871109,0.0,3.289161400067779
1.0,0.872910764842164,100.0,0.03,50.0,9.6,1.0,1.7301520930686534,0.027032253171638716,9.366707002928048e-12,9.366707002928047,150.0,False,0.48042497737927453,0.0,3.122235667642683
1.0,0.872910764842164,100.0,0.03,50.0,9.6,2.0,1.7301520930686534,0.024358090384519047,8.440106502923743e-12,8.440106502923744,150.0,False,0.5331686274860574,0.0,2.8133688343079144
1.0,0.872910764842164,100.0,0.03,50.0,9.6,5.0,1.7301520930686534,0.01782075961660905,6.174913827513196e-12,6.174913827513196,150.0,False,0.7287551090915014,0.0,2.0583046091710653
1.0,0.872910764842164,100.0,0.03,50.0,9.6,10.0,1.7301520930686534,0.010585982443765466,3.6680551657796e-12,3.6680551657796,150.0,False,1.2268081576258356,0.0,1.2226850552598667
1.0,0.872910764842164,100.0,0.03,100.0,0.8,0.5,1.7301520930686534,0.016057842855569708,5.564061129946313e-12,5.564061129946313,300.0,False,1.617523565936602,0.0,1.8546870433154374
1.0,0.872910764842164,100.0,0.03,100.0,0.8,1.0,1.7301520930686534,0.008595143905805703,2.97822730878205e-12,2.97822730878205,300.0,False,3.02193186311241,0.0,0.9927424362606834
1.0,0.872910764842164,100.0,0.03,100.0,0.8,2.0,1.7301520930686534,0.002462549958716964,8.53276410106072e-13,0.853276410106072,300.0,False,10.547578596343941,0.0,0.28442547003535734
1.0,0.872910764842164,100.0,0.03,100.0,0.8,5.0,1.7301520930686534,5.791362408683128e-05,2.0067137757802402e-14,0.020067137757802403,300.0,False,448.49445439724786,0.0,0.006689045919267467
1.0,0.872910764842164,100.0,0.03,100.0,0.8,10.0,1.7301520930686534,1.1179959516236012e-07,3.873868908680088e-17,3.873868908680088e-05,300.0,False,232325.87917040527,0.0,1.2912896362266961e-05
1.0,0.872910764842164,100.0,0.03,100.0,3.0,0.5,1.7301520930686534,0.02539445174671842,8.799206914097071e-12,8.799206914097072,300.0,False,1.0228194526919514,0.0,2.93306897136569
1.0,0.872910764842164,100.0,0.03,100.0,3.0,1.0,1.7301520930686534,0.021495939317213678,7.448367846314307e-12,7.448367846314307,300.0,False,1.2083184109191776,0.0,2.482789282104769
1.0,0.872910764842164,100.0,0.03,100.0,3.0,2.0,1.7301520930686534,0.01540251357097776,5.3369887745552615e-12,5.3369887745552615,300.0,False,1.6863441877390837,0.0,1.778996258185087
1.0,0.872910764842164,100.0,0.03,100.0,3.0,5.0,1.7301520930686534,0.005666268085126855,1.9633684479216504e-12,1.9633684479216504,300.0,False,4.58395876205868,0.0,0.6544561493072167
1.0,0.872910764842164,100.0,0.03,100.0,3.0,10.0,1.7301520930686534,0.0010702198004175717,3.708323991934498e-13,0.3708323991934498,300.0,False,24.269724057484595,0.0,0.12361079973114994
1.0,0.872910764842164,100.0,0.03,100.0,9.6,0.5,1.7301520930686534,0.028477492782005256,9.867484200203337e-12,9.867484200203338,300.0,False,0.9120865883742219,0.0,3.289161400067779
1.0,0.872910764842164,100.0,0.03,100.0,9.6,1.0,1.7301520930686534,0.027032253171638716,9.366707002928048e-12,9.366707002928047,300.0,False,0.9608499547585491,0.0,3.122235667642683
1.0,0.872910764842164,100.0,0.03,100.0,9.6,2.0,1.7301520930686534,0.024358090384519047,8.440106502923743e-12,8.440106502923744,300.0,False,1.0663372549721148,0.0,2.8133688343079144
1.0,0.872910764842164,100.0,0.03,100.0,9.6,5.0,1.7301520930686534,0.01782075961660905,6.174913827513196e-12,6.174913827513196,300.0,False,1.4575102181830029,0.0,2.0583046091710653
1.0,0.872910764842164,100.0,0.03,100.0,9.6,10.0,1.7301520930686534,0.010585982443765466,3.6680551657796e-12,3.6680551657796,300.0,False,2.4536163152516712,0.0,1.2226850552598667
1.0,0.872910764842164,100.0,0.1,1.0,0.8,0.5,1.7301520930686534,0.05352614285189903,1.8546870433154378e-11,18.54687043315438,3.0,True,0.016175235659366023,1.957351021079389,6.182290144384792
1.0,0.872910764842164,100.0,0.1,1.0,0.8,1.0,1.7301520930686534,0.028650479686019012,9.927424362606835e-12,9.927424362606834,3.0,True,0.030219318631124103,1.957351021079389,3.309141454202278
1.0,0.872910764842164,100.0,0.1,1.0,0.8,2.0,1.7301520930686534,0.008208499862389881,2.8442547003535737e-12,2.8442547003535736,3.0,False,0.10547578596343941,1.957351021079389,0.9480849001178578
1.0,0.872910764842164,100.0,0.1,1.0,0.8,5.0,1.7301520930686534,0.00019304541362277094,6.689045919267469e-14,0.06689045919267468,3.0,False,4.484944543972479,1.957351021079389,0.02229681973089156
1.0,0.872910764842164,100.0,0.1,1.0,0.8,10.0,1.7301520930686534,3.726653172078671e-07,1.2912896362266962e-16,0.00012912896362266962,3.0,False,2323.258791704053,1.957351021079389,4.3042987874223205e-05
1.0,0.872910764842164,100.0,0.1,1.0,3.0,0.5,1.7301520930686534,0.08464817248906142,2.9330689713656905e-11,29.330689713656906,3.0,True,0.010228194526919514,7.340066329047708,9.77689657121897
1.0,0.872910764842164,100.0,0.1,1.0,3.0,1.0,1.7301520930686534,0.07165313105737893,2.4827892821047687e-11,24.827892821047687,3.0,True,0.012083184109191777,7.340066329047708,8.275964273682561
1.0,0.872910764842164,100.0,0.1,1.0,3.0,2.0,1.7301520930686534,0.0513417119032592,1.778996258185087e-11,17.789962581850872,3.0,True,0.016863441877390837,7.340066329047708,5.9299875272836235
1.0,0.872910764842164,100.0,0.1,1.0,3.0,5.0,1.7301520930686534,0.018887560283756183,6.5445614930721675e-12,6.544561493072168,3.0,True,0.045839587620586805,7.340066329047708,2.1815204976907228
1.0,0.872910764842164,100.0,0.1,1.0,3.0,10.0,1.7301520930686534,0.0035673993347252395,1.2361079973114994e-12,1.2361079973114995,3.0,False,0.24269724057484596,7.340066329047708,0.4120359991038331
1.0,0.872910764842164,100.0,0.1,1.0,9.6,0.5,1.7301520930686534,0.09492497594001753,3.2891614000677794e-11,32.89161400067779,3.0,True,0.009120865883742219,23.488212252952664,10.963871333559265
1.0,0.872910764842164,100.0,0.1,1.0,9.6,1.0,1.7301520930686534,0.09010751057212907,3.1222356676426836e-11,31.222356676426834,3.0,True,0.00960849954758549,23.488212252952664,10.407452225475613
1.0,0.872910764842164,100.0,0.1,1.0,9.6,2.0,1.7301520930686534,0.0811936346150635,2.813368834307915e-11,28.13368834307915,3.0,True,0.010663372549721148,23.488212252952664,9.377896114359716
1.0,0.872910764842164,100.0,0.1,1.0,9.6,5.0,1.7301520930686534,0.0594025320553635,2.0583046091710654e-11,20.583046091710653,3.0,True,0.01457510218183003,23.488212252952664,6.861015363903551
1.0,0.872910764842164,100.0,0.1,1.0,9.6,10.0,1.7301520930686534,0.03528660814588489,1.2226850552598668e-11,12.226850552598668,3.0,True,0.02453616315251671,23.488212252952664,4.075616850866222
1.0,0.872910764842164,100.0,0.1,5.0,0.8,0.5,1.7301520930686534,0.05352614285189903,1.8546870433154378e-11,18.54687043315438,15.0,True,0.08087617829683011,0.6698006911321087,6.182290144384792
1.0,0.872910764842164,100.0,0.1,5.0,0.8,1.0,1.7301520930686534,0.028650479686019012,9.927424362606835e-12,9.927424362606834,15.0,False,0.1510965931556205,0.6698006911321087,3.309141454202278
1.0,0.872910764842164,100.0,0.1,5.0,0.8,2.0,1.7301520930686534,0.008208499862389881,2.8442547003535737e-12,2.8442547003535736,15.0,False,0.527378929817197,0.6698006911321087,0.9480849001178578
1.0,0.872910764842164,100.0,0.1,5.0,0.8,5.0,1.7301520930686534,0.00019304541362277094,6.689045919267469e-14,0.06689045919267468,15.0,False,22.42472271986239,0.6698006911321087,0.02229681973089156
1.0,0.872910764842164,100.0,0.1,5.0,0.8,10.0,1.7301520930686534,3.726653172078671e-07,1.2912896362266962e-16,0.00012912896362266962,15.0,False,11616.293958520264,0.6698006911321087,4.3042987874223205e-05
1.0,0.872910764842164,100.0,0.1,5.0,3.0,0.5,1.7301520930686534,0.08464817248906142,2.9330689713656905e-11,29.330689713656906,15.0,True,0.05114097263459757,2.5117525917454073,9.77689657121897
1.0,0.872910764842164,100.0,0.1,5.0,3.0,1.0,1.7301520930686534,0.07165313105737893,2.4827892821047687e-11,24.827892821047687,15.0,True,0.06041592054595888,2.5117525917454073,8.275964273682561
1.0,0.872910764842164,100.0,0.1,5.0,3.0,2.0,1.7301520930686534,0.0513417119032592,1.778996258185087e-11,17.789962581850872,15.0,True,0.08431720938695418,2.5117525917454073,5.9299875272836235
1.0,0.872910764842164,100.0,0.1,5.0,3.0,5.0,1.7301520930686534,0.018887560283756183,6.5445614930721675e-12,6.544561493072168,15.0,False,0.229197938102934,2.5117525917454073,2.1815204976907228
1.0,0.872910764842164,100.0,0.1,5.0,3.0,10.0,1.7301520930686534,0.0035673993347252395,1.2361079973114994e-12,1.2361079973114995,15.0,False,1.2134862028742297,2.5117525917454073,0.4120359991038331
1.0,0.872910764842164,100.0,0.1,5.0,9.6,0.5,1.7301520930686534,0.09492497594001753,3.2891614000677794e-11,32.89161400067779,15.0,True,0.04560432941871109,8.037608293585304,10.963871333559265
1.0,0.872910764842164,100.0,0.1,5.0,9.6,1.0,1.7301520930686534,0.09010751057212907,3.1222356676426836e-11,31.222356676426834,15.0,True,0.04804249773792745,8.037608293585304,10.407452225475613
1.0,0.872910764842164,100.0,0.1,5.0,9.6,2.0,1.7301520930686534,0.0811936346150635,2.813368834307915e-11,28.13368834307915,15.0,True,0.05331686274860574,8.037608293585304,9.377896114359716
1.0,0.872910764842164,100.0,0.1,5.0,9.6,5.0,1.7301520930686534,0.0594025320553635,2.0583046091710654e-11,20.583046091710653,15.0,True,0.07287551090915015,8.037608293585304,6.861015363903551
1.0,0.872910764842164,100.0,0.1,5.0,9.6,10.0,1.7301520930686534,0.03528660814588489,1.2226850552598668e-11,12.226850552598668,15.0,False,0.12268081576258355,8.037608293585304,4.075616850866222
1.0,0.872910764842164,100.0,0.1,10.0,0.8,0.5,1.7301520930686534,0.05352614285189903,1.8546870433154378e-11,18.54687043315438,30.0,False,0.16175235659366022,0.1152829466841524,6.182290144384792
1.0,0.872910764842164,100.0,0.1,10.0,0.8,1.0,1.7301520930686534,0.028650479686019012,9.927424362606835e-12,9.927424362606834,30.0,False,0.302193186311241,0.1152829466841524,3.309141454202278
1.0,0.872910764842164,100.0,0.1,10.0,0.8,2.0,1.7301520930686534,0.008208499862389881,2.8442547003535737e-12,2.8442547003535736,30.0,False,1.054757859634394,0.1152829466841524,0.9480849001178578
1.0,0.872910764842164,100.0,0.1,10.0,0.8,5.0,1.7301520930686534,0.00019304541362277094,6.689045919267469e-14,0.06689045919267468,30.0,False,44.84944543972478,0.1152829466841524,0.02229681973089156
1.0,0.872910764842164,100.0,0.1,10.0,0.8,10.0,1.7301520930686534,3.726653172078671e-07,1.2912896362266962e-16,0.00012912896362266962,30.0,False,23232.587917040528,0.1152829466841524,4.3042987874223205e-05
1.0,0.872910764842164,100.0,0.1,10.0,3.0,0.5,1.7301520930686534,0.08464817248906142,2.9330689713656905e-11,29.330689713656906,30.0,False,0.10228194526919514,0.43231105006557147,9.77689657121897
1.0,0.872910764842164,100.0,0.1,10.0,3.0,1.0,1.7301520930686534,0.07165313105737893,2.4827892821047687e-11,24.827892821047687,30.0,False,0.12083184109191776,0.43231105006557147,8.275964273682561
1.0,0.872910764842164,100.0,0.1,10.0,3.0,2.0,1.7301520930686534,0.0513417119032592,1.778996258185087e-11,17.789962581850872,30.0,False,0.16863441877390836,0.43231105006557147,5.9299875272836235
1.0,0.872910764842164,100.0,0.1,10.0,3.0,5.0,1.7301520930686534,0.018887560283756183,6.5445614930721675e-12,6.544561493072168,30.0,False,0.458395876205868,0.43231105006557147,2.1815204976907228
1.0,0.872910764842164,100.0,0.1,10.0,3.0,10.0,1.7301520930686534,0.0035673993347252395,1.2361079973114994e-12,1.2361079973114995,30.0,False,2.4269724057484594,0.43231105006557147,0.4120359991038331
1.0,0.872910764842164,100.0,0.1,10.0,9.6,0.5,1.7301520930686534,0.09492497594001753,3.2891614000677794e-11,32.89161400067779,30.0,True,0.09120865883742219,1.3833953602098288,10.963871333559265
1.0,0.872910764842164,100.0,0.1,10.0,9.6,1.0,1.7301520930686534,0.09010751057212907,3.1222356676426836e-11,31.222356676426834,30.0,True,0.0960849954758549,1.3833953602098288,10.407452225475613
1.0,0.872910764842164,100.0,0.1,10.0,9.6,2.0,1.7301520930686534,0.0811936346150635,2.813368834307915e-11,28.13368834307915,30.0,False,0.10663372549721148,1.3833953602098288,9.377896114359716
1.0,0.872910764842164,100.0,0.1,10.0,9.6,5.0,1.7301520930686534,0.0594025320553635,2.0583046091710654e-11,20.583046091710653,30.0,False,0.1457510218183003,1.3833953602098288,6.861015363903551
1.0,0.872910764842164,100.0,0.1,10.0,9.6,10.0,1.7301520930686534,0.03528660814588489,1.2226850552598668e-11,12.226850552598668,30.0,False,0.2453616315251671,1.3833953602098288,4.075616850866222
1.0,0.872910764842164,100.0,0.1,50.0,0.8,0.5,1.7301520930686534,0.05352614285189903,1.8546870433154378e-11,18.54687043315438,150.0,False,0.808761782968301,0.0,6.182290144384792
1.0,0.872910764842164,100.0,0.1,50.0,0.8,1.0,1.7301520930686534,0.028650479686019012,9.927424362606835e-12,9.927424362606834,150.0,False,1.510965931556205,0.0,3.309141454202278
1.0,0.872910764842164,100.0,0.1,50.0,0.8,2.0,1.7301520930686534,0.008208499862389881,2.8442547003535737e-12,2.8442547003535736,150.0,False,5.2737892981719705,0.0,0.9480849001178578
1.0,0.872910764842164,100.0,0.1,50.0,0.8,5.0,1.7301520930686534,0.00019304541362277094,6.689045919267469e-14,0.06689045919267468,150.0,False,224.24722719862393,0.0,0.02229681973089156
1.0,0.872910764842164,100.0,0.1,50.0,0.8,10.0,1.7301520930686534,3.726653172078671e-07,1.2912896362266962e-16,0.00012912896362266962,150.0,False,116162.93958520264,0.0,4.3042987874223205e-05
1.0,0.872910764842164,100.0,0.1,50.0,3.0,0.5,1.7301520930686534,0.08464817248906142,2.9330689713656905e-11,29.330689713656906,150.0,False,0.5114097263459757,0.0,9.77689657121897
1.0,0.872910764842164,100.0,0.1,50.0,3.0,1.0,1.7301520930686534,0.07165313105737893,2.4827892821047687e-11,24.827892821047687,150.0,False,0.6041592054595888,0.0,8.275964273682561
1.0,0.872910764842164,100.0,0.1,50.0,3.0,2.0,1.7301520930686534,0.0513417119032592,1.778996258185087e-11,17.789962581850872,150.0,False,0.8431720938695418,0.0,5.9299875272836235
1.0,0.872910764842164,100.0,0.1,50.0,3.0,5.0,1.7301520930686534,0.018887560283756183,6.5445614930721675e-12,6.544561493072168,150.0,False,2.29197938102934,0.0,2.1815204976907228
1.0,0.872910764842164,100.0,0.1,50.0,3.0,10.0,1.7301520930686534,0.0035673993347252395,1.2361079973114994e-12,1.2361079973114995,150.0,False,12.134862028742297,0.0,0.4120359991038331
1.0,0.872910764842164,100.0,0.1,50.0,9.6,0.5,1.7301520930686534,0.09492497594001753,3.2891614000677794e-11,32.89161400067779,150.0,False,0.4560432941871109,0.0,10.963871333559265
1.0,0.872910764842164,100.0,0.1,50.0,9.6,1.0,1.7301520930686534,0.09010751057212907,3.1222356676426836e-11,31.222356676426834,150.0,False,0.48042497737927453,0.0,10.407452225475613
1.0,0.872910764842164,100.0,0.1,50.0,9.6,2.0,1.7301520930686534,0.0811936346150635,2.813368834307915e-11,28.13368834307915,150.0,False,0.5331686274860574,0.0,9.377896114359716
1.0,0.872910764842164,100.0,0.1,50.0,9.6,5.0,1.7301520930686534,0.0594025320553635,2.0583046091710654e-11,20.583046091710653,150.0,False,0.7287551090915014,0.0,6.861015363903551
1.0,0.872910764842164,100.0,0.1,50.0,9.6,10.0,1.7301520930686534,0.03528660814588489,1.2226850552598668e-11,12.226850552598668,150.0,False,1.2268081576258356,0.0,4.075616850866222
1.0,0.872910764842164,100.0,0.1,100.0,0.8,0.5,1.7301520930686534,0.05352614285189903,1.8546870433154378e-11,18.54687043315438,300.0,False,1.617523565936602,0.0,6.182290144384792
1.0,0.872910764842164,100.0,0.1,100.0,0.8,1.0,1.7301520930686534,0.028650479686019012,9.927424362606835e-12,9.927424362606834,300.0,False,3.02193186311241,0.0,3.309141454202278
1.0,0.872910764842164,100.0,0.1,100.0,0.8,2.0,1.7301520930686534,0.008208499862389881,2.8442547003535737e-12,2.8442547003535736,300.0,False,10.547578596343941,0.0,0.9480849001178578
1.0,0.872910764842164,100.0,0.1,100.0,0.8,5.0,1.7301520930686534,0.00019304541362277094,6.689045919267469e-14,0.06689045919267468,300.0,False,448.49445439724786,0.0,0.02229681973089156
1.0,0.872910764842164,100.0,0.1,100.0,0.8,10.0,1.7301520930686534,3.726653172078671e-07,1.2912896362266962e-16,0.00012912896362266962,300.0,False,232325.87917040527,0.0,4.3042987874223205e-05
1.0,0.872910764842164,100.0,0.1,100.0,3.0,0.5,1.7301520930686534,0.08464817248906142,2.9330689713656905e-11,29.330689713656906,300.0,False,1.0228194526919514,0.0,9.77689657121897
1.0,0.872910764842164,100.0,0.1,100.0,3.0,1.0,1.7301520930686534,0.07165313105737893,2.4827892821047687e-11,24.827892821047687,300.0,False,1.2083184109191776,0.0,8.275964273682561
1.0,0.872910764842164,100.0,0.1,100.0,3.0,2.0,1.7301520930686534,0.0513417119032592,1.778996258185087e-11,17.789962581850872,300.0,False,1.6863441877390837,0.0,5.9299875272836235
1.0,0.872910764842164,100.0,0.1,100.0,3.0,5.0,1.7301520930686534,0.018887560283756183,6.5445614930721675e-12,6.544561493072168,300.0,False,4.58395876205868,0.0,2.1815204976907228
1.0,0.872910764842164,100.0,0.1,100.0,3.0,10.0,1.7301520930686534,0.0035673993347252395,1.2361079973114994e-12,1.2361079973114995,300.0,False,24.269724057484595,0.0,0.4120359991038331
1.0,0.872910764842164,100.0,0.1,100.0,9.6,0.5,1.7301520930686534,0.09492497594001753,3.2891614000677794e-11,32.89161400067779,300.0,False,0.9120865883742219,0.0,10.963871333559265
1.0,0.872910764842164,100.0,0.1,100.0,9.6,1.0,1.7301520930686534,0.09010751057212907,3.1222356676426836e-11,31.222356676426834,300.0,False,0.9608499547585491,0.0,10.407452225475613
1.0,0.872910764842164,100.0,0.1,100.0,9.6,2.0,1.7301520930686534,0.0811936346150635,2.813368834307915e-11,28.13368834307915,300.0,False,1.0663372549721148,0.0,9.377896114359716
1.0,0.872910764842164,100.0,0.1,100.0,9.6,5.0,1.7301520930686534,0.0594025320553635,2.0583046091710654e-11,20.583046091710653,300.0,False,1.4575102181830029,0.0,6.861015363903551
1.0,0.872910764842164,100.0,0.1,100.0,9.6,10.0,1.7301520930686534,0.03528660814588489,1.2226850552598668e-11,12.226850552598668,300.0,False,2.4536163152516712,0.0,4.075616850866222
10.0,8.72910764842164,1.0,0.01,1.0,0.8,0.5,179.3848768052562,0.005352614285189903,1.9229685535180454e-10,192.29685535180454,3.0,True,0.00015600879143403258,3.828342408774549,64.09895178393485
10.0,8.72910764842164,1.0,0.01,1.0,0.8,1.0,179.3848768052562,0.002865047968601901,1.029290894953165e-10,102.9290894953165,3.0,True,0.0002914627939205181,3.828342408774549,34.30969649843883
10.0,8.72910764842164,1.0,0.01,1.0,0.8,2.0,179.3848768052562,0.0008208499862389881,2.948967787685999e-11,29.48967787685999,3.0,True,0.0010173051101226324,3.828342408774549,9.829892625619996
10.0,8.72910764842164,1.0,0.01,1.0,0.8,5.0,179.3848768052562,1.9304541362277093e-05,6.935307496835674e-13,0.6935307496835673,3.0,False,0.043256914006607354,3.828342408774549,0.23117691656118913
10.0,8.72910764842164,1.0,0.01,1.0,0.8,10.0,179.3848768052562,3.726653172078671e-08,1.3388293043277466e-15,0.0013388293043277465,3.0,False,22.40763621099824,3.828342408774549,0.0004462764347759156
10.0,8.72910764842164,1.0,0.01,1.0,3.0,0.5,179.3848768052562,0.008464817248906142,3.0410518138700775e-10,304.10518138700775,3.0,True,9.865007844710696e-05,14.356284032904558,101.36839379566925
10.0,8.72910764842164,1.0,0.01,1.0,3.0,1.0,179.3848768052562,0.007165313105737893,2.5741947848864733e-10,257.4194784886473,3.0,True,0.00011654129740350264,14.356284032904558,85.8064928295491
10.0,8.72910764842164,1.0,0.01,1.0,3.0,2.0,179.3848768052562,0.005134171190325921,1.8444911628869185e-10,184.44911628869184,3.0,True,0.00016264648269198153,14.356284032904558,61.48303876289728
10.0,8.72910764842164,1.0,0.01,1.0,3.0,5.0,179.3848768052562,0.0018887560283756184,6.785503782485033e-11,67.85503782485033,3.0,True,0.000442118978364392,14.356284032904558,22.618345941616774
10.0,8.72910764842164,1.0,0.01,1.0,3.0,10.0,179.3848768052562,0.00035673993347252396,1.2816161174734165e-11,12.816161174734166,3.0,True,0.0023407945320742477,14.356284032904558,4.272053724911388
10.0,8.72910764842164,1.0,0.01,1.0,9.6,0.5,179.3848768052562,0.009492497594001751,3.41025401701693e-10,341.025401701693,3.0,True,8.796998654734247e-05,45.940108905294586,113.67513390056433
10.0,8.72910764842164,1.0,0.01,1.0,9.6,1.0,179.3848768052562,0.009010751057212905,3.2371828051468024e-10,323.71828051468026,3.0,True,9.267317234078642e-05,45.940108905294586,107.9060935048934
10.0,8.72910764842164,1.0,0.01,1.0,9.6,2.0,179.3848768052562,0.00811936346150635,2.916944838386799e-10,291.6944838386799,3.0,True,0.00010284733398178125,45.940108905294586,97.2314946128933
10.0,8.72910764842164,1.0,0.01,1.0,9.6,5.0,179.3848768052562,0.0059402532055363505,2.1340824325390184e-10,213.40824325390184,3.0,True,0.0001405756382348717,45.940108905294586,71.13608108463394
10.0,8.72910764842164,1.0,0.01,1.0,9.6,10.0,179.3848768052562,0.003528660814588489,1.2676990010768717e-10,126.76990010768716,3.0,True,0.000236649235934681,45.940108905294586,42.25663336922906
10.0,8.72910764842164,1.0,0.01,5.0,0.8,0.5,179.3848768052562,0.005352614285189903,1.9229685535180454e-10,192.29685535180454,15.0,True,0.0007800439571701629,2.5407920788272684,64.09895178393485
10.0,8.72910764842164,1.0,0.01,5.0,0.8,1.0,179.3848768052562,0.002865047968601901,1.029290894953165e-10,102.9290894953165,15.0,True,0.0014573139696025905,2.5407920788272684,34.30969649843883
10.0,8.72910764842164,1.0,0.01,5.0,0.8,2.0,179.3848768052562,0.0008208499862389881,2.948967787685999e-11,29.48967787685999,15.0,True,0.0050865255506131616,2.5407920788272684,9.829892625619996
10.0,8.72910764842164,1.0,0.01,5.0,0.8,5.0,179.3848768052562,1.9304541362277093e-05,6.935307496835674e-13,0.6935307496835673,15.0,False,0.21628457003303675,2.5407920788272684,0.23117691656118913
10.0,8.72910764842164,1.0,0.01,5.0,0.8,10.0,179.3848768052562,3.726653172078671e-08,1.3388293043277466e-15,0.0013388293043277465,15.0,False,112.0381810549912,2.5407920788272684,0.0004462764347759156
10.0,8.72910764842164,1.0,0.01,5.0,3.0,0.5,179.3848768052562,0.008464817248906142,3.0410518138700775e-10,304.10518138700775,15.0,True,0.0004932503922355347,9.527970295602255,101.36839379566925
10.0,8.72910764842164,1.0,0.01,5.0,3.0,1.0,179.3848768052562,0.007165313105737893,2.5741947848864733e-10,257.4194784886473,15.0,True,0.0005827064870175131,9.527970295602255,85.8064928295491
10.0,8.72910764842164,1.0,0.01,5.0,3.0,2.0,179.3848768052562,0.005134171190325921,1.8444911628869185e-10,184.44911628869184,15.0,True,0.0008132324134599076,9.527970295602255,61.48303876289728
10.0,8.72910764842164,1.0,0.01,5.0,3.0,5.0,179.3848768052562,0.0018887560283756184,6.785503782485033e-11,67.85503782485033,15.0,True,0.00221059489182196,9.527970295602255,22.618345941616774
10.0,8.72910764842164,1.0,0.01,5.0,3.0,10.0,179.3848768052562,0.00035673993347252396,1.2816161174734165e-11,12.816161174734166,15.0,False,0.011703972660371237,9.527970295602255,4.272053724911388
10.0,8.72910764842164,1.0,0.01,5.0,9.6,0.5,179.3848768052562,0.009492497594001751,3.41025401701693e-10,341.025401701693,15.0,True,0.0004398499327367123,30.48950494592722,113.67513390056433
10.0,8.72910764842164,1.0,0.01,5.0,9.6,1.0,179.3848768052562,0.009010751057212905,3.2371828051468024e-10,323.71828051468026,15.0,True,0.00046336586170393204,30.48950494592722,107.9060935048934
10.0,8.72910764842164,1.0,0.01,5.0,9.6,2.0,179.3848768052562,0.00811936346150635,2.916944838386799e-10,291.6944838386799,15.0,True,0.0005142366699089062,30.48950494592722,97.2314946128933
10.0,8.72910764842164,1.0,0.01,5.0,9.6,5.0,179.3848768052562,0.0059402532055363505,2.1340824325390184e-10,213.40824325390184,15.0,True,0.0007028781911743586,30.48950494592722,71.13608108463394
10.0,8.72910764842164,1.0,0.01,5.0,9.6,10.0,179.3848768052562,0.003528660814588489,1.2676990010768717e-10,126.76990010768716,15.0,True,0.0011832461796734048,30.48950494592722,42.25663336922906
10.0,8.72910764842164,1.0,0.01,10.0,0.8,0.5,179.3848768052562,0.005352614285189903,1.9229685535180454e-10,192.29685535180454,30.0,True,0.0015600879143403258,1.9862743343793121,64.09895178393485
10.0,8.72910764842164,1.0,0.01,10.0,0.8,1.0,179.3848768052562,0.002865047968601901,1.029290894953165e-10,102.9290894953165,30.0,True,0.002914627939205181,1.9862743343793121,34.30969649843883
10.0,8.72910764842164,1.0,0.01,10.0,0.8,2.0,179.3848768052562,0.0008208499862389881,2.948967787685999e-11,29.48967787685999,30.0,False,0.010173051101226323,1.9862743343793121,9.829892625619996
10.0,8.72910764842164,1.0,0.01,10.0,0.8,5.0,179.3848768052562,1.9304541362277093e-05,6.935307496835674e-13,0.6935307496835673,30.0,False,0.4325691400660735,1.9862743343793121,0.23117691656118913
10.0,8.72910764842164,1.0,0.01,10.0,0.8,10.0,179.3848768052562,3.726653172078671e-08,1.3388293043277466e-15,0.0013388293043277465,30.0,False,224.0763621099824,1.9862743343793121,0.0004462764347759156
10.0,8.72910764842164,1.0,0.01,10.0,3.0,0.5,179.3848768052562,0.008464817248906142,3.0410518138700775e-10,304.10518138700775,30.0,True,0.0009865007844710694,7.44852875392242,101.36839379566925
10.0,8.72910764842164,1.0,0.01,10.0,3.0,1.0,179.3848768052562,0.007165313105737893,2.5741947848864733e-10,257.4194784886473,30.0,True,0.0011654129740350262,7.44852875392242,85.8064928295491
10.0,8.72910764842164,1.0,0.01,10.0,3.0,2.0,179.3848768052562,0.005134171190325921,1.8444911628869185e-10,184.44911628869184,30.0,True,0.0016264648269198152,7.44852875392242,61.48303876289728
10.0,8.72910764842164,1.0,0.01,10.0,3.0,5.0,179.3848768052562,0.0018887560283756184,6.785503782485033e-11,67.85503782485033,30.0,True,0.00442118978364392,7.44852875392242,22.618345941616774
10.0,8.72910764842164,1.0,0.01,10.0,3.0,10.0,179.3848768052562,0.00035673993347252396,1.2816161174734165e-11,12.816161174734166,30.0,False,0.023407945320742474,7.44852875392242,4.272053724911388
10.0,8.72910764842164,1.0,0.01,10.0,9.6,0.5,179.3848768052562,0.009492497594001751,3.41025401701693e-10,341.025401701693,30.0,True,0.0008796998654734247,23.835292012551744,113.67513390056433
10.0,8.72910764842164,1.0,0.01,10.0,9.6,1.0,179.3848768052562,0.009010751057212905,3.2371828051468024e-10,323.71828051468026,30.0,True,0.0009267317234078641,23.835292012551744,107.9060935048934
10.0,8.72910764842164,1.0,0.01,10.0,9.6,2.0,179.3848768052562,0.00811936346150635,2.916944838386799e-10,291.6944838386799,30.0,True,0.0010284733398178124,23.835292012551744,97.2314946128933
10.0,8.72910764842164,1.0,0.01,10.0,9.6,5.0,179.3848768052562,0.0059402532055363505,2.1340824325390184e-10,213.40824325390184,30.0,True,0.0014057563823487171,23.835292012551744,71.13608108463394
10.0,8.72910764842164,1.0,0.01,10.0,9.6,10.0,179.3848768052562,0.003528660814588489,1.2676990010768717e-10,126.76990010768716,30.0,True,0.0023664923593468097,23.835292012551744,42.25663336922906
10.0,8.72910764842164,1.0,0.01,50.0,0.8,0.5,179.3848768052562,0.005352614285189903,1.9229685535180454e-10,192.29685535180454,150.0,True,0.007800439571701629,0.6987240044320319,64.09895178393485
10.0,8.72910764842164,1.0,0.01,50.0,0.8,1.0,179.3848768052562,0.002865047968601901,1.029290894953165e-10,102.9290894953165,150.0,False,0.014573139696025906,0.6987240044320319,34.30969649843883
10.0,8.72910764842164,1.0,0.01,50.0,0.8,2.0,179.3848768052562,0.0008208499862389881,2.948967787685999e-11,29.48967787685999,150.0,False,0.050865255506131614,0.6987240044320319,9.829892625619996
10.0,8.72910764842164,1.0,0.01,50.0,0.8,5.0,179.3848768052562,1.9304541362277093e-05,6.935307496835674e-13,0.6935307496835673,150.0,False,2.1628457003303674,0.6987240044320319,0.23117691656118913
10.0,8.72910764842164,1.0,0.01,50.0,0.8,10.0,179.3848768052562,3.726653172078671e-08,1.3388293043277466e-15,0.0013388293043277465,150.0,False,1120.381810549912,0.6987240044320319,0.0004462764347759156
10.0,8.72910764842164,1.0,0.01,50.0,3.0,0.5,179.3848768052562,0.008464817248906142,3.0410518138700775e-10,304.10518138700775,150.0,True,0.004932503922355348,2.6202150166201195,101.36839379566925
10.0,8.72910764842164,1.0,0.01,50.0,3.0,1.0,179.3848768052562,0.007165313105737893,2.5741947848864733e-10,257.4194784886473,150.0,True,0.0058270648701751315,2.6202150166201195,85.8064928295491
10.0,8.72910764842164,1.0,0.01,50.0,3.0,2.0,179.3848768052562,0.005134171190325921,1.8444911628869185e-10,184.44911628869184,150.0,True,0.008132324134599076,2.6202150166201195,61.48303876289728
10.0,8.72910764842164,1.0,0.01,50.0,3.0,5.0,179.3848768052562,0.0018887560283756184,6.785503782485033e-11,67.85503782485033,150.0,False,0.0221059489182196,2.6202150166201195,22.618345941616774
10.0,8.72910764842164,1.0,0.01,50.0,3.0,10.0,179.3848768052562,0.00035673993347252396,1.2816161174734165e-11,12.816161174734166,150.0,False,0.11703972660371238,2.6202150166201195,4.272053724911388
10.0,8.72910764842164,1.0,0.01,50.0,9.6,0.5,179.3848768052562,0.009492497594001751,3.41025401701693e-10,341.025401701693,150.0,True,0.004398499327367123,8.384688053184382,113.67513390056433
10.0,8.72910764842164,1.0,0.01,50.0,9.6,1.0,179.3848768052562,0.009010751057212905,3.2371828051468024e-10,323.71828051468026,150.0,True,0.00463365861703932,8.384688053184382,107.9060935048934
10.0,8.72910764842164,1.0,0.01,50.0,9.6,2.0,179.3848768052562,0.00811936346150635,2.916944838386799e-10,291.6944838386799,150.0,True,0.005142366699089062,8.384688053184382,97.2314946128933
10.0,8.72910764842164,1.0,0.01,50.0,9.6,5.0,179.3848768052562,0.0059402532055363505,2.1340824325390184e-10,213.40824325390184,150.0,True,0.007028781911743585,8.384688053184382,71.13608108463394
10.0,8.72910764842164,1.0,0.01,50.0,9.6,10.0,179.3848768052562,0.003528660814588489,1.2676990010768717e-10,126.76990010768716,150.0,False,0.01183246179673405,8.384688053184382,42.25663336922906
10.0,8.72910764842164,1.0,0.01,100.0,0.8,0.5,179.3848768052562,0.005352614285189903,1.9229685535180454e-10,192.29685535180454,300.0,False,0.015600879143403258,0.14420625998407555,64.09895178393485
10.0,8.72910764842164,1.0,0.01,100.0,0.8,1.0,179.3848768052562,0.002865047968601901,1.029290894953165e-10,102.9290894953165,300.0,False,0.029146279392051812,0.14420625998407555,34.30969649843883
10.0,8.72910764842164,1.0,0.01,100.0,0.8,2.0,179.3848768052562,0.0008208499862389881,2.948967787685999e-11,29.48967787685999,300.0,False,0.10173051101226323,0.14420625998407555,9.829892625619996
10.0,8.72910764842164,1.0,0.01,100.0,0.8,5.0,179.3848768052562,1.9304541362277093e-05,6.935307496835674e-13,0.6935307496835673,300.0,False,4.325691400660735,0.14420625998407555,0.23117691656118913
10.0,8.72910764842164,1.0,0.01,100.0,0.8,10.0,179.3848768052562,3.726653172078671e-08,1.3388293043277466e-15,0.0013388293043277465,300.0,False,2240.763621099824,0.14420625998407555,0.0004462764347759156
10.0,8.72910764842164,1.0,0.01,100.0,3.0,0.5,179.3848768052562,0.008464817248906142,3.0410518138700775e-10,304.10518138700775,300.0,True,0.009865007844710696,0.5407734749402833,101.36839379566925
10.0,8.72910764842164,1.0,0.01,100.0,3.0,1.0,179.3848768052562,0.007165313105737893,2.5741947848864733e-10,257.4194784886473,300.0,False,0.011654129740350263,0.5407734749402833,85.8064928295491
10.0,8.72910764842164,1.0,0.01,100.0,3.0,2.0,179.3848768052562,0.005134171190325921,1.8444911628869185e-10,184.44911628869184,300.0,False,0.016264648269198153,0.5407734749402833,61.48303876289728
10.0,8.72910764842164,1.0,0.01,100.0,3.0,5.0,179.3848768052562,0.0018887560283756184,6.785503782485033e-11,67.85503782485033,300.0,False,0.0442118978364392,0.5407734749402833,22.618345941616774
10.0,8.72910764842164,1.0,0.01,100.0,3.0,10.0,179.3848768052562,0.00035673993347252396,1.2816161174734165e-11,12.816161174734166,300.0,False,0.23407945320742476,0.5407734749402833,4.272053724911388
10.0,8.72910764842164,1.0,0.01,100.0,9.6,0.5,179.3848768052562,0.009492497594001751,3.41025401701693e-10,341.025401701693,300.0,True,0.008796998654734246,1.7304751198089066,113.67513390056433
10.0,8.72910764842164,1.0,0.01,100.0,9.6,1.0,179.3848768052562,0.009010751057212905,3.2371828051468024e-10,323.71828051468026,300.0,True,0.00926731723407864,1.7304751198089066,107.9060935048934
10.0,8.72910764842164,1.0,0.01,100.0,9.6,2.0,179.3848768052562,0.00811936346150635,2.916944838386799e-10,291.6944838386799,300.0,False,0.010284733398178123,1.7304751198089066,97.2314946128933
10.0,8.72910764842164,1.0,0.01,100.0,9.6,5.0,179.3848768052562,0.0059402532055363505,2.1340824325390184e-10,213.40824325390184,300.0,False,0.01405756382348717,1.7304751198089066,71.13608108463394
10.0,8.72910764842164,1.0,0.01,100.0,9.6,10.0,179.3848768052562,0.003528660814588489,1.2676990010768717e-10,126.76990010768716,300.0,False,0.0236649235934681,1.7304751198089066,42.25663336922906
10.0,8.72910764842164,1.0,0.03,1.0,0.8,0.5,179.3848768052562,0.016057842855569708,5.768905660554135e-10,576.8905660554135,3.0,True,0.00015600879143403258,4.707232239709036,192.29685535180448
10.0,8.72910764842164,1.0,0.03,1.0,0.8,1.0,179.3848768052562,0.008595143905805703,3.087872684859495e-10,308.7872684859495,3.0,True,0.0002914627939205181,4.707232239709036,102.9290894953165
10.0,8.72910764842164,1.0,0.03,1.0,0.8,2.0,179.3848768052562,0.002462549958716964,8.846903363057995e-11,88.46903363057996,3.0,True,0.0010173051101226324,4.707232239709036,29.489677876859982
10.0,8.72910764842164,1.0,0.03,1.0,0.8,5.0,179.3848768052562,5.791362408683128e-05,2.0805922490507022e-12,2.080592249050702,3.0,False,0.043256914006607354,4.707232239709036,0.6935307496835673
10.0,8.72910764842164,1.0,0.03,1.0,0.8,10.0,179.3848768052562,1.1179959516236012e-07,4.0164879129832395e-15,0.004016487912983239,3.0,False,22.40763621099824,4.707232239709036,0.0013388293043277465
10.0,8.72910764842164,1.0,0.03,1.0,3.0,0.5,179.3848768052562,0.02539445174671842,9.123155441610231e-10,912.3155441610231,3.0,True,9.865007844710696e-05,17.652120898908883,304.1051813870077
10.0,8.72910764842164,1.0,0.03,1.0,3.0,1.0,179.3848768052562,0.021495939317213678,7.72258435465942e-10,772.258435465942,3.0,True,0.00011654129740350264,17.652120898908883,257.4194784886473
10.0,8.72910764842164,1.0,0.03,1.0,3.0,2.0,179.3848768052562,0.01540251357097776,5.533473488660754e-10,553.3473488660754,3.0,True,0.00016264648269198153,17.652120898908883,184.4491162886918
10.0,8.72910764842164,1.0,0.03,1.0,3.0,5.0,179.3848768052562,0.005666268085126855,2.0356511347455098e-10,203.56511347455097,3.0,True,0.000442118978364392,17.652120898908883,67.85503782485033
10.0,8.72910764842164,1.0,0.03,1.0,3.0,10.0,179.3848768052562,0.0010702198004175717,3.844848352420249e-11,38.448483524202494,3.0,True,0.0023407945320742477,17.652120898908883,12.816161174734164
10.0,8.72910764842164,1.0,0.03,1.0,9.6,0.5,179.3848768052562,0.028477492782005256,1.0230762051050791e-09,1023.0762051050791,3.0,True,8.796998654734247e-05,56.48678687650843,341.02540170169306
10.0,8.72910764842164,1.0,0.03,1.0,9.6,1.0,179.3848768052562,0.027032253171638716,9.711548415440407e-10,971.1548415440407,3.0,True,9.267317234078642e-05,56.48678687650843,323.71828051468026
10.0,8.72910764842164,1.0,0.03,1.0,9.6,2.0,179.3848768052562,0.024358090384519047,8.750834515160397e-10,875.0834515160396,3.0,True,0.00010284733398178125,56.48678687650843,291.6944838386799
10.0,8.72910764842164,1.0,0.03,1.0,9.6,5.0,179.3848768052562,0.01782075961660905,6.402247297617055e-10,640.2247297617055,3.0,True,0.0001405756382348717,56.48678687650843,213.40824325390182
10.0,8.72910764842164,1.0,0.03,1.0,9.6,10.0,179.3848768052562,0.010585982443765466,3.803097003230615e-10,380.3097003230615,3.0,True,0.000236649235934681,56.48678687650843,126.76990010768716
10.0,8.72910764842164,1.0,0.03,5.0,0.8,0.5,179.3848768052562,0.016057842855569708,5.768905660554135e-10,576.8905660554135,15.0,True,0.0007800439571701629,3.4196819097617563,192.29685535180448
10.0,8.72910764842164,1.0,0.03,5.0,0.8,1.0,179.3848768052562,0.008595143905805703,3.087872684859495e-10,308.7872684859495,15.0,True,0.0014573139696025905,3.4196819097617563,102.9290894953165
10.0,8.72910764842164,1.0,0.03,5.0,0.8,2.0,179.3848768052562,0.002462549958716964,8.846903363057995e-11,88.46903363057996,15.0,True,0.0050865255506131616,3.4196819097617563,29.489677876859982
10.0,8.72910764842164,1.0,0.03,5.0,0.8,5.0,179.3848768052562,5.791362408683128e-05,2.0805922490507022e-12,2.080592249050702,15.0,False,0.21628457003303675,3.4196819097617563,0.6935307496835673
10.0,8.72910764842164,1.0,0.03,5.0,0.8,10.0,179.3848768052562,1.1179959516236012e-07,4.0164879129832395e-15,0.004016487912983239,15.0,False,112.0381810549912,3.4196819097617563,0.0013388293043277465
10.0,8.72910764842164,1.0,0.03,5.0,3.0,0.5,179.3848768052562,0.02539445174671842,9.123155441610231e-10,912.3155441610231,15.0,True,0.0004932503922355347,12.823807161606586,304.1051813870077
10.0,8.72910764842164,1.0,0.03,5.0,3.0,1.0,179.3848768052562,0.021495939317213678,7.72258435465942e-10,772.258435465942,15.0,True,0.0005827064870175131,12.823807161606586,257.4194784886473
10.0,8.72910764842164,1.0,0.03,5.0,3.0,2.0,179.3848768052562,0.01540251357097776,5.533473488660754e-10,553.3473488660754,15.0,True,0.0008132324134599076,12.823807161606586,184.4491162886918
10.0,8.72910764842164,1.0,0.03,5.0,3.0,5.0,179.3848768052562,0.005666268085126855,2.0356511347455098e-10,203.56511347455097,15.0,True,0.00221059489182196,12.823807161606586,67.85503782485033
10.0,8.72910764842164,1.0,0.03,5.0,3.0,10.0,179.3848768052562,0.0010702198004175717,3.844848352420249e-11,38.448483524202494,15.0,True,0.011703972660371237,12.823807161606586,12.816161174734164
10.0,8.72910764842164,1.0,0.03,5.0,9.6,0.5,179.3848768052562,0.028477492782005256,1.0230762051050791e-09,1023.0762051050791,15.0,True,0.0004398499327367123,41.036182917141076,341.02540170169306
10.0,8.72910764842164,1.0,0.03,5.0,9.6,1.0,179.3848768052562,0.027032253171638716,9.711548415440407e-10,971.1548415440407,15.0,True,0.00046336586170393204,41.036182917141076,323.71828051468026
10.0,8.72910764842164,1.0,0.03,5.0,9.6,2.0,179.3848768052562,0.024358090384519047,8.750834515160397e-10,875.0834515160396,15.0,True,0.0005142366699089062,41.036182917141076,291.6944838386799
10.0,8.72910764842164,1.0,0.03,5.0,9.6,5.0,179.3848768052562,0.01782075961660905,6.402247297617055e-10,640.2247297617055,15.0,True,0.0007028781911743586,41.036182917141076,213.40824325390182
10.0,8.72910764842164,1.0,0.03,5.0,9.6,10.0,179.3848768052562,0.010585982443765466,3.803097003230615e-10,380.3097003230615,15.0,True,0.0011832461796734048,41.036182917141076,126.76990010768716
10.0,8.72910764842164,1.0,0.03,10.0,0.8,0.5,179.3848768052562,0.016057842855569708,5.768905660554135e-10,576.8905660554135,30.0,True,0.0015600879143403258,2.8651641653138,192.29685535180448
10.0,8.72910764842164,1.0,0.03,10.0,0.8,1.0,179.3848768052562,0.008595143905805703,3.087872684859495e-10,308.7872684859495,30.0,True,0.002914627939205181,2.8651641653138,102.9290894953165
10.0,8.72910764842164,1.0,0.03,10.0,0.8,2.0,179.3848768052562,0.002462549958716964,8.846903363057995e-11,88.46903363057996,30.0,True,0.010173051101226323,2.8651641653138,29.489677876859982
10.0,8.72910764842164,1.0,0.03,10.0,0.8,5.0,179.3848768052562,5.791362408683128e-05,2.0805922490507022e-12,2.080592249050702,30.0,False,0.4325691400660735,2.8651641653138,0.6935307496835673
10.0,8.72910764842164,1.0,0.03,10.0,0.8,10.0,179.3848768052562,1.1179959516236012e-07,4.0164879129832395e-15,0.004016487912983239,30.0,False,224.0763621099824,2.8651641653138,0.0013388293043277465
10.0,8.72910764842164,1.0,0.03,10.0,3.0,0.5,179.3848768052562,0.02539445174671842,9.123155441610231e-10,912.3155441610231,30.0,True,0.0009865007844710694,10.74436561992675,304.1051813870077
10.0,8.72910764842164,1.0,0.03,10.0,3.0,1.0,179.3848768052562,0.021495939317213678,7.72258435465942e-10,772.258435465942,30.0,True,0.0011654129740350262,10.74436561992675,257.4194784886473
10.0,8.72910764842164,1.0,0.03,10.0,3.0,2.0,179.3848768052562,0.01540251357097776,5.533473488660754e-10,553.3473488660754,30.0,True,0.0016264648269198152,10.74436561992675,184.4491162886918
10.0,8.72910764842164,1.0,0.03,10.0,3.0,5.0,179.3848768052562,0.005666268085126855,2.0356511347455098e-10,203.56511347455097,30.0,True,0.00442118978364392,10.74436561992675,67.85503782485033
10.0,8.72910764842164,1.0,0.03,10.0,3.0,10.0,179.3848768052562,0.0010702198004175717,3.844848352420249e-11,38.448483524202494,30.0,True,0.023407945320742474,10.74436561992675,12.816161174734164
10.0,8.72910764842164,1.0,0.03,10.0,9.6,0.5,179.3848768052562,0.028477492782005256,1.0230762051050791e-09,1023.0762051050791,30.0,True,0.0008796998654734247,34.3819699837656,341.02540170169306
10.0,8.72910764842164,1.0,0.03,10.0,9.6,1.0,179.3848768052562,0.027032253171638716,9.711548415440407e-10,971.1548415440407,30.0,True,0.0009267317234078641,34.3819699837656,323.71828051468026
10.0,8.72910764842164,1.0,0.03,10.0,9.6,2.0,179.3848768052562,0.024358090384519047,8.750834515160397e-10,875.0834515160396,30.0,True,0.0010284733398178124,34.3819699837656,291.6944838386799
10.0,8.72910764842164,1.0,0.03,10.0,9.6,5.0,179.3848768052562,0.01782075961660905,6.402247297617055e-10,640.2247297617055,30.0,True,0.0014057563823487171,34.3819699837656,213.40824325390182
10.0,8.72910764842164,1.0,0.03,10.0,9.6,10.0,179.3848768052562,0.010585982443765466,3.803097003230615e-10,380.3097003230615,30.0,True,0.0023664923593468097,34.3819699837656,126.76990010768716
10.0,8.72910764842164,1.0,0.03,50.0,0.8,0.5,179.3848768052562,0.016057842855569708,5.768905660554135e-10,576.8905660554135,150.0,True,0.007800439571701629,1.5776138353665197,192.29685535180448
10.0,8.72910764842164,1.0,0.03,50.0,0.8,1.0,179.3848768052562,0.008595143905805703,3.087872684859495e-10,308.7872684859495,150.0,True,0.014573139696025906,1.5776138353665197,102.9290894953165
10.0,8.72910764842164,1.0,0.03,50.0,0.8,2.0,179.3848768052562,0.002462549958716964,8.846903363057995e-11,88.46903363057996,150.0,False,0.050865255506131614,1.5776138353665197,29.489677876859982
10.0,8.72910764842164,1.0,0.03,50.0,0.8,5.0,179.3848768052562,5.791362408683128e-05,2.0805922490507022e-12,2.080592249050702,150.0,False,2.1628457003303674,1.5776138353665197,0.6935307496835673
10.0,8.72910764842164,1.0,0.03,50.0,0.8,10.0,179.3848768052562,1.1179959516236012e-07,4.0164879129832395e-15,0.004016487912983239,150.0,False,1120.381810549912,1.5776138353665197,0.0013388293043277465
10.0,8.72910764842164,1.0,0.03,50.0,3.0,0.5,179.3848768052562,0.02539445174671842,9.123155441610231e-10,912.3155441610231,150.0,True,0.004932503922355348,5.916051882624449,304.1051813870077
10.0,8.72910764842164,1.0,0.03,50.0,3.0,1.0,179.3848768052562,0.021495939317213678,7.72258435465942e-10,772.258435465942,150.0,True,0.0058270648701751315,5.916051882624449,257.4194784886473
10.0,8.72910764842164,1.0,0.03,50.0,3.0,2.0,179.3848768052562,0.01540251357097776,5.533473488660754e-10,553.3473488660754,150.0,True,0.008132324134599076,5.916051882624449,184.4491162886918
10.0,8.72910764842164,1.0,0.03,50.0,3.0,5.0,179.3848768052562,0.005666268085126855,2.0356511347455098e-10,203.56511347455097,150.0,True,0.0221059489182196,5.916051882624449,67.85503782485033
10.0,8.72910764842164,1.0,0.03,50.0,3.0,10.0,179.3848768052562,0.0010702198004175717,3.844848352420249e-11,38.448483524202494,150.0,False,0.11703972660371238,5.916051882624449,12.816161174734164
10.0,8.72910764842164,1.0,0.03,50.0,9.6,0.5,179.3848768052562,0.028477492782005256,1.0230762051050791e-09,1023.0762051050791,150.0,True,0.004398499327367123,18.931366024398233,341.02540170169306
10.0,8.72910764842164,1.0,0.03,50.0,9.6,1.0,179.3848768052562,0.027032253171638716,9.711548415440407e-10,971.1548415440407,150.0,True,0.00463365861703932,18.931366024398233,323.71828051468026
10.0,8.72910764842164,1.0,0.03,50.0,9.6,2.0,179.3848768052562,0.024358090384519047,8.750834515160397e-10,875.0834515160396,150.0,True,0.005142366699089062,18.931366024398233,291.6944838386799
10.0,8.72910764842164,1.0,0.03,50.0,9.6,5.0,179.3848768052562,0.01782075961660905,6.402247297617055e-10,640.2247297617055,150.0,True,0.007028781911743585,18.931366024398233,213.40824325390182
10.0,8.72910764842164,1.0,0.03,50.0,9.6,10.0,179.3848768052562,0.010585982443765466,3.803097003230615e-10,380.3097003230615,150.0,True,0.01183246179673405,18.931366024398233,126.76990010768716
10.0,8.72910764842164,1.0,0.03,100.0,0.8,0.5,179.3848768052562,0.016057842855569708,5.768905660554135e-10,576.8905660554135,300.0,True,0.015600879143403258,1.0230960909185634,192.29685535180448
10.0,8.72910764842164,1.0,0.03,100.0,0.8,1.0,179.3848768052562,0.008595143905805703,3.087872684859495e-10,308.7872684859495,300.0,True,0.029146279392051812,1.0230960909185634,102.9290894953165
10.0,8.72910764842164,1.0,0.03,100.0,0.8,2.0,179.3848768052562,0.002462549958716964,8.846903363057995e-11,88.46903363057996,300.0,False,0.10173051101226323,1.0230960909185634,29.489677876859982
10.0,8.72910764842164,1.0,0.03,100.0,0.8,5.0,179.3848768052562,5.791362408683128e-05,2.0805922490507022e-12,2.080592249050702,300.0,False,4.325691400660735,1.0230960909185634,0.6935307496835673
10.0,8.72910764842164,1.0,0.03,100.0,0.8,10.0,179.3848768052562,1.1179959516236012e-07,4.0164879129832395e-15,0.004016487912983239,300.0,False,2240.763621099824,1.0230960909185634,0.0013388293043277465
10.0,8.72910764842164,1.0,0.03,100.0,3.0,0.5,179.3848768052562,0.02539445174671842,9.123155441610231e-10,912.3155441610231,300.0,True,0.009865007844710696,3.8366103409446124,304.1051813870077
10.0,8.72910764842164,1.0,0.03,100.0,3.0,1.0,179.3848768052562,0.021495939317213678,7.72258435465942e-10,772.258435465942,300.0,True,0.011654129740350263,3.8366103409446124,257.4194784886473
10.0,8.72910764842164,1.0,0.03,100.0,3.0,2.0,179.3848768052562,0.01540251357097776,5.533473488660754e-10,553.3473488660754,300.0,True,0.016264648269198153,3.8366103409446124,184.4491162886918
10.0,8.72910764842164,1.0,0.03,100.0,3.0,5.0,179.3848768052562,0.005666268085126855,2.0356511347455098e-10,203.56511347455097,300.0,False,0.0442118978364392,3.8366103409446124,67.85503782485033
10.0,8.72910764842164,1.0,0.03,100.0,3.0,10.0,179.3848768052562,0.0010702198004175717,3.844848352420249e-11,38.448483524202494,300.0,False,0.23407945320742476,3.8366103409446124,12.816161174734164
10.0,8.72910764842164,1.0,0.03,100.0,9.6,0.5,179.3848768052562,0.028477492782005256,1.0230762051050791e-09,1023.0762051050791,300.0,True,0.008796998654734246,12.27715309102276,341.02540170169306
10.0,8.72910764842164,1.0,0.03,100.0,9.6,1.0,179.3848768052562,0.027032253171638716,9.711548415440407e-10,971.1548415440407,300.0,True,0.00926731723407864,12.27715309102276,323.71828051468026
10.0,8.72910764842164,1.0,0.03,100.0,9.6,2.0,179.3848768052562,0.024358090384519047,8.750834515160397e-10,875.0834515160396,300.0,True,0.010284733398178123,12.27715309102276,291.6944838386799
10.0,8.72910764842164,1.0,0.03,100.0,9.6,5.0,179.3848768052562,0.01782075961660905,6.402247297617055e-10,640.2247297617055,300.0,True,0.01405756382348717,12.27715309102276,213.40824325390182
10.0,8.72910764842164,1.0,0.03,100.0,9.6,10.0,179.3848768052562,0.010585982443765466,3.803097003230615e-10,380.3097003230615,300.0,True,0.0236649235934681,12.27715309102276,126.76990010768716
10.0,8.72910764842164,1.0,0.1,1.0,0.8,0.5,179.3848768052562,0.05352614285189903,1.922968553518045e-09,1922.968553518045,3.0,True,0.00015600879143403258,5.6704104831697855,640.9895178393483
10.0,8.72910764842164,1.0,0.1,1.0,0.8,1.0,179.3848768052562,0.028650479686019012,1.029290894953165e-09,1029.290894953165,3.0,True,0.0002914627939205181,5.6704104831697855,343.09696498438836
10.0,8.72910764842164,1.0,0.1,1.0,0.8,2.0,179.3848768052562,0.008208499862389881,2.9489677876859986e-10,294.89677876859986,3.0,True,0.0010173051101226324,5.6704104831697855,98.29892625619995
10.0,8.72910764842164,1.0,0.1,1.0,0.8,5.0,179.3848768052562,0.00019304541362277094,6.935307496835674e-12,6.935307496835675,3.0,True,0.043256914006607354,5.6704104831697855,2.3117691656118913
10.0,8.72910764842164,1.0,0.1,1.0,0.8,10.0,179.3848768052562,3.726653172078671e-07,1.3388293043277466e-14,0.013388293043277466,3.0,False,22.40763621099824,5.6704104831697855,0.004462764347759155
10.0,8.72910764842164,1.0,0.1,1.0,3.0,0.5,179.3848768052562,0.08464817248906142,3.0410518138700778e-09,3041.0518138700777,3.0,True,9.865007844710696e-05,21.264039311886695,1013.6839379566926
10.0,8.72910764842164,1.0,0.1,1.0,3.0,1.0,179.3848768052562,0.07165313105737893,2.5741947848864735e-09,2574.1947848864734,3.0,True,0.00011654129740350264,21.264039311886695,858.0649282954911
10.0,8.72910764842164,1.0,0.1,1.0,3.0,2.0,179.3848768052562,0.0513417119032592,1.8444911628869183e-09,1844.4911628869183,3.0,True,0.00016264648269198153,21.264039311886695,614.8303876289729
10.0,8.72910764842164,1.0,0.1,1.0,3.0,5.0,179.3848768052562,0.018887560283756183,6.785503782485033e-10,678.5503782485033,3.0,True,0.000442118978364392,21.264039311886695,226.18345941616778
10.0,8.72910764842164,1.0,0.1,1.0,3.0,10.0,179.3848768052562,0.0035673993347252395,1.2816161174734166e-10,128.16161174734165,3.0,True,0.0023407945320742477,21.264039311886695,42.72053724911389
10.0,8.72910764842164,1.0,0.1,1.0,9.6,0.5,179.3848768052562,0.09492497594001753,3.410254017016931e-09,3410.254017016931,3.0,True,8.796998654734247e-05,68.04492579803743,1136.7513390056438
10.0,8.72910764842164,1.0,0.1,1.0,9.6,1.0,179.3848768052562,0.09010751057212907,3.237182805146803e-09,3237.182805146803,3.0,True,9.267317234078642e-05,68.04492579803743,1079.0609350489342
10.0,8.72910764842164,1.0,0.1,1.0,9.6,2.0,179.3848768052562,0.0811936346150635,2.916944838386799e-09,2916.944838386799,3.0,True,0.00010284733398178125,68.04492579803743,972.3149461289329
10.0,8.72910764842164,1.0,0.1,1.0,9.6,5.0,179.3848768052562,0.0594025320553635,2.134082432539018e-09,2134.082432539018,3.0,True,0.0001405756382348717,68.04492579803743,711.3608108463394
10.0,8.72910764842164,1.0,0.1,1.0,9.6,10.0,179.3848768052562,0.03528660814588489,1.2676990010768717e-09,1267.6990010768716,3.0,True,0.000236649235934681,68.04492579803743,422.5663336922905
10.0,8.72910764842164,1.0,0.1,5.0,0.8,0.5,179.3848768052562,0.05352614285189903,1.922968553518045e-09,1922.968553518045,15.0,True,0.0007800439571701629,4.382860153222505,640.9895178393483
10.0,8.72910764842164,1.0,0.1,5.0,0.8,1.0,179.3848768052562,0.028650479686019012,1.029290894953165e-09,1029.290894953165,15.0,True,0.0014573139696025905,4.382860153222505,343.09696498438836
10.0,8.72910764842164,1.0,0.1,5.0,0.8,2.0,179.3848768052562,0.008208499862389881,2.9489677876859986e-10,294.89677876859986,15.0,True,0.0050865255506131616,4.382860153222505,98.29892625619995
10.0,8.72910764842164,1.0,0.1,5.0,0.8,5.0,179.3848768052562,0.00019304541362277094,6.935307496835674e-12,6.935307496835675,15.0,False,0.21628457003303675,4.382860153222505,2.3117691656118913
10.0,8.72910764842164,1.0,0.1,5.0,0.8,10.0,179.3848768052562,3.726653172078671e-07,1.3388293043277466e-14,0.013388293043277466,15.0,False,112.0381810549912,4.382860153222505,0.004462764347759155
10.0,8.72910764842164,1.0,0.1,5.0,3.0,0.5,179.3848768052562,0.08464817248906142,3.0410518138700778e-09,3041.0518138700777,15.0,True,0.0004932503922355347,16.435725574584396,1013.6839379566926
10.0,8.72910764842164,1.0,0.1,5.0,3.0,1.0,179.3848768052562,0.07165313105737893,2.5741947848864735e-09,2574.1947848864734,15.0,True,0.0005827064870175131,16.435725574584396,858.0649282954911
10.0,8.72910764842164,1.0,0.1,5.0,3.0,2.0,179.3848768052562,0.0513417119032592,1.8444911628869183e-09,1844.4911628869183,15.0,True,0.0008132324134599076,16.435725574584396,614.8303876289729
10.0,8.72910764842164,1.0,0.1,5.0,3.0,5.0,179.3848768052562,0.018887560283756183,6.785503782485033e-10,678.5503782485033,15.0,True,0.00221059489182196,16.435725574584396,226.18345941616778
10.0,8.72910764842164,1.0,0.1,5.0,3.0,10.0,179.3848768052562,0.0035673993347252395,1.2816161174734166e-10,128.16161174734165,15.0,True,0.011703972660371237,16.435725574584396,42.72053724911389
10.0,8.72910764842164,1.0,0.1,5.0,9.6,0.5,179.3848768052562,0.09492497594001753,3.410254017016931e-09,3410.254017016931,15.0,True,0.0004398499327367123,52.59432183867006,1136.7513390056438
10.0,8.72910764842164,1.0,0.1,5.0,9.6,1.0,179.3848768052562,0.09010751057212907,3.237182805146803e-09,3237.182805146803,15.0,True,0.00046336586170393204,52.59432183867006,1079.0609350489342
10.0,8.72910764842164,1.0,0.1,5.0,9.6,2.0,179.3848768052562,0.0811936346150635,2.916944838386799e-09,2916.944838386799,15.0,True,0.0005142366699089062,52.59432183867006,972.3149461289329
10.0,8.72910764842164,1.0,0.1,5.0,9.6,5.0,179.3848768052562,0.0594025320553635,2.134082432539018e-09,2134.082432539018,15.0,True,0.0007028781911743586,52.59432183867006,711.3608108463394
10.0,8.72910764842164,1.0,0.1,5.0,9.6,10.0,179.3848768052562,0.03528660814588489,1.2676990010768717e-09,1267.6990010768716,15.0,True,0.0011832461796734048,52.59432183867006,422.5663336922905
10.0,8.72910764842164,1.0,0.1,10.0,0.8,0.5,179.3848768052562,0.05352614285189903,1.922968553518045e-09,1922.968553518045,30.0,True,0.0015600879143403258,3.828342408774549,640.9895178393483
10.0,8.72910764842164,1.0,0.1,10.0,0.8,1.0,179.3848768052562,0.028650479686019012,1.029290894953165e-09,1029.290894953165,30.0,True,0.002914627939205181,3.828342408774549,343.09696498438836
10.0,8.72910764842164,1.0,0.1,10.0,0.8,2.0,179.3848768052562,0.008208499862389881,2.9489677876859986e-10,294.89677876859986,30.0,True,0.010173051101226323,3.828342408774549,98.29892625619995
10.0,8.72910764842164,1.0,0.1,10.0,0.8,5.0,179.3848768052562,0.00019304541362277094,6.935307496835674e-12,6.935307496835675,30.0,False,0.4325691400660735,3.828342408774549,2.3117691656118913
10.0,8.72910764842164,1.0,0.1,10.0,0.8,10.0,179.3848768052562,3.726653172078671e-07,1.3388293043277466e-14,0.013388293043277466,30.0,False,224.0763621099824,3.828342408774549,0.004462764347759155
10.0,8.72910764842164,1.0,0.1,10.0,3.0,0.5,179.3848768052562,0.08464817248906142,3.0410518138700778e-09,3041.0518138700777,30.0,True,0.0009865007844710694,14.356284032904558,1013.6839379566926
10.0,8.72910764842164,1.0,0.1,10.0,3.0,1.0,179.3848768052562,0.07165313105737893,2.5741947848864735e-09,2574.1947848864734,30.0,True,0.0011654129740350262,14.356284032904558,858.0649282954911
10.0,8.72910764842164,1.0,0.1,10.0,3.0,2.0,179.3848768052562,0.0513417119032592,1.8444911628869183e-09,1844.4911628869183,30.0,True,0.0016264648269198152,14.356284032904558,614.8303876289729
10.0,8.72910764842164,1.0,0.1,10.0,3.0,5.0,179.3848768052562,0.018887560283756183,6.785503782485033e-10,678.5503782485033,30.0,True,0.00442118978364392,14.356284032904558,226.18345941616778
10.0,8.72910764842164,1.0,0.1,10.0,3.0,10.0,179.3848768052562,0.0035673993347252395,1.2816161174734166e-10,128.16161174734165,30.0,True,0.023407945320742474,14.356284032904558,42.72053724911389
10.0,8.72910764842164,1.0,0.1,10.0,9.6,0.5,179.3848768052562,0.09492497594001753,3.410254017016931e-09,3410.254017016931,30.0,True,0.0008796998654734247,45.940108905294586,1136.7513390056438
10.0,8.72910764842164,1.0,0.1,10.0,9.6,1.0,179.3848768052562,0.09010751057212907,3.237182805146803e-09,3237.182805146803,30.0,True,0.0009267317234078641,45.940108905294586,1079.0609350489342
10.0,8.72910764842164,1.0,0.1,10.0,9.6,2.0,179.3848768052562,0.0811936346150635,2.916944838386799e-09,2916.944838386799,30.0,True,0.0010284733398178124,45.940108905294586,972.3149461289329
10.0,8.72910764842164,1.0,0.1,10.0,9.6,5.0,179.3848768052562,0.0594025320553635,2.134082432539018e-09,2134.082432539018,30.0,True,0.0014057563823487171,45.940108905294586,711.3608108463394
10.0,8.72910764842164,1.0,0.1,10.0,9.6,10.0,179.3848768052562,0.03528660814588489,1.2676990010768717e-09,1267.6990010768716,30.0,True,0.0023664923593468097,45.940108905294586,422.5663336922905
10.0,8.72910764842164,1.0,0.1,50.0,0.8,0.5,179.3848768052562,0.05352614285189903,1.922968553518045e-09,1922.968553518045,150.0,True,0.007800439571701629,2.5407920788272684,640.9895178393483
10.0,8.72910764842164,1.0,0.1,50.0,0.8,1.0,179.3848768052562,0.028650479686019012,1.029290894953165e-09,1029.290894953165,150.0,True,0.014573139696025906,2.5407920788272684,343.09696498438836
10.0,8.72910764842164,1.0,0.1,50.0,0.8,2.0,179.3848768052562,0.008208499862389881,2.9489677876859986e-10,294.89677876859986,150.0,True,0.050865255506131614,2.5407920788272684,98.29892625619995
10.0,8.72910764842164,1.0,0.1,50.0,0.8,5.0,179.3848768052562,0.00019304541362277094,6.935307496835674e-12,6.935307496835675,150.0,False,2.1628457003303674,2.5407920788272684,2.3117691656118913
10.0,8.72910764842164,1.0,0.1,50.0,0.8,10.0,179.3848768052562,3.726653172078671e-07,1.3388293043277466e-14,0.013388293043277466,150.0,False,1120.381810549912,2.5407920788272684,0.004462764347759155
10.0,8.72910764842164,1.0,0.1,50.0,3.0,0.5,179.3848768052562,0.08464817248906142,3.0410518138700778e-09,3041.0518138700777,150.0,True,0.004932503922355348,9.527970295602255,1013.6839379566926
10.0,8.72910764842164,1.0,0.1,50.0,3.0,1.0,179.3848768052562,0.07165313105737893,2.5741947848864735e-09,2574.1947848864734,150.0,True,0.0058270648701751315,9.527970295602255,858.0649282954911
10.0,8.72910764842164,1.0,0.1,50.0,3.0,2.0,179.3848768052562,0.0513417119032592,1.8444911628869183e-09,1844.4911628869183,150.0,True,0.008132324134599076,9.527970295602255,614.8303876289729
10.0,8.72910764842164,1.0,0.1,50.0,3.0,5.0,179.3848768052562,0.018887560283756183,6.785503782485033e-10,678.5503782485033,150.0,True,0.0221059489182196,9.527970295602255,226.18345941616778
10.0,8.72910764842164,1.0,0.1,50.0,3.0,10.0,179.3848768052562,0.0035673993347252395,1.2816161174734166e-10,128.16161174734165,150.0,False,0.11703972660371238,9.527970295602255,42.72053724911389
10.0,8.72910764842164,1.0,0.1,50.0,9.6,0.5,179.3848768052562,0.09492497594001753,3.410254017016931e-09,3410.254017016931,150.0,True,0.004398499327367123,30.48950494592722,1136.7513390056438
10.0,8.72910764842164,1.0,0.1,50.0,9.6,1.0,179.3848768052562,0.09010751057212907,3.237182805146803e-09,3237.182805146803,150.0,True,0.00463365861703932,30.48950494592722,1079.0609350489342
10.0,8.72910764842164,1.0,0.1,50.0,9.6,2.0,179.3848768052562,0.0811936346150635,2.916944838386799e-09,2916.944838386799,150.0,True,0.005142366699089062,30.48950494592722,972.3149461289329
10.0,8.72910764842164,1.0,0.1,50.0,9.6,5.0,179.3848768052562,0.0594025320553635,2.134082432539018e-09,2134.082432539018,150.0,True,0.007028781911743585,30.48950494592722,711.3608108463394
10.0,8.72910764842164,1.0,0.1,50.0,9.6,10.0,179.3848768052562,0.03528660814588489,1.2676990010768717e-09,1267.6990010768716,150.0,True,0.01183246179673405,30.48950494592722,422.5663336922905
10.0,8.72910764842164,1.0,0.1,100.0,0.8,0.5,179.3848768052562,0.05352614285189903,1.922968553518045e-09,1922.968553518045,300.0,True,0.015600879143403258,1.9862743343793126,640.9895178393483
10.0,8.72910764842164,1.0,0.1,100.0,0.8,1.0,179.3848768052562,0.028650479686019012,1.029290894953165e-09,1029.290894953165,300.0,True,0.029146279392051812,1.9862743343793126,343.09696498438836
10.0,8.72910764842164,1.0,0.1,100.0,0.8,2.0,179.3848768052562,0.008208499862389881,2.9489677876859986e-10,294.89677876859986,300.0,False,0.10173051101226323,1.9862743343793126,98.29892625619995
10.0,8.72910764842164,1.0,0.1,100.0,0.8,5.0,179.3848768052562,0.00019304541362277094,6.935307496835674e-12,6.935307496835675,300.0,False,4.325691400660735,1.9862743343793126,2.3117691656118913
10.0,8.72910764842164,1.0,0.1,100.0,0.8,10.0,179.3848768052562,3.726653172078671e-07,1.3388293043277466e-14,0.013388293043277466,300.0,False,2240.763621099824,1.9862743343793126,0.004462764347759155
10.0,8.72910764842164,1.0,0.1,100.0,3.0,0.5,179.3848768052562,0.08464817248906142,3.0410518138700778e-09,3041.0518138700777,300.0,True,0.009865007844710696,7.448528753922421,1013.6839379566926
10.0,8.72910764842164,1.0,0.1,100.0,3.0,1.0,179.3848768052562,0.07165313105737893,2.5741947848864735e-09,2574.1947848864734,300.0,True,0.011654129740350263,7.448528753922421,858.0649282954911
10.0,8.72910764842164,1.0,0.1,100.0,3.0,2.0,179.3848768052562,0.0513417119032592,1.8444911628869183e-09,1844.4911628869183,300.0,True,0.016264648269198153,7.448528753922421,614.8303876289729
10.0,8.72910764842164,1.0,0.1,100.0,3.0,5.0,179.3848768052562,0.018887560283756183,6.785503782485033e-10,678.5503782485033,300.0,True,0.0442118978364392,7.448528753922421,226.18345941616778
10.0,8.72910764842164,1.0,0.1,100.0,3.0,10.0,179.3848768052562,0.0035673993347252395,1.2816161174734166e-10,128.16161174734165,300.0,False,0.23407945320742476,7.448528753922421,42.72053724911389
10.0,8.72910764842164,1.0,0.1,100.0,9.6,0.5,179.3848768052562,0.09492497594001753,3.410254017016931e-09,3410.254017016931,300.0,True,0.008796998654734246,23.835292012551747,1136.7513390056438
10.0,8.72910764842164,1.0,0.1,100.0,9.6,1.0,179.3848768052562,0.09010751057212907,3.237182805146803e-09,3237.182805146803,300.0,True,0.00926731723407864,23.835292012551747,1079.0609350489342
10.0,8.72910764842164,1.0,0.1,100.0,9.6,2.0,179.3848768052562,0.0811936346150635,2.916944838386799e-09,2916.944838386799,300.0,True,0.010284733398178123,23.835292012551747,972.3149461289329
10.0,8.72910764842164,1.0,0.1,100.0,9.6,5.0,179.3848768052562,0.0594025320553635,2.134082432539018e-09,2134.082432539018,300.0,True,0.01405756382348717,23.835292012551747,711.3608108463394
10.0,8.72910764842164,1.0,0.1,100.0,9.6,10.0,179.3848768052562,0.03528660814588489,1.2676990010768717e-09,1267.6990010768716,300.0,True,0.0236649235934681,23.835292012551747,422.5663336922905
10.0,8.72910764842164,10.0,0.01,1.0,0.8,0.5,93.18408595319652,0.005352614285189903,9.989140119702055e-11,99.89140119702054,3.0,True,0.00030032615060459093,3.3043770553423295,33.297133732340185
10.0,8.72910764842164,10.0,0.01,1.0,0.8,1.0,93.18408595319652,0.002865047968601901,5.3468014101480774e-11,53.468014101480776,3.0,True,0.0005610831167782079,3.3043770553423295,17.822671367160257
10.0,8.72910764842164,10.0,0.01,1.0,0.8,2.0,93.18408595319652,0.0008208499862389881,1.531884251866253e-11,15.318842518662532,3.0,True,0.0019583725051975573,3.3043770553423295,5.106280839554177
10.0,8.72910764842164,10.0,0.01,1.0,0.8,5.0,93.18408595319652,1.9304541362277093e-05,3.602646451621319e-13,0.36026464516213186,3.0,False,0.08327211788017372,3.3043770553423295,0.12008821505404396
10.0,8.72910764842164,10.0,0.01,1.0,0.8,10.0,93.18408595319652,3.726653172078671e-08,6.954743743898454e-16,0.0006954743743898454,3.0,False,43.13602499922394,3.3043770553423295,0.00023182479146328182
10.0,8.72910764842164,10.0,0.01,1.0,3.0,0.5,93.18408595319652,0.008464817248906142,1.579718639935483e-10,157.97186399354828,3.0,True,0.00018990723564055198,12.391413957533736,52.65728799784943
10.0,8.72910764842164,10.0,0.01,1.0,3.0,1.0,93.18408595319652,0.007165313105737893,1.3372029591744424e-10,133.72029591744425,3.0,True,0.000224348890302496,12.391413957533736,44.57343197248141
10.0,8.72910764842164,10.0,0.01,1.0,3.0,2.0,93.18408595319652,0.005134171190325921,9.581477888404125e-11,95.81477888404125,3.0,True,0.0003131040988604395,12.391413957533736,31.93825962801375
10.0,8.72910764842164,10.0,0.01,1.0,3.0,5.0,93.18408595319652,0.0018887560283756184,3.52482873118264e-11,35.2482873118264,3.0,True,0.0008511051823483773,12.391413957533736,11.749429103942132
10.0,8.72910764842164,10.0,0.01,1.0,3.0,10.0,93.18408595319652,0.00035673993347252396,6.657541515012794e-12,6.6575415150127935,3.0,True,0.0045061679198469635,12.391413957533736,2.219180505004265
10.0,8.72910764842164,10.0,0.01,1.0,9.6,0.5,93.18408595319652,0.009492497594001751,1.7715060996414385e-10,177.15060996414385,3.0,True,0.00016934742706261154,39.65252466410795,59.050203321381275
10.0,8.72910764842164,10.0,0.01,1.0,9.6,1.0,93.18408595319652,0.009010751057212905,1.6816017388605784e-10,168.16017388605783,3.0,True,0.00017840133788353142,39.65252466410795,56.05339129535261
10.0,8.72910764842164,10.0,0.01,1.0,9.6,2.0,93.18408595319652,0.00811936346150635,1.5152494646249018e-10,151.5249464624902,3.0,True,0.00019798720079024394,39.65252466410795,50.50831548749673
10.0,8.72910764842164,10.0,0.01,1.0,9.6,5.0,93.18408595319652,0.0059402532055363505,1.1085801900726097e-10,110.85801900726098,3.0,True,0.00027061641790690006,39.65252466410795,36.95267300242032
10.0,8.72910764842164,10.0,0.01,1.0,9.6,10.0,93.18408595319652,0.003528660814588489,6.585247027672918e-11,65.85247027672918,3.0,True,0.00045556377572370806,39.65252466410795,21.95082342557639
10.0,8.72910764842164,10.0,0.01,5.0,0.8,0.5,93.18408595319652,0.005352614285189903,9.989140119702055e-11,99.89140119702054,15.0,True,0.0015016307530229544,2.016826725395049,33.297133732340185
10.0,8.72910764842164,10.0,0.01,5.0,0.8,1.0,93.18408595319652,0.002865047968601901,5.3468014101480774e-11,53.468014101480776,15.0,True,0.0028054155838910387,2.016826725395049,17.822671367160257
10.0,8.72910764842164,10.0,0.01,5.0,0.8,2.0,93.18408595319652,0.0008208499862389881,1.531884251866253e-11,15.318842518662532,15.0,True,0.009791862525987786,2.016826725395049,5.106280839554177
10.0,8.72910764842164,10.0,0.01,5.0,0.8,5.0,93.18408595319652,1.9304541362277093e-05,3.602646451621319e-13,0.36026464516213186,15.0,False,0.41636058940086856,2.016826725395049,0.12008821505404396
10.0,8.72910764842164,10.0,0.01,5.0,0.8,10.0,93.18408595319652,3.726653172078671e-08,6.954743743898454e-16,0.0006954743743898454,15.0,False,215.6801249961197,2.016826725395049,0.00023182479146328182
10.0,8.72910764842164,10.0,0.01,5.0,3.0,0.5,93.18408595319652,0.008464817248906142,1.579718639935483e-10,157.97186399354828,15.0,True,0.0009495361782027598,7.5631002202314335,52.65728799784943
10.0,8.72910764842164,10.0,0.01,5.0,3.0,1.0,93.18408595319652,0.007165313105737893,1.3372029591744424e-10,133.72029591744425,15.0,True,0.00112174445151248,7.5631002202314335,44.57343197248141
10.0,8.72910764842164,10.0,0.01,5.0,3.0,2.0,93.18408595319652,0.005134171190325921,9.581477888404125e-11,95.81477888404125,15.0,True,0.0015655204943021976,7.5631002202314335,31.93825962801375
10.0,8.72910764842164,10.0,0.01,5.0,3.0,5.0,93.18408595319652,0.0018887560283756184,3.52482873118264e-11,35.2482873118264,15.0,True,0.0042555259117418864,7.5631002202314335,11.749429103942132
10.0,8.72910764842164,10.0,0.01,5.0,3.0,10.0,93.18408595319652,0.00035673993347252396,6.657541515012794e-12,6.6575415150127935,15.0,False,0.022530839599234815,7.5631002202314335,2.219180505004265
10.0,8.72910764842164,10.0,0.01,5.0,9.6,0.5,93.18408595319652,0.009492497594001751,1.7715060996414385e-10,177.15060996414385,15.0,True,0.0008467371353130577,24.201920704740587,59.050203321381275
10.0,8.72910764842164,10.0,0.01,5.0,9.6,1.0,93.18408595319652,0.009010751057212905,1.6816017388605784e-10,168.16017388605783,15.0,True,0.0008920066894176571,24.201920704740587,56.05339129535261
10.0,8.72910764842164,10.0,0.01,5.0,9.6,2.0,93.18408595319652,0.00811936346150635,1.5152494646249018e-10,151.5249464624902,15.0,True,0.0009899360039512196,24.201920704740587,50.50831548749673
10.0,8.72910764842164,10.0,0.01,5.0,9.6,5.0,93.18408595319652,0.0059402532055363505,1.1085801900726097e-10,110.85801900726098,15.0,True,0.0013530820895345,24.201920704740587,36.95267300242032
10.0,8.72910764842164,10.0,0.01,5.0,9.6,10.0,93.18408595319652,0.003528660814588489,6.585247027672918e-11,65.85247027672918,15.0,True,0.0022778188786185404,24.201920704740587,21.95082342557639
10.0,8.72910764842164,10.0,0.01,10.0,0.8,0.5,93.18408595319652,0.005352614285189903,9.989140119702055e-11,99.89140119702054,30.0,True,0.003003261506045909,1.4623089809470926,33.297133732340185
10.0,8.72910764842164,10.0,0.01,10.0,0.8,1.0,93.18408595319652,0.002865047968601901,5.3468014101480774e-11,53.468014101480776,30.0,True,0.0056108311677820774,1.4623089809470926,17.822671367160257
10.0,8.72910764842164,10.0,0.01,10.0,0.8,2.0,93.18408595319652,0.0008208499862389881,1.531884251866253e-11,15.318842518662532,30.0,False,0.019583725051975573,1.4623089809470926,5.106280839554177
10.0,8.72910764842164,10.0,0.01,10.0,0.8,5.0,93.18408595319652,1.9304541362277093e-05,3.602646451621319e-13,0.36026464516213186,30.0,False,0.8327211788017371,1.4623089809470926,0.12008821505404396
10.0,8.72910764842164,10.0,0.01,10.0,0.8,10.0,93.18408595319652,3.726653172078671e-08,6.954743743898454e-16,0.0006954743743898454,30.0,False,431.3602499922394,1.4623089809470926,0.00023182479146328182
10.0,8.72910764842164,10.0,0.01,10.0,3.0,0.5,93.18408595319652,0.008464817248906142,1.579718639935483e-10,157.97186399354828,30.0,True,0.0018990723564055196,5.483658678551597,52.65728799784943
10.0,8.72910764842164,10.0,0.01,10.0,3.0,1.0,93.18408595319652,0.007165313105737893,1.3372029591744424e-10,133.72029591744425,30.0,True,0.00224348890302496,5.483658678551597,44.57343197248141
10.0,8.72910764842164,10.0,0.01,10.0,3.0,2.0,93.18408595319652,0.005134171190325921,9.581477888404125e-11,95.81477888404125,30.0,True,0.0031310409886043953,5.483658678551597,31.93825962801375
10.0,8.72910764842164,10.0,0.01,10.0,3.0,5.0,93.18408595319652,0.0018887560283756184,3.52482873118264e-11,35.2482873118264,30.0,True,0.008511051823483773,5.483658678551597,11.749429103942132
10.0,8.72910764842164,10.0,0.01,10.0,3.0,10.0,93.18408595319652,0.00035673993347252396,6.657541515012794e-12,6.6575415150127935,30.0,False,0.04506167919846963,5.483658678551597,2.219180505004265
10.0,8.72910764842164,10.0,0.01,10.0,9.6,0.5,93.18408595319652,0.009492497594001751,1.7715060996414385e-10,177.15060996414385,30.0,True,0.0016934742706261154,17.54770777136511,59.050203321381275
10.0,8.72910764842164,10.0,0.01,10.0,9.6,1.0,93.18408595319652,0.009010751057212905,1.6816017388605784e-10,168.16017388605783,30.0,True,0.0017840133788353141,17.54770777136511,56.05339129535261
10.0,8.72910764842164,10.0,0.01,10.0,9.6,2.0,93.18408595319652,0.00811936346150635,1.5152494646249018e-10,151.5249464624902,30.0,True,0.0019798720079024393,17.54770777136511,50.50831548749673
10.0,8.72910764842164,10.0,0.01,10.0,9.6,5.0,93.18408595319652,0.0059402532055363505,1.1085801900726097e-10,110.85801900726098,30.0,True,0.002706164179069,17.54770777136511,36.95267300242032
10.0,8.72910764842164,10.0,0.01,10.0,9.6,10.0,93.18408595319652,0.003528660814588489,6.585247027672918e-11,65.85247027672918,30.0,True,0.004555637757237081,17.54770777136511,21.95082342557639
10.0,8.72910764842164,10.0,0.01,50.0,0.8,0.5,93.18408595319652,0.005352614285189903,9.989140119702055e-11,99.89140119702054,150.0,False,0.015016307530229544,0.17475865099981225,33.297133732340185
10.0,8.72910764842164,10.0,0.01,50.0,0.8,1.0,93.18408595319652,0.002865047968601901,5.3468014101480774e-11,53.468014101480776,150.0,False,0.02805415583891039,0.17475865099981225,17.822671367160257
10.0,8.72910764842164,10.0,0.01,50.0,0.8,2.0,93.18408595319652,0.0008208499862389881,1.531884251866253e-11,15.318842518662532,150.0,False,0.09791862525987786,0.17475865099981225,5.106280839554177
10.0,8.72910764842164,10.0,0.01,50.0,0.8,5.0,93.18408595319652,1.9304541362277093e-05,3.602646451621319e-13,0.36026464516213186,150.0,False,4.163605894008685,0.17475865099981225,0.12008821505404396
10.0,8.72910764842164,10.0,0.01,50.0,0.8,10.0,93.18408595319652,3.726653172078671e-08,6.954743743898454e-16,0.0006954743743898454,150.0,False,2156.801249961197,0.17475865099981225,0.00023182479146328182
10.0,8.72910764842164,10.0,0.01,50.0,3.0,0.5,93.18408595319652,0.008464817248906142,1.579718639935483e-10,157.97186399354828,150.0,True,0.009495361782027598,0.6553449412492959,52.65728799784943
10.0,8.72910764842164,10.0,0.01,50.0,3.0,1.0,93.18408595319652,0.007165313105737893,1.3372029591744424e-10,133.72029591744425,150.0,False,0.0112174445151248,0.6553449412492959,44.57343197248141
10.0,8.72910764842164,10.0,0.01,50.0,3.0,2.0,93.18408595319652,0.005134171190325921,9.581477888404125e-11,95.81477888404125,150.0,False,0.015655204943021975,0.6553449412492959,31.93825962801375
10.0,8.72910764842164,10.0,0.01,50.0,3.0,5.0,93.18408595319652,0.0018887560283756184,3.52482873118264e-11,35.2482873118264,150.0,False,0.042555259117418864,0.6553449412492959,11.749429103942132
10.0,8.72910764842164,10.0,0.01,50.0,3.0,10.0,93.18408595319652,0.00035673993347252396,6.657541515012794e-12,6.6575415150127935,150.0,False,0.22530839599234817,0.6553449412492959,2.219180505004265
10.0,8.72910764842164,10.0,0.01,50.0,9.6,0.5,93.18408595319652,0.009492497594001751,1.7715060996414385e-10,177.15060996414385,150.0,True,0.008467371353130576,2.0971038119977465,59.050203321381275
10.0,8.72910764842164,10.0,0.01,50.0,9.6,1.0,93.18408595319652,0.009010751057212905,1.6816017388605784e-10,168.16017388605783,150.0,True,0.00892006689417657,2.0971038119977465,56.05339129535261
10.0,8.72910764842164,10.0,0.01,50.0,9.6,2.0,93.18408595319652,0.00811936346150635,1.5152494646249018e-10,151.5249464624902,150.0,True,0.009899360039512197,2.0971038119977465,50.50831548749673
10.0,8.72910764842164,10.0,0.01,50.0,9.6,5.0,93.18408595319652,0.0059402532055363505,1.1085801900726097e-10,110.85801900726098,150.0,False,0.013530820895345002,2.0971038119977465,36.95267300242032
10.0,8.72910764842164,10.0,0.01,50.0,9.6,10.0,93.18408595319652,0.003528660814588489,6.585247027672918e-11,65.85247027672918,150.0,False,0.022778188786185403,2.0971038119977465,21.95082342557639
10.0,8.72910764842164,10.0,0.01,100.0,0.8,0.5,93.18408595319652,0.005352614285189903,9.989140119702055e-11,99.89140119702054,300.0,False,0.030032615060459088,0.0,33.297133732340185
10.0,8.72910764842164,10.0,0.01,100.0,0.8,1.0,93.18408595319652,0.002865047968601901,5.3468014101480774e-11,53.468014101480776,300.0,False,0.05610831167782078,0.0,17.822671367160257
10.0,8.72910764842164,10.0,0.01,100.0,0.8,2.0,93.18408595319652,0.0008208499862389881,1.531884251866253e-11,15.318842518662532,300.0,False,0.19583725051975573,0.0,5.106280839554177
10.0,8.72910764842164,10.0,0.01,100.0,0.8,5.0,93.18408595319652,1.9304541362277093e-05,3.602646451621319e-13,0.36026464516213186,300.0,False,8.32721178801737,0.0,0.12008821505404396
10.0,8.72910764842164,10.0,0.01,100.0,0.8,10.0,93.18408595319652,3.726653172078671e-08,6.954743743898454e-16,0.0006954743743898454,300.0,False,4313.602499922394,0.0,0.00023182479146328182
10.0,8.72910764842164,10.0,0.01,100.0,3.0,0.5,93.18408595319652,0.008464817248906142,1.579718639935483e-10,157.97186399354828,300.0,False,0.018990723564055196,0.0,52.65728799784943
10.0,8.72910764842164,10.0,0.01,100.0,3.0,1.0,93.18408595319652,0.007165313105737893,1.3372029591744424e-10,133.72029591744425,300.0,False,0.0224348890302496,0.0,44.57343197248141
10.0,8.72910764842164,10.0,0.01,100.0,3.0,2.0,93.18408595319652,0.005134171190325921,9.581477888404125e-11,95.81477888404125,300.0,False,0.03131040988604395,0.0,31.93825962801375
10.0,8.72910764842164,10.0,0.01,100.0,3.0,5.0,93.18408595319652,0.0018887560283756184,3.52482873118264e-11,35.2482873118264,300.0,False,0.08511051823483773,0.0,11.749429103942132
10.0,8.72910764842164,10.0,0.01,100.0,3.0,10.0,93.18408595319652,0.00035673993347252396,6.657541515012794e-12,6.6575415150127935,300.0,False,0.45061679198469634,0.0,2.219180505004265
10.0,8.72910764842164,10.0,0.01,100.0,9.6,0.5,93.18408595319652,0.009492497594001751,1.7715060996414385e-10,177.15060996414385,300.0,False,0.016934742706261153,0.0,59.050203321381275
10.0,8.72910764842164,10.0,0.01,100.0,9.6,1.0,93.18408595319652,0.009010751057212905,1.6816017388605784e-10,168.16017388605783,300.0,False,0.01784013378835314,0.0,56.05339129535261
10.0,8.72910764842164,10.0,0.01,100.0,9.6,2.0,93.18408595319652,0.00811936346150635,1.5152494646249018e-10,151.5249464624902,300.0,False,0.019798720079024393,0.0,50.50831548749673
10.0,8.72910764842164,10.0,0.01,100.0,9.6,5.0,93.18408595319652,0.0059402532055363505,1.1085801900726097e-10,110.85801900726098,300.0,False,0.027061641790690004,0.0,36.95267300242032
10.0,8.72910764842164,10.0,0.01,100.0,9.6,10.0,93.18408595319652,0.003528660814588489,6.585247027672918e-11,65.85247027672918,300.0,False,0.045556377572370806,0.0,21.95082342557639
10.0,8.72910764842164,10.0,0.03,1.0,0.8,0.5,93.18408595319652,0.016057842855569708,2.996742035910616e-10,299.6742035910616,3.0,True,0.00030032615060459093,4.183266886276817,99.89140119702053
10.0,8.72910764842164,10.0,0.03,1.0,0.8,1.0,93.18408595319652,0.008595143905805703,1.6040404230444233e-10,160.40404230444233,3.0,True,0.0005610831167782079,4.183266886276817,53.468014101480776
10.0,8.72910764842164,10.0,0.03,1.0,0.8,2.0,93.18408595319652,0.002462549958716964,4.5956527555987595e-11,45.95652755598759,3.0,True,0.0019583725051975573,4.183266886276817,15.318842518662532
10.0,8.72910764842164,10.0,0.03,1.0,0.8,5.0,93.18408595319652,5.791362408683128e-05,1.0807939354863955e-12,1.0807939354863956,3.0,False,0.08327211788017372,4.183266886276817,0.3602646451621318
10.0,8.72910764842164,10.0,0.03,1.0,0.8,10.0,93.18408595319652,1.1179959516236012e-07,2.086423123169536e-15,0.002086423123169536,3.0,False,43.13602499922394,4.183266886276817,0.0006954743743898454
10.0,8.72910764842164,10.0,0.03,1.0,3.0,0.5,93.18408595319652,0.02539445174671842,4.739155919806448e-10,473.9155919806448,3.0,True,0.00018990723564055198,15.687250823538061,157.97186399354828
10.0,8.72910764842164,10.0,0.03,1.0,3.0,1.0,93.18408595319652,0.021495939317213678,4.011608877523327e-10,401.1608877523327,3.0,True,0.000224348890302496,15.687250823538061,133.72029591744425
10.0,8.72910764842164,10.0,0.03,1.0,3.0,2.0,93.18408595319652,0.01540251357097776,2.8744433665212367e-10,287.4443366521237,3.0,True,0.0003131040988604395,15.687250823538061,95.81477888404122
10.0,8.72910764842164,10.0,0.03,1.0,3.0,5.0,93.18408595319652,0.005666268085126855,1.0574486193547919e-10,105.7448619354792,3.0,True,0.0008511051823483773,15.687250823538061,35.2482873118264
10.0,8.72910764842164,10.0,0.03,1.0,3.0,10.0,93.18408595319652,0.0010702198004175717,1.9972624545038378e-11,19.97262454503838,3.0,True,0.0045061679198469635,15.687250823538061,6.657541515012793
10.0,8.72910764842164,10.0,0.03,1.0,9.6,0.5,93.18408595319652,0.028477492782005256,5.314518298924316e-10,531.4518298924316,3.0,True,0.00016934742706261154,50.1992026353218,177.15060996414388
10.0,8.72910764842164,10.0,0.03,1.0,9.6,1.0,93.18408595319652,0.027032253171638716,5.044805216581735e-10,504.48052165817353,3.0,True,0.00017840133788353142,50.1992026353218,168.16017388605783
10.0,8.72910764842164,10.0,0.03,1.0,9.6,2.0,93.18408595319652,0.024358090384519047,4.545748393874705e-10,454.5748393874705,3.0,True,0.00019798720079024394,50.1992026353218,151.52494646249016
10.0,8.72910764842164,10.0,0.03,1.0,9.6,5.0,93.18408595319652,0.01782075961660905,3.325740570217829e-10,332.5740570217829,3.0,True,0.00027061641790690006,50.1992026353218,110.85801900726098
10.0,8.72910764842164,10.0,0.03,1.0,9.6,10.0,93.18408595319652,0.010585982443765466,1.975574108301875e-10,197.5574108301875,3.0,True,0.00045556377572370806,50.1992026353218,65.85247027672916
10.0,8.72910764842164,10.0,0.03,5.0,0.8,0.5,93.18408595319652,0.016057842855569708,2.996742035910616e-10,299.6742035910616,15.0,True,0.0015016307530229544,2.8957165563295364,99.89140119702053
10.0,8.72910764842164,10.0,0.03,5.0,0.8,1.0,93.18408595319652,0.008595143905805703,1.6040404230444233e-10,160.40404230444233,15.0,True,0.0028054155838910387,2.8957165563295364,53.468014101480776
10.0,8.72910764842164,10.0,0.03,5.0,0.8,2.0,93.18408595319652,0.002462549958716964,4.5956527555987595e-11,45.95652755598759,15.0,True,0.009791862525987786,2.8957165563295364,15.318842518662532
10.0,8.72910764842164,10.0,0.03,5.0,0.8,5.0,93.18408595319652,5.791362408683128e-05,1.0807939354863955e-12,1.0807939354863956,15.0,False,0.41636058940086856,2.8957165563295364,0.3602646451621318
10.0,8.72910764842164,10.0,0.03,5.0,0.8,10.0,93.18408595319652,1.1179959516236012e-07,2.086423123169536e-15,0.002086423123169536,15.0,False,215.6801249961197,2.8957165563295364,0.0006954743743898454
10.0,8.72910764842164,10.0,0.03,5.0,3.0,0.5,93.18408595319652,0.02539445174671842,4.739155919806448e-10,473.9155919806448,15.0,True,0.0009495361782027598,10.85893708623576,157.97186399354828
10.0,8.72910764842164,10.0,0.03,5.0,3.0,1.0,93.18408595319652,0.021495939317213678,4.011608877523327e-10,401.1608877523327,15.0,True,0.00112174445151248,10.85893708623576,133.72029591744425
10.0,8.72910764842164,10.0,0.03,5.0,3.0,2.0,93.18408595319652,0.01540251357097776,2.8744433665212367e-10,287.4443366521237,15.0,True,0.0015655204943021976,10.85893708623576,95.81477888404122
10.0,8.72910764842164,10.0,0.03,5.0,3.0,5.0,93.18408595319652,0.005666268085126855,1.0574486193547919e-10,105.7448619354792,15.0,True,0.0042555259117418864,10.85893708623576,35.2482873118264
10.0,8.72910764842164,10.0,0.03,5.0,3.0,10.0,93.18408595319652,0.0010702198004175717,1.9972624545038378e-11,19.97262454503838,15.0,True,0.022530839599234815,10.85893708623576,6.657541515012793
10.0,8.72910764842164,10.0,0.03,5.0,9.6,0.5,93.18408595319652,0.028477492782005256,5.314518298924316e-10,531.4518298924316,15.0,True,0.0008467371353130577,34.74859867595443,177.15060996414388
10.0,8.72910764842164,10.0,0.03,5.0,9.6,1.0,93.18408595319652,0.027032253171638716,5.044805216581735e-10,504.48052165817353,15.0,True,0.0008920066894176571,34.74859867595443,168.16017388605783
10.0,8.72910764842164,10.0,0.03,5.0,9.6,2.0,93.18408595319652,0.024358090384519047,4.545748393874705e-10,454.5748393874705,15.0,True,0.0009899360039512196,34.74859867595443,151.52494646249016
10.0,8.72910764842164,10.0,0.03,5.0,9.6,5.0,93.18408595319652,0.01782075961660905,3.325740570217829e-10,332.5740570217829,15.0,True,0.0013530820895345,34.74859867595443,110.85801900726098
10.0,8.72910764842164,10.0,0.03,5.0,9.6,10.0,93.18408595319652,0.010585982443765466,1.975574108301875e-10,197.5574108301875,15.0,True,0.0022778188786185404,34.74859867595443,65.85247027672916
10.0,8.72910764842164,10.0,0.03,10.0,0.8,0.5,93.18408595319652,0.016057842855569708,2.996742035910616e-10,299.6742035910616,30.0,True,0.003003261506045909,2.3411988118815805,99.89140119702053
10.0,8.72910764842164,10.0,0.03,10.0,0.8,1.0,93.18408595319652,0.008595143905805703,1.6040404230444233e-10,160.40404230444233,30.0,True,0.0056108311677820774,2.3411988118815805,53.468014101480776
10.0,8.72910764842164,10.0,0.03,10.0,0.8,2.0,93.18408595319652,0.002462549958716964,4.5956527555987595e-11,45.95652755598759,30.0,True,0.019583725051975573,2.3411988118815805,15.318842518662532
10.0,8.72910764842164,10.0,0.03,10.0,0.8,5.0,93.18408595319652,5.791362408683128e-05,1.0807939354863955e-12,1.0807939354863956,30.0,False,0.8327211788017371,2.3411988118815805,0.3602646451621318
10.0,8.72910764842164,10.0,0.03,10.0,0.8,10.0,93.18408595319652,1.1179959516236012e-07,2.086423123169536e-15,0.002086423123169536,30.0,False,431.3602499922394,2.3411988118815805,0.0006954743743898454
10.0,8.72910764842164,10.0,0.03,10.0,3.0,0.5,93.18408595319652,0.02539445174671842,4.739155919806448e-10,473.9155919806448,30.0,True,0.0018990723564055196,8.779495544555926,157.97186399354828
10.0,8.72910764842164,10.0,0.03,10.0,3.0,1.0,93.18408595319652,0.021495939317213678,4.011608877523327e-10,401.1608877523327,30.0,True,0.00224348890302496,8.779495544555926,133.72029591744425
10.0,8.72910764842164,10.0,0.03,10.0,3.0,2.0,93.18408595319652,0.01540251357097776,2.8744433665212367e-10,287.4443366521237,30.0,True,0.0031310409886043953,8.779495544555926,95.81477888404122
10.0,8.72910764842164,10.0,0.03,10.0,3.0,5.0,93.18408595319652,0.005666268085126855,1.0574486193547919e-10,105.7448619354792,30.0,True,0.008511051823483773,8.779495544555926,35.2482873118264
10.0,8.72910764842164,10.0,0.03,10.0,3.0,10.0,93.18408595319652,0.0010702198004175717,1.9972624545038378e-11,19.97262454503838,30.0,False,0.04506167919846963,8.779495544555926,6.657541515012793
10.0,8.72910764842164,10.0,0.03,10.0,9.6,0.5,93.18408595319652,0.028477492782005256,5.314518298924316e-10,531.4518298924316,30.0,True,0.0016934742706261154,28.09438574257896,177.15060996414388
10.0,8.72910764842164,10.0,0.03,10.0,9.6,1.0,93.18408595319652,0.027032253171638716,5.044805216581735e-10,504.48052165817353,30.0,True,0.0017840133788353141,28.09438574257896,168.16017388605783
10.0,8.72910764842164,10.0,0.03,10.0,9.6,2.0,93.18408595319652,0.024358090384519047,4.545748393874705e-10,454.5748393874705,30.0,True,0.0019798720079024393,28.09438574257896,151.52494646249016
10.0,8.72910764842164,10.0,0.03,10.0,9.6,5.0,93.18408595319652,0.01782075961660905,3.325740570217829e-10,332.5740570217829,30.0,True,0.002706164179069,28.09438574257896,110.85801900726098
10.0,8.72910764842164,10.0,0.03,10.0,9.6,10.0,93.18408595319652,0.010585982443765466,1.975574108301875e-10,197.5574108301875,30.0,True,0.004555637757237081,28.09438574257896,65.85247027672916
10.0,8.72910764842164,10.0,0.03,50.0,0.8,0.5,93.18408595319652,0.016057842855569708,2.996742035910616e-10,299.6742035910616,150.0,True,0.015016307530229544,1.0536484819343,99.89140119702053
10.0,8.72910764842164,10.0,0.03,50.0,0.8,1.0,93.18408595319652,0.008595143905805703,1.6040404230444233e-10,160.40404230444233,150.0,True,0.02805415583891039,1.0536484819343,53.468014101480776
10.0,8.72910764842164,10.0,0.03,50.0,0.8,2.0,93.18408595319652,0.002462549958716964,4.5956527555987595e-11,45.95652755598759,150.0,False,0.09791862525987786,1.0536484819343,15.318842518662532
10.0,8.72910764842164,10.0,0.03,50.0,0.8,5.0,93.18408595319652,5.791362408683128e-05,1.0807939354863955e-12,1.0807939354863956,150.0,False,4.163605894008685,1.0536484819343,0.3602646451621318
10.0,8.72910764842164,10.0,0.03,50.0,0.8,10.0,93.18408595319652,1.1179959516236012e-07,2.086423123169536e-15,0.002086423123169536,150.0,False,2156.801249961197,1.0536484819343,0.0006954743743898454
10.0,8.72910764842164,10.0,0.03,50.0,3.0,0.5,93.18408595319652,0.02539445174671842,4.739155919806448e-10,473.9155919806448,150.0,True,0.009495361782027598,3.9511818072536244,157.97186399354828
10.0,8.72910764842164,10.0,0.03,50.0,3.0,1.0,93.18408595319652,0.021495939317213678,4.011608877523327e-10,401.1608877523327,150.0,True,0.0112174445151248,3.9511818072536244,133.72029591744425
10.0,8.72910764842164,10.0,0.03,50.0,3.0,2.0,93.18408595319652,0.01540251357097776,2.8744433665212367e-10,287.4443366521237,150.0,True,0.015655204943021975,3.9511818072536244,95.81477888404122
10.0,8.72910764842164,10.0,0.03,50.0,3.0,5.0,93.18408595319652,0.005666268085126855,1.0574486193547919e-10,105.7448619354792,150.0,False,0.042555259117418864,3.9511818072536244,35.2482873118264
10.0,8.72910764842164,10.0,0.03,50.0,3.0,10.0,93.18408595319652,0.0010702198004175717,1.9972624545038378e-11,19.97262454503838,150.0,False,0.22530839599234817,3.9511818072536244,6.657541515012793
10.0,8.72910764842164,10.0,0.03,50.0,9.6,0.5,93.18408595319652,0.028477492782005256,5.314518298924316e-10,531.4518298924316,150.0,True,0.008467371353130576,12.643781783211598,177.15060996414388
10.0,8.72910764842164,10.0,0.03,50.0,9.6,1.0,93.18408595319652,0.027032253171638716,5.044805216581735e-10,504.48052165817353,150.0,True,0.00892006689417657,12.643781783211598,168.16017388605783
10.0,8.72910764842164,10.0,0.03,50.0,9.6,2.0,93.18408595319652,0.024358090384519047,4.545748393874705e-10,454.5748393874705,150.0,True,0.009899360039512197,12.643781783211598,151.52494646249016
10.0,8.72910764842164,10.0,0.03,50.0,9.6,5.0,93.18408595319652,0.01782075961660905,3.325740570217829e-10,332.5740570217829,150.0,True,0.013530820895345002,12.643781783211598,110.85801900726098
10.0,8.72910764842164,10.0,0.03,50.0,9.6,10.0,93.18408595319652,0.010585982443765466,1.975574108301875e-10,197.5574108301875,150.0,True,0.022778188786185403,12.643781783211598,65.85247027672916
10.0,8.72910764842164,10.0,0.03,100.0,0.8,0.5,93.18408595319652,0.016057842855569708,2.996742035910616e-10,299.6742035910616,300.0,False,0.030032615060459088,0.49913073748634357,99.89140119702053
10.0,8.72910764842164,10.0,0.03,100.0,0.8,1.0,93.18408595319652,0.008595143905805703,1.6040404230444233e-10,160.40404230444233,300.0,False,0.05610831167782078,0.49913073748634357,53.468014101480776
10.0,8.72910764842164,10.0,0.03,100.0,0.8,2.0,93.18408595319652,0.002462549958716964,4.5956527555987595e-11,45.95652755598759,300.0,False,0.19583725051975573,0.49913073748634357,15.318842518662532
10.0,8.72910764842164,10.0,0.03,100.0,0.8,5.0,93.18408595319652,5.791362408683128e-05,1.0807939354863955e-12,1.0807939354863956,300.0,False,8.32721178801737,0.49913073748634357,0.3602646451621318
10.0,8.72910764842164,10.0,0.03,100.0,0.8,10.0,93.18408595319652,1.1179959516236012e-07,2.086423123169536e-15,0.002086423123169536,300.0,False,4313.602499922394,0.49913073748634357,0.0006954743743898454
10.0,8.72910764842164,10.0,0.03,100.0,3.0,0.5,93.18408595319652,0.02539445174671842,4.739155919806448e-10,473.9155919806448,300.0,True,0.018990723564055196,1.8717402655737883,157.97186399354828
10.0,8.72910764842164,10.0,0.03,100.0,3.0,1.0,93.18408595319652,0.021495939317213678,4.011608877523327e-10,401.1608877523327,300.0,True,0.0224348890302496,1.8717402655737883,133.72029591744425
10.0,8.72910764842164,10.0,0.03,100.0,3.0,2.0,93.18408595319652,0.01540251357097776,2.8744433665212367e-10,287.4443366521237,300.0,False,0.03131040988604395,1.8717402655737883,95.81477888404122
10.0,8.72910764842164,10.0,0.03,100.0,3.0,5.0,93.18408595319652,0.005666268085126855,1.0574486193547919e-10,105.7448619354792,300.0,False,0.08511051823483773,1.8717402655737883,35.2482873118264
10.0,8.72910764842164,10.0,0.03,100.0,3.0,10.0,93.18408595319652,0.0010702198004175717,1.9972624545038378e-11,19.97262454503838,300.0,False,0.45061679198469634,1.8717402655737883,6.657541515012793
10.0,8.72910764842164,10.0,0.03,100.0,9.6,0.5,93.18408595319652,0.028477492782005256,5.314518298924316e-10,531.4518298924316,300.0,True,0.016934742706261153,5.989568849836123,177.15060996414388
10.0,8.72910764842164,10.0,0.03,100.0,9.6,1.0,93.18408595319652,0.027032253171638716,5.044805216581735e-10,504.48052165817353,300.0,True,0.01784013378835314,5.989568849836123,168.16017388605783
10.0,8.72910764842164,10.0,0.03,100.0,9.6,2.0,93.18408595319652,0.024358090384519047,4.545748393874705e-10,454.5748393874705,300.0,True,0.019798720079024393,5.989568849836123,151.52494646249016
10.0,8.72910764842164,10.0,0.03,100.0,9.6,5.0,93.18408595319652,0.01782075961660905,3.325740570217829e-10,332.5740570217829,300.0,True,0.027061641790690004,5.989568849836123,110.85801900726098
10.0,8.72910764842164,10.0,0.03,100.0,9.6,10.0,93.18408595319652,0.010585982443765466,1.975574108301875e-10,197.5574108301875,300.0,False,0.045556377572370806,5.989568849836123,65.85247027672916
10.0,8.72910764842164,10.0,0.1,1.0,0.8,0.5,93.18408595319652,0.05352614285189903,9.989140119702053e-10,998.9140119702054,3.0,True,0.00030032615060459093,5.1464451297375655,332.9713373234018
10.0,8.72910764842164,10.0,0.1,1.0,0.8,1.0,93.18408595319652,0.028650479686019012,5.346801410148078e-10,534.6801410148078,3.0,True,0.0005610831167782079,5.1464451297375655,178.2267136716026
10.0,8.72910764842164,10.0,0.1,1.0,0.8,2.0,93.18408595319652,0.008208499862389881,1.5318842518662534e-10,153.18842518662535,3.0,True,0.0019583725051975573,5.1464451297375655,51.06280839554178
10.0,8.72910764842164,10.0,0.1,1.0,0.8,5.0,93.18408595319652,0.00019304541362277094,3.602646451621319e-12,3.602646451621319,3.0,True,0.08327211788017372,5.1464451297375655,1.2008821505404397
10.0,8.72910764842164,10.0,0.1,1.0,0.8,10.0,93.18408595319652,3.726653172078671e-07,6.954743743898454e-15,0.006954743743898454,3.0,False,43.13602499922394,5.1464451297375655,0.002318247914632818
10.0,8.72910764842164,10.0,0.1,1.0,3.0,0.5,93.18408595319652,0.08464817248906142,1.579718639935483e-09,1579.718639935483,3.0,True,0.00018990723564055198,19.29916923651587,526.5728799784944
10.0,8.72910764842164,10.0,0.1,1.0,3.0,1.0,93.18408595319652,0.07165313105737893,1.3372029591744424e-09,1337.2029591744424,3.0,True,0.000224348890302496,19.29916923651587,445.7343197248141
10.0,8.72910764842164,10.0,0.1,1.0,3.0,2.0,93.18408595319652,0.0513417119032592,9.581477888404124e-10,958.1477888404124,3.0,True,0.0003131040988604395,19.29916923651587,319.3825962801375
10.0,8.72910764842164,10.0,0.1,1.0,3.0,5.0,93.18408595319652,0.018887560283756183,3.52482873118264e-10,352.48287311826397,3.0,True,0.0008511051823483773,19.29916923651587,117.49429103942134
10.0,8.72910764842164,10.0,0.1,1.0,3.0,10.0,93.18408595319652,0.0035673993347252395,6.657541515012793e-11,66.57541515012792,3.0,True,0.0045061679198469635,19.29916923651587,22.191805050042646
10.0,8.72910764842164,10.0,0.1,1.0,9.6,0.5,93.18408595319652,0.09492497594001753,1.7715060996414387e-09,1771.5060996414388,3.0,True,0.00016934742706261154,61.75734155685078,590.5020332138129
10.0,8.72910764842164,10.0,0.1,1.0,9.6,1.0,93.18408595319652,0.09010751057212907,1.6816017388605787e-09,1681.6017388605787,3.0,True,0.00017840133788353142,61.75734155685078,560.5339129535262
10.0,8.72910764842164,10.0,0.1,1.0,9.6,2.0,93.18408595319652,0.0811936346150635,1.5152494646249018e-09,1515.2494646249017,3.0,True,0.00019798720079024394,61.75734155685078,505.08315487496725
10.0,8.72910764842164,10.0,0.1,1.0,9.6,5.0,93.18408595319652,0.0594025320553635,1.1085801900726096e-09,1108.5801900726096,3.0,True,0.00027061641790690006,61.75734155685078,369.52673002420323
10.0,8.72910764842164,10.0,0.1,1.0,9.6,10.0,93.18408595319652,0.03528660814588489,6.585247027672918e-10,658.5247027672917,3.0,True,0.00045556377572370806,61.75734155685078,219.5082342557639
10.0,8.72910764842164,10.0,0.1,5.0,0.8,0.5,93.18408595319652,0.05352614285189903,9.989140119702053e-10,998.9140119702054,15.0,True,0.0015016307530229544,3.858894799790285,332.9713373234018
10.0,8.72910764842164,10.0,0.1,5.0,0.8,1.0,93.18408595319652,0.028650479686019012,5.346801410148078e-10,534.6801410148078,15.0,True,0.0028054155838910387,3.858894799790285,178.2267136716026
10.0,8.72910764842164,10.0,0.1,5.0,0.8,2.0,93.18408595319652,0.008208499862389881,1.5318842518662534e-10,153.18842518662535,15.0,True,0.009791862525987786,3.858894799790285,51.06280839554178
10.0,8.72910764842164,10.0,0.1,5.0,0.8,5.0,93.18408595319652,0.00019304541362277094,3.602646451621319e-12,3.602646451621319,15.0,False,0.41636058940086856,3.858894799790285,1.2008821505404397
10.0,8.72910764842164,10.0,0.1,5.0,0.8,10.0,93.18408595319652,3.726653172078671e-07,6.954743743898454e-15,0.006954743743898454,15.0,False,215.6801249961197,3.858894799790285,0.002318247914632818
10.0,8.72910764842164,10.0,0.1,5.0,3.0,0.5,93.18408595319652,0.08464817248906142,1.579718639935483e-09,1579.718639935483,15.0,True,0.0009495361782027598,14.470855499213569,526.5728799784944
10.0,8.72910764842164,10.0,0.1,5.0,3.0,1.0,93.18408595319652,0.07165313105737893,1.3372029591744424e-09,1337.2029591744424,15.0,True,0.00112174445151248,14.470855499213569,445.7343197248141
10.0,8.72910764842164,10.0,0.1,5.0,3.0,2.0,93.18408595319652,0.0513417119032592,9.581477888404124e-10,958.1477888404124,15.0,True,0.0015655204943021976,14.470855499213569,319.3825962801375
10.0,8.72910764842164,10.0,0.1,5.0,3.0,5.0,93.18408595319652,0.018887560283756183,3.52482873118264e-10,352.48287311826397,15.0,True,0.0042555259117418864,14.470855499213569,117.49429103942134
10.0,8.72910764842164,10.0,0.1,5.0,3.0,10.0,93.18408595319652,0.0035673993347252395,6.657541515012793e-11,66.57541515012792,15.0,True,0.022530839599234815,14.470855499213569,22.191805050042646
10.0,8.72910764842164,10.0,0.1,5.0,9.6,0.5,93.18408595319652,0.09492497594001753,1.7715060996414387e-09,1771.5060996414388,15.0,True,0.0008467371353130577,46.30673759748342,590.5020332138129
10.0,8.72910764842164,10.0,0.1,5.0,9.6,1.0,93.18408595319652,0.09010751057212907,1.6816017388605787e-09,1681.6017388605787,15.0,True,0.0008920066894176571,46.30673759748342,560.5339129535262
10.0,8.72910764842164,10.0,0.1,5.0,9.6,2.0,93.18408595319652,0.0811936346150635,1.5152494646249018e-09,1515.2494646249017,15.0,True,0.0009899360039512196,46.30673759748342,505.08315487496725
10.0,8.72910764842164,10.0,0.1,5.0,9.6,5.0,93.18408595319652,0.0594025320553635,1.1085801900726096e-09,1108.5801900726096,15.0,True,0.0013530820895345,46.30673759748342,369.52673002420323
10.0,8.72910764842164,10.0,0.1,5.0,9.6,10.0,93.18408595319652,0.03528660814588489,6.585247027672918e-10,658.5247027672917,15.0,True,0.0022778188786185404,46.30673759748342,219.5082342557639
10.0,8.72910764842164,10.0,0.1,10.0,0.8,0.5,93.18408595319652,0.05352614285189903,9.989140119702053e-10,998.9140119702054,30.0,True,0.003003261506045909,3.3043770553423295,332.9713373234018
10.0,8.72910764842164,10.0,0.1,10.0,0.8,1.0,93.18408595319652,0.028650479686019012,5.346801410148078e-10,534.6801410148078,30.0,True,0.0056108311677820774,3.3043770553423295,178.2267136716026
10.0,8.72910764842164,10.0,0.1,10.0,0.8,2.0,93.18408595319652,0.008208499862389881,1.5318842518662534e-10,153.18842518662535,30.0,True,0.019583725051975573,3.3043770553423295,51.06280839554178
10.0,8.72910764842164,10.0,0.1,10.0,0.8,5.0,93.18408595319652,0.00019304541362277094,3.602646451621319e-12,3.602646451621319,30.0,False,0.8327211788017371,3.3043770553423295,1.2008821505404397
10.0,8.72910764842164,10.0,0.1,10.0,0.8,10.0,93.18408595319652,3.726653172078671e-07,6.954743743898454e-15,0.006954743743898454,30.0,False,431.3602499922394,3.3043770553423295,0.002318247914632818
10.0,8.72910764842164,10.0,0.1,10.0,3.0,0.5,93.18408595319652,0.08464817248906142,1.579718639935483e-09,1579.718639935483,30.0,True,0.0018990723564055196,12.391413957533736,526.5728799784944
10.0,8.72910764842164,10.0,0.1,10.0,3.0,1.0,93.18408595319652,0.07165313105737893,1.3372029591744424e-09,1337.2029591744424,30.0,True,0.00224348890302496,12.391413957533736,445.7343197248141
10.0,8.72910764842164,10.0,0.1,10.0,3.0,2.0,93.18408595319652,0.0513417119032592,9.581477888404124e-10,958.1477888404124,30.0,True,0.0031310409886043953,12.391413957533736,319.3825962801375
10.0,8.72910764842164,10.0,0.1,10.0,3.0,5.0,93.18408595319652,0.018887560283756183,3.52482873118264e-10,352.48287311826397,30.0,True,0.008511051823483773,12.391413957533736,117.49429103942134
10.0,8.72910764842164,10.0,0.1,10.0,3.0,10.0,93.18408595319652,0.0035673993347252395,6.657541515012793e-11,66.57541515012792,30.0,True,0.04506167919846963,12.391413957533736,22.191805050042646
10.0,8.72910764842164,10.0,0.1,10.0,9.6,0.5,93.18408595319652,0.09492497594001753,1.7715060996414387e-09,1771.5060996414388,30.0,True,0.0016934742706261154,39.65252466410795,590.5020332138129
10.0,8.72910764842164,10.0,0.1,10.0,9.6,1.0,93.18408595319652,0.09010751057212907,1.6816017388605787e-09,1681.6017388605787,30.0,True,0.0017840133788353141,39.65252466410795,560.5339129535262
10.0,8.72910764842164,10.0,0.1,10.0,9.6,2.0,93.18408595319652,0.0811936346150635,1.5152494646249018e-09,1515.2494646249017,30.0,True,0.0019798720079024393,39.65252466410795,505.08315487496725
10.0,8.72910764842164,10.0,0.1,10.0,9.6,5.0,93.18408595319652,0.0594025320553635,1.1085801900726096e-09,1108.5801900726096,30.0,True,0.002706164179069,39.65252466410795,369.52673002420323
10.0,8.72910764842164,10.0,0.1,10.0,9.6,10.0,93.18408595319652,0.03528660814588489,6.585247027672918e-10,658.5247027672917,30.0,True,0.004555637757237081,39.65252466410795,219.5082342557639
10.0,8.72910764842164,10.0,0.1,50.0,0.8,0.5,93.18408595319652,0.05352614285189903,9.989140119702053e-10,998.9140119702054,150.0,True,0.015016307530229544,2.0168267253950485,332.9713373234018
10.0,8.72910764842164,10.0,0.1,50.0,0.8,1.0,93.18408595319652,0.028650479686019012,5.346801410148078e-10,534.6801410148078,150.0,True,0.02805415583891039,2.0168267253950485,178.2267136716026
10.0,8.72910764842164,10.0,0.1,50.0,0.8,2.0,93.18408595319652,0.008208499862389881,1.5318842518662534e-10,153.18842518662535,150.0,True,0.09791862525987786,2.0168267253950485,51.06280839554178
10.0,8.72910764842164,10.0,0.1,50.0,0.8,5.0,93.18408595319652,0.00019304541362277094,3.602646451621319e-12,3.602646451621319,150.0,False,4.163605894008685,2.0168267253950485,1.2008821505404397
10.0,8.72910764842164,10.0,0.1,50.0,0.8,10.0,93.18408595319652,3.726653172078671e-07,6.954743743898454e-15,0.006954743743898454,150.0,False,2156.801249961197,2.0168267253950485,0.002318247914632818
10.0,8.72910764842164,10.0,0.1,50.0,3.0,0.5,93.18408595319652,0.08464817248906142,1.579718639935483e-09,1579.718639935483,150.0,True,0.009495361782027598,7.563100220231432,526.5728799784944
10.0,8.72910764842164,10.0,0.1,50.0,3.0,1.0,93.18408595319652,0.07165313105737893,1.3372029591744424e-09,1337.2029591744424,150.0,True,0.0112174445151248,7.563100220231432,445.7343197248141
10.0,8.72910764842164,10.0,0.1,50.0,3.0,2.0,93.18408595319652,0.0513417119032592,9.581477888404124e-10,958.1477888404124,150.0,True,0.015655204943021975,7.563100220231432,319.3825962801375
10.0,8.72910764842164,10.0,0.1,50.0,3.0,5.0,93.18408595319652,0.018887560283756183,3.52482873118264e-10,352.48287311826397,150.0,True,0.042555259117418864,7.563100220231432,117.49429103942134
10.0,8.72910764842164,10.0,0.1,50.0,3.0,10.0,93.18408595319652,0.0035673993347252395,6.657541515012793e-11,66.57541515012792,150.0,False,0.22530839599234817,7.563100220231432,22.191805050042646
10.0,8.72910764842164,10.0,0.1,50.0,9.6,0.5,93.18408595319652,0.09492497594001753,1.7715060996414387e-09,1771.5060996414388,150.0,True,0.008467371353130576,24.201920704740584,590.5020332138129
10.0,8.72910764842164,10.0,0.1,50.0,9.6,1.0,93.18408595319652,0.09010751057212907,1.6816017388605787e-09,1681.6017388605787,150.0,True,0.00892006689417657,24.201920704740584,560.5339129535262
10.0,8.72910764842164,10.0,0.1,50.0,9.6,2.0,93.18408595319652,0.0811936346150635,1.5152494646249018e-09,1515.2494646249017,150.0,True,0.009899360039512197,24.201920704740584,505.08315487496725
10.0,8.72910764842164,10.0,0.1,50.0,9.6,5.0,93.18408595319652,0.0594025320553635,1.1085801900726096e-09,1108.5801900726096,150.0,True,0.013530820895345002,24.201920704740584,369.52673002420323
10.0,8.72910764842164,10.0,0.1,50.0,9.6,10.0,93.18408595319652,0.03528660814588489,6.585247027672918e-10,658.5247027672917,150.0,True,0.022778188786185403,24.201920704740584,219.5082342557639
10.0,8.72910764842164,10.0,0.1,100.0,0.8,0.5,93.18408595319652,0.05352614285189903,9.989140119702053e-10,998.9140119702054,300.0,True,0.030032615060459088,1.4623089809470926,332.9713373234018
10.0,8.72910764842164,10.0,0.1,100.0,0.8,1.0,93.18408595319652,0.028650479686019012,5.346801410148078e-10,534.6801410148078,300.0,True,0.05610831167782078,1.4623089809470926,178.2267136716026
10.0,8.72910764842164,10.0,0.1,100.0,0.8,2.0,93.18408595319652,0.008208499862389881,1.5318842518662534e-10,153.18842518662535,300.0,False,0.19583725051975573,1.4623089809470926,51.06280839554178
10.0,8.72910764842164,10.0,0.1,100.0,0.8,5.0,93.18408595319652,0.00019304541362277094,3.602646451621319e-12,3.602646451621319,300.0,False,8.32721178801737,1.4623089809470926,1.2008821505404397
10.0,8.72910764842164,10.0,0.1,100.0,0.8,10.0,93.18408595319652,3.726653172078671e-07,6.954743743898454e-15,0.006954743743898454,300.0,False,4313.602499922394,1.4623089809470926,0.002318247914632818
10.0,8.72910764842164,10.0,0.1,100.0,3.0,0.5,93.18408595319652,0.08464817248906142,1.579718639935483e-09,1579.718639935483,300.0,True,0.018990723564055196,5.483658678551596,526.5728799784944
10.0,8.72910764842164,10.0,0.1,100.0,3.0,1.0,93.18408595319652,0.07165313105737893,1.3372029591744424e-09,1337.2029591744424,300.0,True,0.0224348890302496,5.483658678551596,445.7343197248141
10.0,8.72910764842164,10.0,0.1,100.0,3.0,2.0,93.18408595319652,0.0513417119032592,9.581477888404124e-10,958.1477888404124,300.0,True,0.03131040988604395,5.483658678551596,319.3825962801375
10.0,8.72910764842164,10.0,0.1,100.0,3.0,5.0,93.18408595319652,0.018887560283756183,3.52482873118264e-10,352.48287311826397,300.0,True,0.08511051823483773,5.483658678551596,117.49429103942134
10.0,8.72910764842164,10.0,0.1,100.0,3.0,10.0,93.18408595319652,0.0035673993347252395,6.657541515012793e-11,66.57541515012792,300.0,False,0.45061679198469634,5.483658678551596,22.191805050042646
10.0,8.72910764842164,10.0,0.1,100.0,9.6,0.5,93.18408595319652,0.09492497594001753,1.7715060996414387e-09,1771.5060996414388,300.0,True,0.016934742706261153,17.547707771365108,590.5020332138129
10.0,8.72910764842164,10.0,0.1,100.0,9.6,1.0,93.18408595319652,0.09010751057212907,1.6816017388605787e-09,1681.6017388605787,300.0,True,0.01784013378835314,17.547707771365108,560.5339129535262
10.0,8.72910764842164,10.0,0.1,100.0,9.6,2.0,93.18408595319652,0.0811936346150635,1.5152494646249018e-09,1515.2494646249017,300.0,True,0.019798720079024393,17.547707771365108,505.08315487496725
10.0,8.72910764842164,10.0,0.1,100.0,9.6,5.0,93.18408595319652,0.0594025320553635,1.1085801900726096e-09,1108.5801900726096,300.0,True,0.027061641790690004,17.547707771365108,369.52673002420323
10.0,8.72910764842164,10.0,0.1,100.0,9.6,10.0,93.18408595319652,0.03528660814588489,6.585247027672918e-10,658.5247027672917,300.0,True,0.045556377572370806,17.547707771365108,219.5082342557639
10.0,8.72910764842164,100.0,0.01,1.0,0.8,0.5,16.051403480478456,0.005352614285189903,1.720677053857739e-11,17.20677053857739,3.0,True,0.0017434997423101755,1.897352522928631,5.735590179525797
10.0,8.72910764842164,100.0,0.01,1.0,0.8,1.0,16.051403480478456,0.002865047968601901,9.210120578677408e-12,9.210120578677408,3.0,True,0.0032572863453551072,1.897352522928631,3.070040192892469
10.0,8.72910764842164,100.0,0.01,1.0,0.8,2.0,16.051403480478456,0.0008208499862389881,2.638743725451828e-12,2.638743725451828,3.0,False,0.011369046455946817,1.897352522928631,0.8795812418172759
10.0,8.72910764842164,100.0,0.01,1.0,0.8,5.0,16.051403480478456,1.9304541362277093e-05,6.205730431431476e-14,0.062057304314314755,3.0,False,0.48342415661583776,1.897352522928631,0.020685768104771587
10.0,8.72910764842164,100.0,0.01,1.0,0.8,10.0,16.051403480478456,3.726653172078671e-08,1.1979877979671059e-16,0.00011979877979671058,3.0,False,250.4199128814811,1.897352522928631,3.9932926598903525e-05
10.0,8.72910764842164,100.0,0.01,1.0,3.0,0.5,16.051403480478456,0.008464817248906142,2.7211407415610634e-11,27.211407415610633,3.0,True,0.001102478807575003,7.115071960982366,9.070469138536877
10.0,8.72910764842164,100.0,0.01,1.0,3.0,1.0,16.051403480478456,0.007165313105737893,2.3033959085867333e-11,23.033959085867334,3.0,True,0.0013024248192924307,7.115071960982366,7.677986361955778
10.0,8.72910764842164,100.0,0.01,1.0,3.0,2.0,16.051403480478456,0.005134171190325921,1.6504552891499562e-11,16.50455289149956,3.0,True,0.0018176802605450212,7.115071960982366,5.501517630499854
10.0,8.72910764842164,100.0,0.01,1.0,3.0,5.0,16.051403480478456,0.0018887560283756184,6.071685694509371e-12,6.0716856945093705,3.0,True,0.004940967222188233,7.115071960982366,2.0238952315031233
10.0,8.72910764842164,100.0,0.01,1.0,3.0,10.0,16.051403480478456,0.00035673993347252396,1.1467932957906577e-12,1.1467932957906577,3.0,False,0.026159901797574145,7.115071960982366,0.38226443193021925
10.0,8.72910764842164,100.0,0.01,1.0,9.6,0.5,16.051403480478456,0.009492497594001751,3.0515037930141314e-11,30.515037930141315,3.0,True,0.0009831218322153032,22.76823027514357,10.171679310047104
10.0,8.72910764842164,100.0,0.01,1.0,9.6,1.0,16.051403480478456,0.009010751057212905,2.8966392413273864e-11,28.966392413273862,3.0,True,0.001035682993310982,22.76823027514357,9.655464137757955
10.0,8.72910764842164,100.0,0.01,1.0,9.6,2.0,16.051403480478456,0.00811936346150635,2.6100895106155137e-11,26.100895106155136,3.0,True,0.0011493858688748715,22.76823027514357,8.700298368718379
10.0,8.72910764842164,100.0,0.01,1.0,9.6,5.0,16.051403480478456,0.0059402532055363505,1.9095822789160014e-11,19.095822789160014,3.0,True,0.0015710242146271848,22.76823027514357,6.365274263053338
10.0,8.72910764842164,100.0,0.01,1.0,9.6,10.0,16.051403480478456,0.003528660814588489,1.1343402253566188e-11,11.343402253566188,3.0,True,0.002644709173613981,22.76823027514357,3.781134084522063
10.0,8.72910764842164,100.0,0.01,5.0,0.8,0.5,16.051403480478456,0.005352614285189903,1.720677053857739e-11,17.20677053857739,15.0,True,0.008717498711550876,0.6098021929813509,5.735590179525797
10.0,8.72910764842164,100.0,0.01,5.0,0.8,1.0,16.051403480478456,0.002865047968601901,9.210120578677408e-12,9.210120578677408,15.0,False,0.016286431726775536,0.6098021929813509,3.070040192892469
10.0,8.72910764842164,100.0,0.01,5.0,0.8,2.0,16.051403480478456,0.0008208499862389881,2.638743725451828e-12,2.638743725451828,15.0,False,0.056845232279734086,0.6098021929813509,0.8795812418172759
10.0,8.72910764842164,100.0,0.01,5.0,0.8,5.0,16.051403480478456,1.9304541362277093e-05,6.205730431431476e-14,0.062057304314314755,15.0,False,2.4171207830791888,0.6098021929813509,0.020685768104771587
10.0,8.72910764842164,100.0,0.01,5.0,0.8,10.0,16.051403480478456,3.726653172078671e-08,1.1979877979671059e-16,0.00011979877979671058,15.0,False,1252.0995644074055,0.6098021929813509,3.9932926598903525e-05
10.0,8.72910764842164,100.0,0.01,5.0,3.0,0.5,16.051403480478456,0.008464817248906142,2.7211407415610634e-11,27.211407415610633,15.0,True,0.005512394037875014,2.2867582236800654,9.070469138536877
10.0,8.72910764842164,100.0,0.01,5.0,3.0,1.0,16.051403480478456,0.007165313105737893,2.3033959085867333e-11,23.033959085867334,15.0,True,0.006512124096462153,2.2867582236800654,7.677986361955778
10.0,8.72910764842164,100.0,0.01,5.0,3.0,2.0,16.051403480478456,0.005134171190325921,1.6504552891499562e-11,16.50455289149956,15.0,True,0.009088401302725105,2.2867582236800654,5.501517630499854
10.0,8.72910764842164,100.0,0.01,5.0,3.0,5.0,16.051403480478456,0.0018887560283756184,6.071685694509371e-12,6.0716856945093705,15.0,False,0.024704836110941167,2.2867582236800654,2.0238952315031233
10.0,8.72910764842164,100.0,0.01,5.0,3.0,10.0,16.051403480478456,0.00035673993347252396,1.1467932957906577e-12,1.1467932957906577,15.0,False,0.1307995089878707,2.2867582236800654,0.38226443193021925
10.0,8.72910764842164,100.0,0.01,5.0,9.6,0.5,16.051403480478456,0.009492497594001751,3.0515037930141314e-11,30.515037930141315,15.0,True,0.0049156091610765154,7.317626315776209,10.171679310047104
10.0,8.72910764842164,100.0,0.01,5.0,9.6,1.0,16.051403480478456,0.009010751057212905,2.8966392413273864e-11,28.966392413273862,15.0,True,0.00517841496655491,7.317626315776209,9.655464137757955
10.0,8.72910764842164,100.0,0.01,5.0,9.6,2.0,16.051403480478456,0.00811936346150635,2.6100895106155137e-11,26.100895106155136,15.0,True,0.005746929344374358,7.317626315776209,8.700298368718379
10.0,8.72910764842164,100.0,0.01,5.0,9.6,5.0,16.051403480478456,0.0059402532055363505,1.9095822789160014e-11,19.095822789160014,15.0,True,0.007855121073135922,7.317626315776209,6.365274263053338
10.0,8.72910764842164,100.0,0.01,5.0,9.6,10.0,16.051403480478456,0.003528660814588489,1.1343402253566188e-11,11.343402253566188,15.0,False,0.013223545868069904,7.317626315776209,3.781134084522063
10.0,8.72910764842164,100.0,0.01,10.0,0.8,0.5,16.051403480478456,0.005352614285189903,1.720677053857739e-11,17.20677053857739,30.0,False,0.017434997423101752,0.05528444853339453,5.735590179525797
10.0,8.72910764842164,100.0,0.01,10.0,0.8,1.0,16.051403480478456,0.002865047968601901,9.210120578677408e-12,9.210120578677408,30.0,False,0.03257286345355107,0.05528444853339453,3.070040192892469
10.0,8.72910764842164,100.0,0.01,10.0,0.8,2.0,16.051403480478456,0.0008208499862389881,2.638743725451828e-12,2.638743725451828,30.0,False,0.11369046455946817,0.05528444853339453,0.8795812418172759
10.0,8.72910764842164,100.0,0.01,10.0,0.8,5.0,16.051403480478456,1.9304541362277093e-05,6.205730431431476e-14,0.062057304314314755,30.0,False,4.8342415661583775,0.05528444853339453,0.020685768104771587
10.0,8.72910764842164,100.0,0.01,10.0,0.8,10.0,16.051403480478456,3.726653172078671e-08,1.1979877979671059e-16,0.00011979877979671058,30.0,False,2504.199128814811,0.05528444853339453,3.9932926598903525e-05
10.0,8.72910764842164,100.0,0.01,10.0,3.0,0.5,16.051403480478456,0.008464817248906142,2.7211407415610634e-11,27.211407415610633,30.0,False,0.011024788075750028,0.20731668200022946,9.070469138536877
10.0,8.72910764842164,100.0,0.01,10.0,3.0,1.0,16.051403480478456,0.007165313105737893,2.3033959085867333e-11,23.033959085867334,30.0,False,0.013024248192924305,0.20731668200022946,7.677986361955778
10.0,8.72910764842164,100.0,0.01,10.0,3.0,2.0,16.051403480478456,0.005134171190325921,1.6504552891499562e-11,16.50455289149956,30.0,False,0.01817680260545021,0.20731668200022946,5.501517630499854
10.0,8.72910764842164,100.0,0.01,10.0,3.0,5.0,16.051403480478456,0.0018887560283756184,6.071685694509371e-12,6.0716856945093705,30.0,False,0.049409672221882334,0.20731668200022946,2.0238952315031233
10.0,8.72910764842164,100.0,0.01,10.0,3.0,10.0,16.051403480478456,0.00035673993347252396,1.1467932957906577e-12,1.1467932957906577,30.0,False,0.2615990179757414,0.20731668200022946,0.38226443193021925
10.0,8.72910764842164,100.0,0.01,10.0,9.6,0.5,16.051403480478456,0.009492497594001751,3.0515037930141314e-11,30.515037930141315,30.0,True,0.009831218322153031,0.6634133824007343,10.171679310047104
10.0,8.72910764842164,100.0,0.01,10.0,9.6,1.0,16.051403480478456,0.009010751057212905,2.8966392413273864e-11,28.966392413273862,30.0,False,0.01035682993310982,0.6634133824007343,9.655464137757955
10.0,8.72910764842164,100.0,0.01,10.0,9.6,2.0,16.051403480478456,0.00811936346150635,2.6100895106155137e-11,26.100895106155136,30.0,False,0.011493858688748715,0.6634133824007343,8.700298368718379
10.0,8.72910764842164,100.0,0.01,10.0,9.6,5.0,16.051403480478456,0.0059402532055363505,1.9095822789160014e-11,19.095822789160014,30.0,False,0.015710242146271845,0.6634133824007343,6.365274263053338
10.0,8.72910764842164,100.0,0.01,10.0,9.6,10.0,16.051403480478456,0.003528660814588489,1.1343402253566188e-11,11.343402253566188,30.0,False,0.026447091736139808,0.6634133824007343,3.781134084522063
10.0,8.72910764842164,100.0,0.01,50.0,0.8,0.5,16.051403480478456,0.005352614285189903,1.720677053857739e-11,17.20677053857739,150.0,False,0.08717498711550876,0.0,5.735590179525797
10.0,8.72910764842164,100.0,0.01,50.0,0.8,1.0,16.051403480478456,0.002865047968601901,9.210120578677408e-12,9.210120578677408,150.0,False,0.16286431726775535,0.0,3.070040192892469
10.0,8.72910764842164,100.0,0.01,50.0,0.8,2.0,16.051403480478456,0.0008208499862389881,2.638743725451828e-12,2.638743725451828,150.0,False,0.5684523227973408,0.0,0.8795812418172759
10.0,8.72910764842164,100.0,0.01,50.0,0.8,5.0,16.051403480478456,1.9304541362277093e-05,6.205730431431476e-14,0.062057304314314755,150.0,False,24.171207830791886,0.0,0.020685768104771587
10.0,8.72910764842164,100.0,0.01,50.0,0.8,10.0,16.051403480478456,3.726653172078671e-08,1.1979877979671059e-16,0.00011979877979671058,150.0,False,12520.995644074055,0.0,3.9932926598903525e-05
10.0,8.72910764842164,100.0,0.01,50.0,3.0,0.5,16.051403480478456,0.008464817248906142,2.7211407415610634e-11,27.211407415610633,150.0,False,0.055123940378750146,0.0,9.070469138536877
10.0,8.72910764842164,100.0,0.01,50.0,3.0,1.0,16.051403480478456,0.007165313105737893,2.3033959085867333e-11,23.033959085867334,150.0,False,0.06512124096462153,0.0,7.677986361955778
10.0,8.72910764842164,100.0,0.01,50.0,3.0,2.0,16.051403480478456,0.005134171190325921,1.6504552891499562e-11,16.50455289149956,150.0,False,0.09088401302725105,0.0,5.501517630499854
10.0,8.72910764842164,100.0,0.01,50.0,3.0,5.0,16.051403480478456,0.0018887560283756184,6.071685694509371e-12,6.0716856945093705,150.0,False,0.24704836110941167,0.0,2.0238952315031233
10.0,8.72910764842164,100.0,0.01,50.0,3.0,10.0,16.051403480478456,0.00035673993347252396,1.1467932957906577e-12,1.1467932957906577,150.0,False,1.3079950898787072,0.0,0.38226443193021925
10.0,8.72910764842164,100.0,0.01,50.0,9.6,0.5,16.051403480478456,0.009492497594001751,3.0515037930141314e-11,30.515037930141315,150.0,False,0.04915609161076516,0.0,10.171679310047104
10.0,8.72910764842164,100.0,0.01,50.0,9.6,1.0,16.051403480478456,0.009010751057212905,2.8966392413273864e-11,28.966392413273862,150.0,False,0.051784149665549103,0.0,9.655464137757955
10.0,8.72910764842164,100.0,0.01,50.0,9.6,2.0,16.051403480478456,0.00811936346150635,2.6100895106155137e-11,26.100895106155136,150.0,False,0.057469293443743574,0.0,8.700298368718379
10.0,8.72910764842164,100.0,0.01,50.0,9.6,5.0,16.051403480478456,0.0059402532055363505,1.9095822789160014e-11,19.095822789160014,150.0,False,0.07855121073135923,0.0,6.365274263053338
10.0,8.72910764842164,100.0,0.01,50.0,9.6,10.0,16.051403480478456,0.003528660814588489,1.1343402253566188e-11,11.343402253566188,150.0,False,0.13223545868069905,0.0,3.781134084522063
10.0,8.72910764842164,100.0,0.01,100.0,0.8,0.5,16.051403480478456,0.005352614285189903,1.720677053857739e-11,17.20677053857739,300.0,False,0.17434997423101753,0.0,5.735590179525797
10.0,8.72910764842164,100.0,0.01,100.0,0.8,1.0,16.051403480478456,0.002865047968601901,9.210120578677408e-12,9.210120578677408,300.0,False,0.3257286345355107,0.0,3.070040192892469
10.0,8.72910764842164,100.0,0.01,100.0,0.8,2.0,16.051403480478456,0.0008208499862389881,2.638743725451828e-12,2.638743725451828,300.0,False,1.1369046455946816,0.0,0.8795812418172759
10.0,8.72910764842164,100.0,0.01,100.0,0.8,5.0,16.051403480478456,1.9304541362277093e-05,6.205730431431476e-14,0.062057304314314755,300.0,False,48.34241566158377,0.0,0.020685768104771587
10.0,8.72910764842164,100.0,0.01,100.0,0.8,10.0,16.051403480478456,3.726653172078671e-08,1.1979877979671059e-16,0.00011979877979671058,300.0,False,25041.99128814811,0.0,3.9932926598903525e-05
10.0,8.72910764842164,100.0,0.01,100.0,3.0,0.5,16.051403480478456,0.008464817248906142,2.7211407415610634e-11,27.211407415610633,300.0,False,0.11024788075750029,0.0,9.070469138536877
10.0,8.72910764842164,100.0,0.01,100.0,3.0,1.0,16.051403480478456,0.007165313105737893,2.3033959085867333e-11,23.033959085867334,300.0,False,0.13024248192924306,0.0,7.677986361955778
10.0,8.72910764842164,100.0,0.01,100.0,3.0,2.0,16.051403480478456,0.005134171190325921,1.6504552891499562e-11,16.50455289149956,300.0,False,0.1817680260545021,0.0,5.501517630499854
10.0,8.72910764842164,100.0,0.01,100.0,3.0,5.0,16.051403480478456,0.0018887560283756184,6.071685694509371e-12,6.0716856945093705,300.0,False,0.49409672221882334,0.0,2.0238952315031233
10.0,8.72910764842164,100.0,0.01,100.0,3.0,10.0,16.051403480478456,0.00035673993347252396,1.1467932957906577e-12,1.1467932957906577,300.0,False,2.6159901797574143,0.0,0.38226443193021925
10.0,8.72910764842164,100.0,0.01,100.0,9.6,0.5,16.051403480478456,0.009492497594001751,3.0515037930141314e-11,30.515037930141315,300.0,False,0.09831218322153032,0.0,10.171679310047104
10.0,8.72910764842164,100.0,0.01,100.0,9.6,1.0,16.051403480478456,0.009010751057212905,2.8966392413273864e-11,28.966392413273862,300.0,False,0.10356829933109821,0.0,9.655464137757955
10.0,8.72910764842164,100.0,0.01,100.0,9.6,2.0,16.051403480478456,0.00811936346150635,2.6100895106155137e-11,26.100895106155136,300.0,False,0.11493858688748715,0.0,8.700298368718379
10.0,8.72910764842164,100.0,0.01,100.0,9.6,5.0,16.051403480478456,0.0059402532055363505,1.9095822789160014e-11,19.095822789160014,300.0,False,0.15710242146271847,0.0,6.365274263053338
10.0,8.72910764842164,100.0,0.01,100.0,9.6,10.0,16.051403480478456,0.003528660814588489,1.1343402253566188e-11,11.343402253566188,300.0,False,0.2644709173613981,0.0,3.781134084522063
10.0,8.72910764842164,100.0,0.03,1.0,0.8,0.5,16.051403480478456,0.016057842855569708,5.162031161573217e-11,51.62031161573217,3.0,True,0.0017434997423101755,2.7762423538631187,17.20677053857739
10.0,8.72910764842164,100.0,0.03,1.0,0.8,1.0,16.051403480478456,0.008595143905805703,2.7630361736032225e-11,27.630361736032224,3.0,True,0.0032572863453551072,2.7762423538631187,9.210120578677408
10.0,8.72910764842164,100.0,0.03,1.0,0.8,2.0,16.051403480478456,0.002462549958716964,7.916231176355482e-12,7.916231176355482,3.0,True,0.011369046455946817,2.7762423538631187,2.6387437254518273
10.0,8.72910764842164,100.0,0.03,1.0,0.8,5.0,16.051403480478456,5.791362408683128e-05,1.8617191294294426e-13,0.18617191294294425,3.0,False,0.48342415661583776,2.7762423538631187,0.062057304314314755
10.0,8.72910764842164,100.0,0.03,1.0,0.8,10.0,16.051403480478456,1.1179959516236012e-07,3.593963393901317e-16,0.00035939633939013167,3.0,False,250.4199128814811,2.7762423538631187,0.00011979877979671056
10.0,8.72910764842164,100.0,0.03,1.0,3.0,0.5,16.051403480478456,0.02539445174671842,8.163422224683188e-11,81.63422224683188,3.0,True,0.001102478807575003,10.410908826986695,27.211407415610626
10.0,8.72910764842164,100.0,0.03,1.0,3.0,1.0,16.051403480478456,0.021495939317213678,6.9101877257602e-11,69.101877257602,3.0,True,0.0013024248192924307,10.410908826986695,23.033959085867334
10.0,8.72910764842164,100.0,0.03,1.0,3.0,2.0,16.051403480478456,0.01540251357097776,4.9513658674498675e-11,49.51365867449868,3.0,True,0.0018176802605450212,10.410908826986695,16.504552891499557
10.0,8.72910764842164,100.0,0.03,1.0,3.0,5.0,16.051403480478456,0.005666268085126855,1.821505708352811e-11,18.21505708352811,3.0,True,0.004940967222188233,10.410908826986695,6.0716856945093705
10.0,8.72910764842164,100.0,0.03,1.0,3.0,10.0,16.051403480478456,0.0010702198004175717,3.4403798873719727e-12,3.440379887371973,3.0,True,0.026159901797574145,10.410908826986695,1.1467932957906575
10.0,8.72910764842164,100.0,0.03,1.0,9.6,0.5,16.051403480478456,0.028477492782005256,9.154511379042394e-11,91.54511379042394,3.0,True,0.0009831218322153032,33.31490824635742,30.515037930141315
10.0,8.72910764842164,100.0,0.03,1.0,9.6,1.0,16.051403480478456,0.027032253171638716,8.68991772398216e-11,86.8991772398216,3.0,True,0.001035682993310982,33.31490824635742,28.966392413273862
10.0,8.72910764842164,100.0,0.03,1.0,9.6,2.0,16.051403480478456,0.024358090384519047,7.83026853184654e-11,78.3026853184654,3.0,True,0.0011493858688748715,33.31490824635742,26.100895106155132
10.0,8.72910764842164,100.0,0.03,1.0,9.6,5.0,16.051403480478456,0.01782075961660905,5.728746836748004e-11,57.287468367480045,3.0,True,0.0015710242146271848,33.31490824635742,19.095822789160014
10.0,8.72910764842164,100.0,0.03,1.0,9.6,10.0,16.051403480478456,0.010585982443765466,3.403020676069856e-11,34.03020676069856,3.0,True,0.002644709173613981,33.31490824635742,11.343402253566188
10.0,8.72910764842164,100.0,0.03,5.0,0.8,0.5,16.051403480478456,0.016057842855569708,5.162031161573217e-11,51.62031161573217,15.0,True,0.008717498711550876,1.4886920239158383,17.20677053857739
10.0,8.72910764842164,100.0,0.03,5.0,0.8,1.0,16.051403480478456,0.008595143905805703,2.7630361736032225e-11,27.630361736032224,15.0,True,0.016286431726775536,1.4886920239158383,9.210120578677408
10.0,8.72910764842164,100.0,0.03,5.0,0.8,2.0,16.051403480478456,0.002462549958716964,7.916231176355482e-12,7.916231176355482,15.0,False,0.056845232279734086,1.4886920239158383,2.6387437254518273
10.0,8.72910764842164,100.0,0.03,5.0,0.8,5.0,16.051403480478456,5.791362408683128e-05,1.8617191294294426e-13,0.18617191294294425,15.0,False,2.4171207830791888,1.4886920239158383,0.062057304314314755
10.0,8.72910764842164,100.0,0.03,5.0,0.8,10.0,16.051403480478456,1.1179959516236012e-07,3.593963393901317e-16,0.00035939633939013167,15.0,False,1252.0995644074055,1.4886920239158383,0.00011979877979671056
10.0,8.72910764842164,100.0,0.03,5.0,3.0,0.5,16.051403480478456,0.02539445174671842,8.163422224683188e-11,81.63422224683188,15.0,True,0.005512394037875014,5.582595089684393,27.211407415610626
10.0,8.72910764842164,100.0,0.03,5.0,3.0,1.0,16.051403480478456,0.021495939317213678,6.9101877257602e-11,69.101877257602,15.0,True,0.006512124096462153,5.582595089684393,23.033959085867334
10.0,8.72910764842164,100.0,0.03,5.0,3.0,2.0,16.051403480478456,0.01540251357097776,4.9513658674498675e-11,49.51365867449868,15.0,True,0.009088401302725105,5.582595089684393,16.504552891499557
10.0,8.72910764842164,100.0,0.03,5.0,3.0,5.0,16.051403480478456,0.005666268085126855,1.821505708352811e-11,18.21505708352811,15.0,True,0.024704836110941167,5.582595089684393,6.0716856945093705
10.0,8.72910764842164,100.0,0.03,5.0,3.0,10.0,16.051403480478456,0.0010702198004175717,3.4403798873719727e-12,3.440379887371973,15.0,False,0.1307995089878707,5.582595089684393,1.1467932957906575
10.0,8.72910764842164,100.0,0.03,5.0,9.6,0.5,16.051403480478456,0.028477492782005256,9.154511379042394e-11,91.54511379042394,15.0,True,0.0049156091610765154,17.86430428699006,30.515037930141315
10.0,8.72910764842164,100.0,0.03,5.0,9.6,1.0,16.051403480478456,0.027032253171638716,8.68991772398216e-11,86.8991772398216,15.0,True,0.00517841496655491,17.86430428699006,28.966392413273862
10.0,8.72910764842164,100.0,0.03,5.0,9.6,2.0,16.051403480478456,0.024358090384519047,7.83026853184654e-11,78.3026853184654,15.0,True,0.005746929344374358,17.86430428699006,26.100895106155132
10.0,8.72910764842164,100.0,0.03,5.0,9.6,5.0,16.051403480478456,0.01782075961660905,5.728746836748004e-11,57.287468367480045,15.0,True,0.007855121073135922,17.86430428699006,19.095822789160014
10.0,8.72910764842164,100.0,0.03,5.0,9.6,10.0,16.051403480478456,0.010585982443765466,3.403020676069856e-11,34.03020676069856,15.0,True,0.013223545868069904,17.86430428699006,11.343402253566188
10.0,8.72910764842164,100.0,0.03,10.0,0.8,0.5,16.051403480478456,0.016057842855569708,5.162031161573217e-11,51.62031161573217,30.0,True,0.017434997423101752,0.9341742794678821,17.20677053857739
10.0,8.72910764842164,100.0,0.03,10.0,0.8,1.0,16.051403480478456,0.008595143905805703,2.7630361736032225e-11,27.630361736032224,30.0,False,0.03257286345355107,0.9341742794678821,9.210120578677408
10.0,8.72910764842164,100.0,0.03,10.0,0.8,2.0,16.051403480478456,0.002462549958716964,7.916231176355482e-12,7.916231176355482,30.0,False,0.11369046455946817,0.9341742794678821,2.6387437254518273
10.0,8.72910764842164,100.0,0.03,10.0,0.8,5.0,16.051403480478456,5.791362408683128e-05,1.8617191294294426e-13,0.18617191294294425,30.0,False,4.8342415661583775,0.9341742794678821,0.062057304314314755
10.0,8.72910764842164,100.0,0.03,10.0,0.8,10.0,16.051403480478456,1.1179959516236012e-07,3.593963393901317e-16,0.00035939633939013167,30.0,False,2504.199128814811,0.9341742794678821,0.00011979877979671056
10.0,8.72910764842164,100.0,0.03,10.0,3.0,0.5,16.051403480478456,0.02539445174671842,8.163422224683188e-11,81.63422224683188,30.0,True,0.011024788075750028,3.5031535480045575,27.211407415610626
10.0,8.72910764842164,100.0,0.03,10.0,3.0,1.0,16.051403480478456,0.021495939317213678,6.9101877257602e-11,69.101877257602,30.0,True,0.013024248192924305,3.5031535480045575,23.033959085867334
10.0,8.72910764842164,100.0,0.03,10.0,3.0,2.0,16.051403480478456,0.01540251357097776,4.9513658674498675e-11,49.51365867449868,30.0,True,0.01817680260545021,3.5031535480045575,16.504552891499557
10.0,8.72910764842164,100.0,0.03,10.0,3.0,5.0,16.051403480478456,0.005666268085126855,1.821505708352811e-11,18.21505708352811,30.0,False,0.049409672221882334,3.5031535480045575,6.0716856945093705
10.0,8.72910764842164,100.0,0.03,10.0,3.0,10.0,16.051403480478456,0.0010702198004175717,3.4403798873719727e-12,3.440379887371973,30.0,False,0.2615990179757414,3.5031535480045575,1.1467932957906575
10.0,8.72910764842164,100.0,0.03,10.0,9.6,0.5,16.051403480478456,0.028477492782005256,9.154511379042394e-11,91.54511379042394,30.0,True,0.009831218322153031,11.210091353614585,30.515037930141315
10.0,8.72910764842164,100.0,0.03,10.0,9.6,1.0,16.051403480478456,0.027032253171638716,8.68991772398216e-11,86.8991772398216,30.0,True,0.01035682993310982,11.210091353614585,28.966392413273862
10.0,8.72910764842164,100.0,0.03,10.0,9.6,2.0,16.051403480478456,0.024358090384519047,7.83026853184654e-11,78.3026853184654,30.0,True,0.011493858688748715,11.210091353614585,26.100895106155132
10.0,8.72910764842164,100.0,0.03,10.0,9.6,5.0,16.051403480478456,0.01782075961660905,5.728746836748004e-11,57.287468367480045,30.0,True,0.015710242146271845,11.210091353614585,19.095822789160014
10.0,8.72910764842164,100.0,0.03,10.0,9.6,10.0,16.051403480478456,0.010585982443765466,3.403020676069856e-11,34.03020676069856,30.0,True,0.026447091736139808,11.210091353614585,11.343402253566188
10.0,8.72910764842164,100.0,0.03,50.0,0.8,0.5,16.051403480478456,0.016057842855569708,5.162031161573217e-11,51.62031161573217,150.0,False,0.08717498711550876,0.0,17.20677053857739
10.0,8.72910764842164,100.0,0.03,50.0,0.8,1.0,16.051403480478456,0.008595143905805703,2.7630361736032225e-11,27.630361736032224,150.0,False,0.16286431726775535,0.0,9.210120578677408
10.0,8.72910764842164,100.0,0.03,50.0,0.8,2.0,16.051403480478456,0.002462549958716964,7.916231176355482e-12,7.916231176355482,150.0,False,0.5684523227973408,0.0,2.6387437254518273
10.0,8.72910764842164,100.0,0.03,50.0,0.8,5.0,16.051403480478456,5.791362408683128e-05,1.8617191294294426e-13,0.18617191294294425,150.0,False,24.171207830791886,0.0,0.062057304314314755
10.0,8.72910764842164,100.0,0.03,50.0,0.8,10.0,16.051403480478456,1.1179959516236012e-07,3.593963393901317e-16,0.00035939633939013167,150.0,False,12520.995644074055,0.0,0.00011979877979671056
10.0,8.72910764842164,100.0,0.03,50.0,3.0,0.5,16.051403480478456,0.02539445174671842,8.163422224683188e-11,81.63422224683188,150.0,False,0.055123940378750146,0.0,27.211407415610626
10.0,8.72910764842164,100.0,0.03,50.0,3.0,1.0,16.051403480478456,0.021495939317213678,6.9101877257602e-11,69.101877257602,150.0,False,0.06512124096462153,0.0,23.033959085867334
10.0,8.72910764842164,100.0,0.03,50.0,3.0,2.0,16.051403480478456,0.01540251357097776,4.9513658674498675e-11,49.51365867449868,150.0,False,0.09088401302725105,0.0,16.504552891499557
10.0,8.72910764842164,100.0,0.03,50.0,3.0,5.0,16.051403480478456,0.005666268085126855,1.821505708352811e-11,18.21505708352811,150.0,False,0.24704836110941167,0.0,6.0716856945093705
10.0,8.72910764842164,100.0,0.03,50.0,3.0,10.0,16.051403480478456,0.0010702198004175717,3.4403798873719727e-12,3.440379887371973,150.0,False,1.3079950898787072,0.0,1.1467932957906575
10.0,8.72910764842164,100.0,0.03,50.0,9.6,0.5,16.051403480478456,0.028477492782005256,9.154511379042394e-11,91.54511379042394,150.0,False,0.04915609161076516,0.0,30.515037930141315
10.0,8.72910764842164,100.0,0.03,50.0,9.6,1.0,16.051403480478456,0.027032253171638716,8.68991772398216e-11,86.8991772398216,150.0,False,0.051784149665549103,0.0,28.966392413273862
10.0,8.72910764842164,100.0,0.03,50.0,9.6,2.0,16.051403480478456,0.024358090384519047,7.83026853184654e-11,78.3026853184654,150.0,False,0.057469293443743574,0.0,26.100895106155132
10.0,8.72910764842164,100.0,0.03,50.0,9.6,5.0,16.051403480478456,0.01782075961660905,5.728746836748004e-11,57.287468367480045,150.0,False,0.07855121073135923,0.0,19.095822789160014
10.0,8.72910764842164,100.0,0.03,50.0,9.6,10.0,16.051403480478456,0.010585982443765466,3.403020676069856e-11,34.03020676069856,150.0,False,0.13223545868069905,0.0,11.343402253566188
10.0,8.72910764842164,100.0,0.03,100.0,0.8,0.5,16.051403480478456,0.016057842855569708,5.162031161573217e-11,51.62031161573217,300.0,False,0.17434997423101753,0.0,17.20677053857739
10.0,8.72910764842164,100.0,0.03,100.0,0.8,1.0,16.051403480478456,0.008595143905805703,2.7630361736032225e-11,27.630361736032224,300.0,False,0.3257286345355107,0.0,9.210120578677408
10.0,8.72910764842164,100.0,0.03,100.0,0.8,2.0,16.051403480478456,0.002462549958716964,7.916231176355482e-12,7.916231176355482,300.0,False,1.1369046455946816,0.0,2.6387437254518273
10.0,8.72910764842164,100.0,0.03,100.0,0.8,5.0,16.051403480478456,5.791362408683128e-05,1.8617191294294426e-13,0.18617191294294425,300.0,False,48.34241566158377,0.0,0.062057304314314755
10.0,8.72910764842164,100.0,0.03,100.0,0.8,10.0,16.051403480478456,1.1179959516236012e-07,3.593963393901317e-16,0.00035939633939013167,300.0,False,25041.99128814811,0.0,0.00011979877979671056
10.0,8.72910764842164,100.0,0.03,100.0,3.0,0.5,16.051403480478456,0.02539445174671842,8.163422224683188e-11,81.63422224683188,300.0,False,0.11024788075750029,0.0,27.211407415610626
10.0,8.72910764842164,100.0,0.03,100.0,3.0,1.0,16.051403480478456,0.021495939317213678,6.9101877257602e-11,69.101877257602,300.0,False,0.13024248192924306,0.0,23.033959085867334
10.0,8.72910764842164,100.0,0.03,100.0,3.0,2.0,16.051403480478456,0.01540251357097776,4.9513658674498675e-11,49.51365867449868,300.0,False,0.1817680260545021,0.0,16.504552891499557
10.0,8.72910764842164,100.0,0.03,100.0,3.0,5.0,16.051403480478456,0.005666268085126855,1.821505708352811e-11,18.21505708352811,300.0,False,0.49409672221882334,0.0,6.0716856945093705
10.0,8.72910764842164,100.0,0.03,100.0,3.0,10.0,16.051403480478456,0.0010702198004175717,3.4403798873719727e-12,3.440379887371973,300.0,False,2.6159901797574143,0.0,1.1467932957906575
10.0,8.72910764842164,100.0,0.03,100.0,9.6,0.5,16.051403480478456,0.028477492782005256,9.154511379042394e-11,91.54511379042394,300.0,False,0.09831218322153032,0.0,30.515037930141315
10.0,8.72910764842164,100.0,0.03,100.0,9.6,1.0,16.051403480478456,0.027032253171638716,8.68991772398216e-11,86.8991772398216,300.0,False,0.10356829933109821,0.0,28.966392413273862
10.0,8.72910764842164,100.0,0.03,100.0,9.6,2.0,16.051403480478456,0.024358090384519047,7.83026853184654e-11,78.3026853184654,300.0,False,0.11493858688748715,0.0,26.100895106155132
10.0,8.72910764842164,100.0,0.03,100.0,9.6,5.0,16.051403480478456,0.01782075961660905,5.728746836748004e-11,57.287468367480045,300.0,False,0.15710242146271847,0.0,19.095822789160014
10.0,8.72910764842164,100.0,0.03,100.0,9.6,10.0,16.051403480478456,0.010585982443765466,3.403020676069856e-11,34.03020676069856,300.0,False,0.2644709173613981,0.0,11.343402253566188
10.0,8.72910764842164,100.0,0.1,1.0,0.8,0.5,16.051403480478456,0.05352614285189903,1.7206770538577392e-10,172.06770538577393,3.0,True,0.0017434997423101755,3.7394205973238677,57.35590179525798
10.0,8.72910764842164,100.0,0.1,1.0,0.8,1.0,16.051403480478456,0.028650479686019012,9.21012057867741e-11,92.10120578677409,3.0,True,0.0032572863453551072,3.7394205973238677,30.700401928924702
10.0,8.72910764842164,100.0,0.1,1.0,0.8,2.0,16.051403480478456,0.008208499862389881,2.638743725451828e-11,26.387437254518282,3.0,True,0.011369046455946817,3.7394205973238677,8.79581241817276
10.0,8.72910764842164,100.0,0.1,1.0,0.8,5.0,16.051403480478456,0.00019304541362277094,6.205730431431476e-13,0.6205730431431477,3.0,False,0.48342415661583776,3.7394205973238677,0.20685768104771585
10.0,8.72910764842164,100.0,0.1,1.0,0.8,10.0,16.051403480478456,3.726653172078671e-07,1.1979877979671058e-15,0.0011979877979671058,3.0,False,250.4199128814811,3.7394205973238677,0.00039932926598903524
10.0,8.72910764842164,100.0,0.1,1.0,3.0,0.5,16.051403480478456,0.08464817248906142,2.7211407415610637e-10,272.11407415610637,3.0,True,0.001102478807575003,14.022827239964503,90.70469138536879
10.0,8.72910764842164,100.0,0.1,1.0,3.0,1.0,16.051403480478456,0.07165313105737893,2.3033959085867333e-10,230.33959085867332,3.0,True,0.0013024248192924307,14.022827239964503,76.77986361955777
10.0,8.72910764842164,100.0,0.1,1.0,3.0,2.0,16.051403480478456,0.0513417119032592,1.650455289149956e-10,165.0455289149956,3.0,True,0.0018176802605450212,14.022827239964503,55.01517630499853
10.0,8.72910764842164,100.0,0.1,1.0,3.0,5.0,16.051403480478456,0.018887560283756183,6.07168569450937e-11,60.7168569450937,3.0,True,0.004940967222188233,14.022827239964503,20.238952315031234
10.0,8.72910764842164,100.0,0.1,1.0,3.0,10.0,16.051403480478456,0.0035673993347252395,1.1467932957906576e-11,11.467932957906577,3.0,True,0.026159901797574145,14.022827239964503,3.8226443193021917
10.0,8.72910764842164,100.0,0.1,1.0,9.6,0.5,16.051403480478456,0.09492497594001753,3.0515037930141316e-10,305.1503793014132,3.0,True,0.0009831218322153032,44.87304716788641,101.71679310047105
10.0,8.72910764842164,100.0,0.1,1.0,9.6,1.0,16.051403480478456,0.09010751057212907,2.896639241327387e-10,289.66392413273866,3.0,True,0.001035682993310982,44.87304716788641,96.55464137757956
10.0,8.72910764842164,100.0,0.1,1.0,9.6,2.0,16.051403480478456,0.0811936346150635,2.6100895106155137e-10,261.0089510615514,3.0,True,0.0011493858688748715,44.87304716788641,87.00298368718379
10.0,8.72910764842164,100.0,0.1,1.0,9.6,5.0,16.051403480478456,0.0594025320553635,1.9095822789160012e-10,190.9582278916001,3.0,True,0.0015710242146271848,44.87304716788641,63.652742630533375
10.0,8.72910764842164,100.0,0.1,1.0,9.6,10.0,16.051403480478456,0.03528660814588489,1.1343402253566188e-10,113.43402253566188,3.0,True,0.002644709173613981,44.87304716788641,37.81134084522063
10.0,8.72910764842164,100.0,0.1,5.0,0.8,0.5,16.051403480478456,0.05352614285189903,1.7206770538577392e-10,172.06770538577393,15.0,True,0.008717498711550876,2.4518702673765875,57.35590179525798
10.0,8.72910764842164,100.0,0.1,5.0,0.8,1.0,16.051403480478456,0.028650479686019012,9.21012057867741e-11,92.10120578677409,15.0,True,0.016286431726775536,2.4518702673765875,30.700401928924702
10.0,8.72910764842164,100.0,0.1,5.0,0.8,2.0,16.051403480478456,0.008208499862389881,2.638743725451828e-11,26.387437254518282,15.0,True,0.056845232279734086,2.4518702673765875,8.79581241817276
10.0,8.72910764842164,100.0,0.1,5.0,0.8,5.0,16.051403480478456,0.00019304541362277094,6.205730431431476e-13,0.6205730431431477,15.0,False,2.4171207830791888,2.4518702673765875,0.20685768104771585
10.0,8.72910764842164,100.0,0.1,5.0,0.8,10.0,16.051403480478456,3.726653172078671e-07,1.1979877979671058e-15,0.0011979877979671058,15.0,False,1252.0995644074055,2.4518702673765875,0.00039932926598903524
10.0,8.72910764842164,100.0,0.1,5.0,3.0,0.5,16.051403480478456,0.08464817248906142,2.7211407415610637e-10,272.11407415610637,15.0,True,0.005512394037875014,9.194513502662202,90.70469138536879
10.0,8.72910764842164,100.0,0.1,5.0,3.0,1.0,16.051403480478456,0.07165313105737893,2.3033959085867333e-10,230.33959085867332,15.0,True,0.006512124096462153,9.194513502662202,76.77986361955777
10.0,8.72910764842164,100.0,0.1,5.0,3.0,2.0,16.051403480478456,0.0513417119032592,1.650455289149956e-10,165.0455289149956,15.0,True,0.009088401302725105,9.194513502662202,55.01517630499853
10.0,8.72910764842164,100.0,0.1,5.0,3.0,5.0,16.051403480478456,0.018887560283756183,6.07168569450937e-11,60.7168569450937,15.0,True,0.024704836110941167,9.194513502662202,20.238952315031234
10.0,8.72910764842164,100.0,0.1,5.0,3.0,10.0,16.051403480478456,0.0035673993347252395,1.1467932957906576e-11,11.467932957906577,15.0,False,0.1307995089878707,9.194513502662202,3.8226443193021917
10.0,8.72910764842164,100.0,0.1,5.0,9.6,0.5,16.051403480478456,0.09492497594001753,3.0515037930141316e-10,305.1503793014132,15.0,True,0.0049156091610765154,29.422443208519045,101.71679310047105
10.0,8.72910764842164,100.0,0.1,5.0,9.6,1.0,16.051403480478456,0.09010751057212907,2.896639241327387e-10,289.66392413273866,15.0,True,0.00517841496655491,29.422443208519045,96.55464137757956
10.0,8.72910764842164,100.0,0.1,5.0,9.6,2.0,16.051403480478456,0.0811936346150635,2.6100895106155137e-10,261.0089510615514,15.0,True,0.005746929344374358,29.422443208519045,87.00298368718379
10.0,8.72910764842164,100.0,0.1,5.0,9.6,5.0,16.051403480478456,0.0594025320553635,1.9095822789160012e-10,190.9582278916001,15.0,True,0.007855121073135922,29.422443208519045,63.652742630533375
10.0,8.72910764842164,100.0,0.1,5.0,9.6,10.0,16.051403480478456,0.03528660814588489,1.1343402253566188e-10,113.43402253566188,15.0,True,0.013223545868069904,29.422443208519045,37.81134084522063
10.0,8.72910764842164,100.0,0.1,10.0,0.8,0.5,16.051403480478456,0.05352614285189903,1.7206770538577392e-10,172.06770538577393,30.0,True,0.017434997423101752,1.897352522928631,57.35590179525798
10.0,8.72910764842164,100.0,0.1,10.0,0.8,1.0,16.051403480478456,0.028650479686019012,9.21012057867741e-11,92.10120578677409,30.0,True,0.03257286345355107,1.897352522928631,30.700401928924702
10.0,8.72910764842164,100.0,0.1,10.0,0.8,2.0,16.051403480478456,0.008208499862389881,2.638743725451828e-11,26.387437254518282,30.0,False,0.11369046455946817,1.897352522928631,8.79581241817276
10.0,8.72910764842164,100.0,0.1,10.0,0.8,5.0,16.051403480478456,0.00019304541362277094,6.205730431431476e-13,0.6205730431431477,30.0,False,4.8342415661583775,1.897352522928631,0.20685768104771585
10.0,8.72910764842164,100.0,0.1,10.0,0.8,10.0,16.051403480478456,3.726653172078671e-07,1.1979877979671058e-15,0.0011979877979671058,30.0,False,2504.199128814811,1.897352522928631,0.00039932926598903524
10.0,8.72910764842164,100.0,0.1,10.0,3.0,0.5,16.051403480478456,0.08464817248906142,2.7211407415610637e-10,272.11407415610637,30.0,True,0.011024788075750028,7.115071960982366,90.70469138536879
10.0,8.72910764842164,100.0,0.1,10.0,3.0,1.0,16.051403480478456,0.07165313105737893,2.3033959085867333e-10,230.33959085867332,30.0,True,0.013024248192924305,7.115071960982366,76.77986361955777
10.0,8.72910764842164,100.0,0.1,10.0,3.0,2.0,16.051403480478456,0.0513417119032592,1.650455289149956e-10,165.0455289149956,30.0,True,0.01817680260545021,7.115071960982366,55.01517630499853
10.0,8.72910764842164,100.0,0.1,10.0,3.0,5.0,16.051403480478456,0.018887560283756183,6.07168569450937e-11,60.7168569450937,30.0,True,0.049409672221882334,7.115071960982366,20.238952315031234
10.0,8.72910764842164,100.0,0.1,10.0,3.0,10.0,16.051403480478456,0.0035673993347252395,1.1467932957906576e-11,11.467932957906577,30.0,False,0.2615990179757414,7.115071960982366,3.8226443193021917
10.0,8.72910764842164,100.0,0.1,10.0,9.6,0.5,16.051403480478456,0.09492497594001753,3.0515037930141316e-10,305.1503793014132,30.0,True,0.009831218322153031,22.76823027514357,101.71679310047105
10.0,8.72910764842164,100.0,0.1,10.0,9.6,1.0,16.051403480478456,0.09010751057212907,2.896639241327387e-10,289.66392413273866,30.0,True,0.01035682993310982,22.76823027514357,96.55464137757956
10.0,8.72910764842164,100.0,0.1,10.0,9.6,2.0,16.051403480478456,0.0811936346150635,2.6100895106155137e-10,261.0089510615514,30.0,True,0.011493858688748715,22.76823027514357,87.00298368718379
10.0,8.72910764842164,100.0,0.1,10.0,9.6,5.0,16.051403480478456,0.0594025320553635,1.9095822789160012e-10,190.9582278916001,30.0,True,0.015710242146271845,22.76823027514357,63.652742630533375
10.0,8.72910764842164,100.0,0.1,10.0,9.6,10.0,16.051403480478456,0.03528660814588489,1.1343402253566188e-10,113.43402253566188,30.0,True,0.026447091736139808,22.76823027514357,37.81134084522063
10.0,8.72910764842164,100.0,0.1,50.0,0.8,0.5,16.051403480478456,0.05352614285189903,1.7206770538577392e-10,172.06770538577393,150.0,True,0.08717498711550876,0.6098021929813506,57.35590179525798
10.0,8.72910764842164,100.0,0.1,50.0,0.8,1.0,16.051403480478456,0.028650479686019012,9.21012057867741e-11,92.10120578677409,150.0,False,0.16286431726775535,0.6098021929813506,30.700401928924702
10.0,8.72910764842164,100.0,0.1,50.0,0.8,2.0,16.051403480478456,0.008208499862389881,2.638743725451828e-11,26.387437254518282,150.0,False,0.5684523227973408,0.6098021929813506,8.79581241817276
10.0,8.72910764842164,100.0,0.1,50.0,0.8,5.0,16.051403480478456,0.00019304541362277094,6.205730431431476e-13,0.6205730431431477,150.0,False,24.171207830791886,0.6098021929813506,0.20685768104771585
10.0,8.72910764842164,100.0,0.1,50.0,0.8,10.0,16.051403480478456,3.726653172078671e-07,1.1979877979671058e-15,0.0011979877979671058,150.0,False,12520.995644074055,0.6098021929813506,0.00039932926598903524
10.0,8.72910764842164,100.0,0.1,50.0,3.0,0.5,16.051403480478456,0.08464817248906142,2.7211407415610637e-10,272.11407415610637,150.0,True,0.055123940378750146,2.286758223680065,90.70469138536879
10.0,8.72910764842164,100.0,0.1,50.0,3.0,1.0,16.051403480478456,0.07165313105737893,2.3033959085867333e-10,230.33959085867332,150.0,True,0.06512124096462153,2.286758223680065,76.77986361955777
10.0,8.72910764842164,100.0,0.1,50.0,3.0,2.0,16.051403480478456,0.0513417119032592,1.650455289149956e-10,165.0455289149956,150.0,True,0.09088401302725105,2.286758223680065,55.01517630499853
10.0,8.72910764842164,100.0,0.1,50.0,3.0,5.0,16.051403480478456,0.018887560283756183,6.07168569450937e-11,60.7168569450937,150.0,False,0.24704836110941167,2.286758223680065,20.238952315031234
10.0,8.72910764842164,100.0,0.1,50.0,3.0,10.0,16.051403480478456,0.0035673993347252395,1.1467932957906576e-11,11.467932957906577,150.0,False,1.3079950898787072,2.286758223680065,3.8226443193021917
10.0,8.72910764842164,100.0,0.1,50.0,9.6,0.5,16.051403480478456,0.09492497594001753,3.0515037930141316e-10,305.1503793014132,150.0,True,0.04915609161076516,7.317626315776208,101.71679310047105
10.0,8.72910764842164,100.0,0.1,50.0,9.6,1.0,16.051403480478456,0.09010751057212907,2.896639241327387e-10,289.66392413273866,150.0,True,0.051784149665549103,7.317626315776208,96.55464137757956
10.0,8.72910764842164,100.0,0.1,50.0,9.6,2.0,16.051403480478456,0.0811936346150635,2.6100895106155137e-10,261.0089510615514,150.0,True,0.057469293443743574,7.317626315776208,87.00298368718379
10.0,8.72910764842164,100.0,0.1,50.0,9.6,5.0,16.051403480478456,0.0594025320553635,1.9095822789160012e-10,190.9582278916001,150.0,True,0.07855121073135923,7.317626315776208,63.652742630533375
10.0,8.72910764842164,100.0,0.1,50.0,9.6,10.0,16.051403480478456,0.03528660814588489,1.1343402253566188e-10,113.43402253566188,150.0,False,0.13223545868069905,7.317626315776208,37.81134084522063
10.0,8.72910764842164,100.0,0.1,100.0,0.8,0.5,16.051403480478456,0.05352614285189903,1.7206770538577392e-10,172.06770538577393,300.0,False,0.17434997423101753,0.05528444853339436,57.35590179525798
10.0,8.72910764842164,100.0,0.1,100.0,0.8,1.0,16.051403480478456,0.028650479686019012,9.21012057867741e-11,92.10120578677409,300.0,False,0.3257286345355107,0.05528444853339436,30.700401928924702
10.0,8.72910764842164,100.0,0.1,100.0,0.8,2.0,16.051403480478456,0.008208499862389881,2.638743725451828e-11,26.387437254518282,300.0,False,1.1369046455946816,0.05528444853339436,8.79581241817276
10.0,8.72910764842164,100.0,0.1,100.0,0.8,5.0,16.051403480478456,0.00019304541362277094,6.205730431431476e-13,0.6205730431431477,300.0,False,48.34241566158377,0.05528444853339436,0.20685768104771585
10.0,8.72910764842164,100.0,0.1,100.0,0.8,10.0,16.051403480478456,3.726653172078671e-07,1.1979877979671058e-15,0.0011979877979671058,300.0,False,25041.99128814811,0.05528444853339436,0.00039932926598903524
10.0,8.72910764842164,100.0,0.1,100.0,3.0,0.5,16.051403480478456,0.08464817248906142,2.7211407415610637e-10,272.11407415610637,300.0,False,0.11024788075750029,0.20731668200022885,90.70469138536879
10.0,8.72910764842164,100.0,0.1,100.0,3.0,1.0,16.051403480478456,0.07165313105737893,2.3033959085867333e-10,230.33959085867332,300.0,False,0.13024248192924306,0.20731668200022885,76.77986361955777
10.0,8.72910764842164,100.0,0.1,100.0,3.0,2.0,16.051403480478456,0.0513417119032592,1.650455289149956e-10,165.0455289149956,300.0,False,0.1817680260545021,0.20731668200022885,55.01517630499853
10.0,8.72910764842164,100.0,0.1,100.0,3.0,5.0,16.051403480478456,0.018887560283756183,6.07168569450937e-11,60.7168569450937,300.0,False,0.49409672221882334,0.20731668200022885,20.238952315031234
10.0,8.72910764842164,100.0,0.1,100.0,3.0,10.0,16.051403480478456,0.0035673993347252395,1.1467932957906576e-11,11.467932957906577,300.0,False,2.6159901797574143,0.20731668200022885,3.8226443193021917
10.0,8.72910764842164,100.0,0.1,100.0,9.6,0.5,16.051403480478456,0.09492497594001753,3.0515037930141316e-10,305.1503793014132,300.0,True,0.09831218322153032,0.6634133824007323,101.71679310047105
10.0,8.72910764842164,100.0,0.1,100.0,9.6,1.0,16.051403480478456,0.09010751057212907,2.896639241327387e-10,289.66392413273866,300.0,False,0.10356829933109821,0.6634133824007323,96.55464137757956
10.0,8.72910764842164,100.0,0.1,100.0,9.6,2.0,16.051403480478456,0.0811936346150635,2.6100895106155137e-10,261.0089510615514,300.0,False,0.11493858688748715,0.6634133824007323,87.00298368718379
10.0,8.72910764842164,100.0,0.1,100.0,9.6,5.0,16.051403480478456,0.0594025320553635,1.9095822789160012e-10,190.9582278916001,300.0,False,0.15710242146271847,0.6634133824007323,63.652742630533375
10.0,8.72910764842164,100.0,0.1,100.0,9.6,10.0,16.051403480478456,0.03528660814588489,1.1343402253566188e-10,113.43402253566188,300.0,False,0.2644709173613981,0.6634133824007323,37.81134084522063
100.0,87.2910764842164,1.0,0.01,1.0,0.8,0.5,197.67057401878967,0.005352614285189903,2.1189874228174392e-10,211.89874228174392,3.0,True,0.00014157705551697675,3.9059969929244107,70.63291409391465
100.0,87.2910764842164,1.0,0.01,1.0,0.8,1.0,197.67057401878967,0.002865047968601901,1.1342122349510359e-10,113.42122349510359,3.0,True,0.0002645007616347491,3.9059969929244107,37.80707449836786
100.0,87.2910764842164,1.0,0.01,1.0,0.8,2.0,197.67057401878967,0.0008208499862389881,3.249572459709888e-11,32.495724597098885,3.0,True,0.0009231983706151398,3.9059969929244107,10.831908199032961
100.0,87.2910764842164,1.0,0.01,1.0,0.8,5.0,197.67057401878967,1.9304541362277093e-05,7.642261924814353e-13,0.7642261924814353,3.0,False,0.03925539361925071,3.9059969929244107,0.25474206416047845
100.0,87.2910764842164,1.0,0.01,1.0,0.8,10.0,197.67057401878967,3.726653172078671e-08,1.4753036142893401e-15,0.0014753036142893402,3.0,False,20.334797332175672,3.9059969929244107,0.0004917678714297801
100.0,87.2910764842164,1.0,0.01,1.0,3.0,0.5,197.67057401878967,0.008464817248906142,3.351043122331737e-10,335.1043122331737,3.0,True,8.952436272776245e-05,14.64748872346654,111.7014374110579
100.0,87.2910764842164,1.0,0.01,1.0,3.0,1.0,197.67057401878967,0.007165313105737893,2.8365967623741973e-10,283.6596762374197,3.0,True,0.0001057605381136033,14.64748872346654,94.55322541247324
100.0,87.2910764842164,1.0,0.01,1.0,3.0,2.0,197.67057401878967,0.005134171190325921,2.0325103957133513e-10,203.25103957133513,3.0,True,0.0001476007210751357,14.64748872346654,67.75034652377838
100.0,87.2910764842164,1.0,0.01,1.0,3.0,5.0,197.67057401878967,0.0018887560283756184,7.477187885501747e-11,74.77187885501746,3.0,True,0.0004012203579659935,14.64748872346654,24.923959618339154
100.0,87.2910764842164,1.0,0.01,1.0,3.0,10.0,197.67057401878967,0.00035673993347252396,1.4122583694038567e-11,14.122583694038566,3.0,True,0.002124257193296976,14.64748872346654,4.707527898012856
100.0,87.2910764842164,1.0,0.01,1.0,9.6,0.5,197.67057401878967,0.009492497594001751,3.7578801574529816e-10,375.78801574529814,3.0,True,7.983224249581555e-05,46.87196391509293,125.26267191509938
100.0,87.2910764842164,1.0,0.01,1.0,9.6,1.0,197.67057401878967,0.009010751057212905,3.5671668353169357e-10,356.71668353169355,3.0,True,8.41003557865119e-05,46.87196391509293,118.90556117723119
100.0,87.2910764842164,1.0,0.01,1.0,9.6,2.0,197.67057401878967,0.00811936346150635,3.2142852332586894e-10,321.4285233258689,3.0,True,9.333334730093495e-05,46.87196391509293,107.14284110862297
100.0,87.2910764842164,1.0,0.01,1.0,9.6,5.0,197.67057401878967,0.0059402532055363505,2.3516213125444594e-10,235.16213125444594,3.0,True,0.00012757156026766886,46.87196391509293,78.38737708481531
100.0,87.2910764842164,1.0,0.01,1.0,9.6,10.0,197.67057401878967,0.003528660814588489,1.3969226040049826e-10,139.69226040049827,3.0,True,0.00021475778195577825,46.87196391509293,46.56408680016609
100.0,87.2910764842164,1.0,0.01,5.0,0.8,0.5,197.67057401878967,0.005352614285189903,2.1189874228174392e-10,211.89874228174392,15.0,True,0.0007078852775848837,2.61844666297713,70.63291409391465
100.0,87.2910764842164,1.0,0.01,5.0,0.8,1.0,197.67057401878967,0.002865047968601901,1.1342122349510359e-10,113.42122349510359,15.0,True,0.0013225038081737456,2.61844666297713,37.80707449836786
100.0,87.2910764842164,1.0,0.01,5.0,0.8,2.0,197.67057401878967,0.0008208499862389881,3.249572459709888e-11,32.495724597098885,15.0,True,0.0046159918530756985,2.61844666297713,10.831908199032961
100.0,87.2910764842164,1.0,0.01,5.0,0.8,5.0,197.67057401878967,1.9304541362277093e-05,7.642261924814353e-13,0.7642261924814353,15.0,False,0.19627696809625353,2.61844666297713,0.25474206416047845
100.0,87.2910764842164,1.0,0.01,5.0,0.8,10.0,197.67057401878967,3.726653172078671e-08,1.4753036142893401e-15,0.0014753036142893402,15.0,False,101.67398666087836,2.61844666297713,0.0004917678714297801
100.0,87.2910764842164,1.0,0.01,5.0,3.0,0.5,197.67057401878967,0.008464817248906142,3.351043122331737e-10,335.1043122331737,15.0,True,0.0004476218136388122,9.819174986164239,111.7014374110579
100.0,87.2910764842164,1.0,0.01,5.0,3.0,1.0,197.67057401878967,0.007165313105737893,2.8365967623741973e-10,283.6596762374197,15.0,True,0.0005288026905680165,9.819174986164239,94.55322541247324
100.0,87.2910764842164,1.0,0.01,5.0,3.0,2.0,197.67057401878967,0.005134171190325921,2.0325103957133513e-10,203.25103957133513,15.0,True,0.0007380036053756785,9.819174986164239,67.75034652377838
100.0,87.2910764842164,1.0,0.01,5.0,3.0,5.0,197.67057401878967,0.0018887560283756184,7.477187885501747e-11,74.77187885501746,15.0,True,0.002006101789829967,9.819174986164239,24.923959618339154
100.0,87.2910764842164,1.0,0.01,5.0,3.0,10.0,197.67057401878967,0.00035673993347252396,1.4122583694038567e-11,14.122583694038566,15.0,False,0.01062128596648488,9.819174986164239,4.707527898012856
100.0,87.2910764842164,1.0,0.01,5.0,9.6,0.5,197.67057401878967,0.009492497594001751,3.7578801574529816e-10,375.78801574529814,15.0,True,0.0003991612124790777,31.42135995572556,125.26267191509938
100.0,87.2910764842164,1.0,0.01,5.0,9.6,1.0,197.67057401878967,0.009010751057212905,3.5671668353169357e-10,356.71668353169355,15.0,True,0.0004205017789325595,31.42135995572556,118.90556117723119
100.0,87.2910764842164,1.0,0.01,5.0,9.6,2.0,197.67057401878967,0.00811936346150635,3.2142852332586894e-10,321.4285233258689,15.0,True,0.00046666673650467476,31.42135995572556,107.14284110862297
100.0,87.2910764842164,1.0,0.01,5.0,9.6,5.0,197.67057401878967,0.0059402532055363505,2.3516213125444594e-10,235.16213125444594,15.0,True,0.0006378578013383442,31.42135995572556,78.38737708481531
100.0,87.2910764842164,1.0,0.01,5.0,9.6,10.0,197.67057401878967,0.003528660814588489,1.3969226040049826e-10,139.69226040049827,15.0,True,0.0010737889097788911,31.42135995572556,46.56408680016609
100.0,87.2910764842164,1.0,0.01,10.0,0.8,0.5,197.67057401878967,0.005352614285189903,2.1189874228174392e-10,211.89874228174392,30.0,True,0.0014157705551697674,2.063928918529174,70.63291409391465
100.0,87.2910764842164,1.0,0.01,10.0,0.8,1.0,197.67057401878967,0.002865047968601901,1.1342122349510359e-10,113.42122349510359,30.0,True,0.0026450076163474913,2.063928918529174,37.80707449836786
100.0,87.2910764842164,1.0,0.01,10.0,0.8,2.0,197.67057401878967,0.0008208499862389881,3.249572459709888e-11,32.495724597098885,30.0,True,0.009231983706151397,2.063928918529174,10.831908199032961
100.0,87.2910764842164,1.0,0.01,10.0,0.8,5.0,197.67057401878967,1.9304541362277093e-05,7.642261924814353e-13,0.7642261924814353,30.0,False,0.39255393619250706,2.063928918529174,0.25474206416047845
100.0,87.2910764842164,1.0,0.01,10.0,0.8,10.0,197.67057401878967,3.726653172078671e-08,1.4753036142893401e-15,0.0014753036142893402,30.0,False,203.3479733217567,2.063928918529174,0.0004917678714297801
100.0,87.2910764842164,1.0,0.01,10.0,3.0,0.5,197.67057401878967,0.008464817248906142,3.351043122331737e-10,335.1043122331737,30.0,True,0.0008952436272776244,7.7397334444844015,111.7014374110579
100.0,87.2910764842164,1.0,0.01,10.0,3.0,1.0,197.67057401878967,0.007165313105737893,2.8365967623741973e-10,283.6596762374197,30.0,True,0.001057605381136033,7.7397334444844015,94.55322541247324
100.0,87.2910764842164,1.0,0.01,10.0,3.0,2.0,197.67057401878967,0.005134171190325921,2.0325103957133513e-10,203.25103957133513,30.0,True,0.001476007210751357,7.7397334444844015,67.75034652377838
100.0,87.2910764842164,1.0,0.01,10.0,3.0,5.0,197.67057401878967,0.0018887560283756184,7.477187885501747e-11,74.77187885501746,30.0,True,0.004012203579659934,7.7397334444844015,24.923959618339154
100.0,87.2910764842164,1.0,0.01,10.0,3.0,10.0,197.67057401878967,0.00035673993347252396,1.4122583694038567e-11,14.122583694038566,30.0,False,0.02124257193296976,7.7397334444844015,4.707527898012856
100.0,87.2910764842164,1.0,0.01,10.0,9.6,0.5,197.67057401878967,0.009492497594001751,3.7578801574529816e-10,375.78801574529814,30.0,True,0.0007983224249581554,24.767147022350084,125.26267191509938
100.0,87.2910764842164,1.0,0.01,10.0,9.6,1.0,197.67057401878967,0.009010751057212905,3.5671668353169357e-10,356.71668353169355,30.0,True,0.000841003557865119,24.767147022350084,118.90556117723119
100.0,87.2910764842164,1.0,0.01,10.0,9.6,2.0,197.67057401878967,0.00811936346150635,3.2142852332586894e-10,321.4285233258689,30.0,True,0.0009333334730093495,24.767147022350084,107.14284110862297
100.0,87.2910764842164,1.0,0.01,10.0,9.6,5.0,197.67057401878967,0.0059402532055363505,2.3516213125444594e-10,235.16213125444594,30.0,True,0.0012757156026766885,24.767147022350084,78.38737708481531
100.0,87.2910764842164,1.0,0.01,10.0,9.6,10.0,197.67057401878967,0.003528660814588489,1.3969226040049826e-10,139.69226040049827,30.0,True,0.0021475778195577822,24.767147022350084,46.56408680016609
100.0,87.2910764842164,1.0,0.01,50.0,0.8,0.5,197.67057401878967,0.005352614285189903,2.1189874228174392e-10,211.89874228174392,150.0,True,0.007078852775848837,0.7763785885818935,70.63291409391465
100.0,87.2910764842164,1.0,0.01,50.0,0.8,1.0,197.67057401878967,0.002865047968601901,1.1342122349510359e-10,113.42122349510359,150.0,False,0.013225038081737455,0.7763785885818935,37.80707449836786
100.0,87.2910764842164,1.0,0.01,50.0,0.8,2.0,197.67057401878967,0.0008208499862389881,3.249572459709888e-11,32.495724597098885,150.0,False,0.04615991853075698,0.7763785885818935,10.831908199032961
100.0,87.2910764842164,1.0,0.01,50.0,0.8,5.0,197.67057401878967,1.9304541362277093e-05,7.642261924814353e-13,0.7642261924814353,150.0,False,1.9627696809625355,0.7763785885818935,0.25474206416047845
100.0,87.2910764842164,1.0,0.01,50.0,0.8,10.0,197.67057401878967,3.726653172078671e-08,1.4753036142893401e-15,0.0014753036142893402,150.0,False,1016.7398666087835,0.7763785885818935,0.0004917678714297801
100.0,87.2910764842164,1.0,0.01,50.0,3.0,0.5,197.67057401878967,0.008464817248906142,3.351043122331737e-10,335.1043122331737,150.0,True,0.004476218136388122,2.9114197071821004,111.7014374110579
100.0,87.2910764842164,1.0,0.01,50.0,3.0,1.0,197.67057401878967,0.007165313105737893,2.8365967623741973e-10,283.6596762374197,150.0,True,0.005288026905680165,2.9114197071821004,94.55322541247324
100.0,87.2910764842164,1.0,0.01,50.0,3.0,2.0,197.67057401878967,0.005134171190325921,2.0325103957133513e-10,203.25103957133513,150.0,True,0.007380036053756784,2.9114197071821004,67.75034652377838
100.0,87.2910764842164,1.0,0.01,50.0,3.0,5.0,197.67057401878967,0.0018887560283756184,7.477187885501747e-11,74.77187885501746,150.0,False,0.02006101789829967,2.9114197071821004,24.923959618339154
100.0,87.2910764842164,1.0,0.01,50.0,3.0,10.0,197.67057401878967,0.00035673993347252396,1.4122583694038567e-11,14.122583694038566,150.0,False,0.1062128596648488,2.9114197071821004,4.707527898012856
100.0,87.2910764842164,1.0,0.01,50.0,9.6,0.5,197.67057401878967,0.009492497594001751,3.7578801574529816e-10,375.78801574529814,150.0,True,0.003991612124790778,9.31654306298272,125.26267191509938
100.0,87.2910764842164,1.0,0.01,50.0,9.6,1.0,197.67057401878967,0.009010751057212905,3.5671668353169357e-10,356.71668353169355,150.0,True,0.004205017789325595,9.31654306298272,118.90556117723119
100.0,87.2910764842164,1.0,0.01,50.0,9.6,2.0,197.67057401878967,0.00811936346150635,3.2142852332586894e-10,321.4285233258689,150.0,True,0.004666667365046747,9.31654306298272,107.14284110862297
100.0,87.2910764842164,1.0,0.01,50.0,9.6,5.0,197.67057401878967,0.0059402532055363505,2.3516213125444594e-10,235.16213125444594,150.0,True,0.006378578013383442,9.31654306298272,78.38737708481531
100.0,87.2910764842164,1.0,0.01,50.0,9.6,10.0,197.67057401878967,0.003528660814588489,1.3969226040049826e-10,139.69226040049827,150.0,False,0.010737889097788913,9.31654306298272,46.56408680016609
100.0,87.2910764842164,1.0,0.01,100.0,0.8,0.5,197.67057401878967,0.005352614285189903,2.1189874228174392e-10,211.89874228174392,300.0,False,0.014157705551697673,0.2218608441339372,70.63291409391465
100.0,87.2910764842164,1.0,0.01,100.0,0.8,1.0,197.67057401878967,0.002865047968601901,1.1342122349510359e-10,113.42122349510359,300.0,False,0.02645007616347491,0.2218608441339372,37.80707449836786
100.0,87.2910764842164,1.0,0.01,100.0,0.8,2.0,197.67057401878967,0.0008208499862389881,3.249572459709888e-11,32.495724597098885,300.0,False,0.09231983706151396,0.2218608441339372,10.831908199032961
100.0,87.2910764842164,1.0,0.01,100.0,0.8,5.0,197.67057401878967,1.9304541362277093e-05,7.642261924814353e-13,0.7642261924814353,300.0,False,3.925539361925071,0.2218608441339372,0.25474206416047845
100.0,87.2910764842164,1.0,0.01,100.0,0.8,10.0,197.67057401878967,3.726653172078671e-08,1.4753036142893401e-15,0.0014753036142893402,300.0,False,2033.479733217567,0.2218608441339372,0.0004917678714297801
100.0,87.2910764842164,1.0,0.01,100.0,3.0,0.5,197.67057401878967,0.008464817248906142,3.351043122331737e-10,335.1043122331737,300.0,True,0.008952436272776244,0.8319781655022644,111.7014374110579
100.0,87.2910764842164,1.0,0.01,100.0,3.0,1.0,197.67057401878967,0.007165313105737893,2.8365967623741973e-10,283.6596762374197,300.0,False,0.01057605381136033,0.8319781655022644,94.55322541247324
100.0,87.2910764842164,1.0,0.01,100.0,3.0,2.0,197.67057401878967,0.005134171190325921,2.0325103957133513e-10,203.25103957133513,300.0,False,0.014760072107513568,0.8319781655022644,67.75034652377838
100.0,87.2910764842164,1.0,0.01,100.0,3.0,5.0,197.67057401878967,0.0018887560283756184,7.477187885501747e-11,74.77187885501746,300.0,False,0.04012203579659934,0.8319781655022644,24.923959618339154
100.0,87.2910764842164,1.0,0.01,100.0,3.0,10.0,197.67057401878967,0.00035673993347252396,1.4122583694038567e-11,14.122583694038566,300.0,False,0.2124257193296976,0.8319781655022644,4.707527898012856
100.0,87.2910764842164,1.0,0.01,100.0,9.6,0.5,197.67057401878967,0.009492497594001751,3.7578801574529816e-10,375.78801574529814,300.0,True,0.007983224249581556,2.662330129607246,125.26267191509938
100.0,87.2910764842164,1.0,0.01,100.0,9.6,1.0,197.67057401878967,0.009010751057212905,3.5671668353169357e-10,356.71668353169355,300.0,True,0.00841003557865119,2.662330129607246,118.90556117723119
100.0,87.2910764842164,1.0,0.01,100.0,9.6,2.0,197.67057401878967,0.00811936346150635,3.2142852332586894e-10,321.4285233258689,300.0,True,0.009333334730093495,2.662330129607246,107.14284110862297
100.0,87.2910764842164,1.0,0.01,100.0,9.6,5.0,197.67057401878967,0.0059402532055363505,2.3516213125444594e-10,235.16213125444594,300.0,False,0.012757156026766884,2.662330129607246,78.38737708481531
100.0,87.2910764842164,1.0,0.01,100.0,9.6,10.0,197.67057401878967,0.003528660814588489,1.3969226040049826e-10,139.69226040049827,300.0,False,0.021475778195577826,2.662330129607246,46.56408680016609
100.0,87.2910764842164,1.0,0.03,1.0,0.8,0.5,197.67057401878967,0.016057842855569708,6.356962268452317e-10,635.6962268452318,3.0,True,0.00014157705551697675,4.784886823858898,211.89874228174392
100.0,87.2910764842164,1.0,0.03,1.0,0.8,1.0,197.67057401878967,0.008595143905805703,3.402636704853108e-10,340.2636704853108,3.0,True,0.0002645007616347491,4.784886823858898,113.42122349510359
100.0,87.2910764842164,1.0,0.03,1.0,0.8,2.0,197.67057401878967,0.002462549958716964,9.748717379129663e-11,97.48717379129663,3.0,True,0.0009231983706151398,4.784886823858898,32.49572459709888
100.0,87.2910764842164,1.0,0.03,1.0,0.8,5.0,197.67057401878967,5.791362408683128e-05,2.292678577444306e-12,2.292678577444306,3.0,False,0.03925539361925071,4.784886823858898,0.7642261924814353
100.0,87.2910764842164,1.0,0.03,1.0,0.8,10.0,197.67057401878967,1.1179959516236012e-07,4.4259108428680206e-15,0.004425910842868021,3.0,False,20.334797332175672,4.784886823858898,0.0014753036142893402
100.0,87.2910764842164,1.0,0.03,1.0,3.0,0.5,197.67057401878967,0.02539445174671842,1.005312936699521e-09,1005.3129366995211,3.0,True,8.952436272776245e-05,17.943325589470867,335.10431223317363
100.0,87.2910764842164,1.0,0.03,1.0,3.0,1.0,197.67057401878967,0.021495939317213678,8.509790287122592e-10,850.9790287122592,3.0,True,0.0001057605381136033,17.943325589470867,283.6596762374197
100.0,87.2910764842164,1.0,0.03,1.0,3.0,2.0,197.67057401878967,0.01540251357097776,6.097531187140053e-10,609.7531187140053,3.0,True,0.0001476007210751357,17.943325589470867,203.2510395713351
100.0,87.2910764842164,1.0,0.03,1.0,3.0,5.0,197.67057401878967,0.005666268085126855,2.243156365650524e-10,224.3156365650524,3.0,True,0.0004012203579659935,17.943325589470867,74.77187885501746
100.0,87.2910764842164,1.0,0.03,1.0,3.0,10.0,197.67057401878967,0.0010702198004175717,4.236775108211569e-11,42.36775108211569,3.0,True,0.002124257193296976,17.943325589470867,14.122583694038564
100.0,87.2910764842164,1.0,0.03,1.0,9.6,0.5,197.67057401878967,0.028477492782005256,1.1273640472358947e-09,1127.3640472358948,3.0,True,7.983224249581555e-05,57.41864188630677,375.7880157452982
100.0,87.2910764842164,1.0,0.03,1.0,9.6,1.0,197.67057401878967,0.027032253171638716,1.0701500505950809e-09,1070.1500505950808,3.0,True,8.41003557865119e-05,57.41864188630677,356.7166835316936
100.0,87.2910764842164,1.0,0.03,1.0,9.6,2.0,197.67057401878967,0.024358090384519047,9.642855699776069e-10,964.2855699776069,3.0,True,9.333334730093495e-05,57.41864188630677,321.4285233258689
100.0,87.2910764842164,1.0,0.03,1.0,9.6,5.0,197.67057401878967,0.01782075961660905,7.054863937633378e-10,705.4863937633378,3.0,True,0.00012757156026766886,57.41864188630677,235.16213125444594
100.0,87.2910764842164,1.0,0.03,1.0,9.6,10.0,197.67057401878967,0.010585982443765466,4.190767812014947e-10,419.0767812014947,3.0,True,0.00021475778195577825,57.41864188630677,139.69226040049824
100.0,87.2910764842164,1.0,0.03,5.0,0.8,0.5,197.67057401878967,0.016057842855569708,6.356962268452317e-10,635.6962268452318,15.0,True,0.0007078852775848837,3.4973364939116176,211.89874228174392
100.0,87.2910764842164,1.0,0.03,5.0,0.8,1.0,197.67057401878967,0.008595143905805703,3.402636704853108e-10,340.2636704853108,15.0,True,0.0013225038081737456,3.4973364939116176,113.42122349510359
100.0,87.2910764842164,1.0,0.03,5.0,0.8,2.0,197.67057401878967,0.002462549958716964,9.748717379129663e-11,97.48717379129663,15.0,True,0.0046159918530756985,3.4973364939116176,32.49572459709888
100.0,87.2910764842164,1.0,0.03,5.0,0.8,5.0,197.67057401878967,5.791362408683128e-05,2.292678577444306e-12,2.292678577444306,15.0,False,0.19627696809625353,3.4973364939116176,0.7642261924814353
100.0,87.2910764842164,1.0,0.03,5.0,0.8,10.0,197.67057401878967,1.1179959516236012e-07,4.4259108428680206e-15,0.004425910842868021,15.0,False,101.67398666087836,3.4973364939116176,0.0014753036142893402
100.0,87.2910764842164,1.0,0.03,5.0,3.0,0.5,197.67057401878967,0.02539445174671842,1.005312936699521e-09,1005.3129366995211,15.0,True,0.0004476218136388122,13.115011852168564,335.10431223317363
100.0,87.2910764842164,1.0,0.03,5.0,3.0,1.0,197.67057401878967,0.021495939317213678,8.509790287122592e-10,850.9790287122592,15.0,True,0.0005288026905680165,13.115011852168564,283.6596762374197
100.0,87.2910764842164,1.0,0.03,5.0,3.0,2.0,197.67057401878967,0.01540251357097776,6.097531187140053e-10,609.7531187140053,15.0,True,0.0007380036053756785,13.115011852168564,203.2510395713351
100.0,87.2910764842164,1.0,0.03,5.0,3.0,5.0,197.67057401878967,0.005666268085126855,2.243156365650524e-10,224.3156365650524,15.0,True,0.002006101789829967,13.115011852168564,74.77187885501746
100.0,87.2910764842164,1.0,0.03,5.0,3.0,10.0,197.67057401878967,0.0010702198004175717,4.236775108211569e-11,42.36775108211569,15.0,True,0.01062128596648488,13.115011852168564,14.122583694038564
100.0,87.2910764842164,1.0,0.03,5.0,9.6,0.5,197.67057401878967,0.028477492782005256,1.1273640472358947e-09,1127.3640472358948,15.0,True,0.0003991612124790777,41.96803792693941,375.7880157452982
100.0,87.2910764842164,1.0,0.03,5.0,9.6,1.0,197.67057401878967,0.027032253171638716,1.0701500505950809e-09,1070.1500505950808,15.0,True,0.0004205017789325595,41.96803792693941,356.7166835316936
100.0,87.2910764842164,1.0,0.03,5.0,9.6,2.0,197.67057401878967,0.024358090384519047,9.642855699776069e-10,964.2855699776069,15.0,True,0.00046666673650467476,41.96803792693941,321.4285233258689
100.0,87.2910764842164,1.0,0.03,5.0,9.6,5.0,197.67057401878967,0.01782075961660905,7.054863937633378e-10,705.4863937633378,15.0,True,0.0006378578013383442,41.96803792693941,235.16213125444594
100.0,87.2910764842164,1.0,0.03,5.0,9.6,10.0,197.67057401878967,0.010585982443765466,4.190767812014947e-10,419.0767812014947,15.0,True,0.0010737889097788911,41.96803792693941,139.69226040049824
100.0,87.2910764842164,1.0,0.03,10.0,0.8,0.5,197.67057401878967,0.016057842855569708,6.356962268452317e-10,635.6962268452318,30.0,True,0.0014157705551697674,2.9428187494636617,211.89874228174392
100.0,87.2910764842164,1.0,0.03,10.0,0.8,1.0,197.67057401878967,0.008595143905805703,3.402636704853108e-10,340.2636704853108,30.0,True,0.0026450076163474913,2.9428187494636617,113.42122349510359
100.0,87.2910764842164,1.0,0.03,10.0,0.8,2.0,197.67057401878967,0.002462549958716964,9.748717379129663e-11,97.48717379129663,30.0,True,0.009231983706151397,2.9428187494636617,32.49572459709888
100.0,87.2910764842164,1.0,0.03,10.0,0.8,5.0,197.67057401878967,5.791362408683128e-05,2.292678577444306e-12,2.292678577444306,30.0,False,0.39255393619250706,2.9428187494636617,0.7642261924814353
100.0,87.2910764842164,1.0,0.03,10.0,0.8,10.0,197.67057401878967,1.1179959516236012e-07,4.4259108428680206e-15,0.004425910842868021,30.0,False,203.3479733217567,2.9428187494636617,0.0014753036142893402
100.0,87.2910764842164,1.0,0.03,10.0,3.0,0.5,197.67057401878967,0.02539445174671842,1.005312936699521e-09,1005.3129366995211,30.0,True,0.0008952436272776244,11.03557031048873,335.10431223317363
100.0,87.2910764842164,1.0,0.03,10.0,3.0,1.0,197.67057401878967,0.021495939317213678,8.509790287122592e-10,850.9790287122592,30.0,True,0.001057605381136033,11.03557031048873,283.6596762374197
100.0,87.2910764842164,1.0,0.03,10.0,3.0,2.0,197.67057401878967,0.01540251357097776,6.097531187140053e-10,609.7531187140053,30.0,True,0.001476007210751357,11.03557031048873,203.2510395713351
100.0,87.2910764842164,1.0,0.03,10.0,3.0,5.0,197.67057401878967,0.005666268085126855,2.243156365650524e-10,224.3156365650524,30.0,True,0.004012203579659934,11.03557031048873,74.77187885501746
100.0,87.2910764842164,1.0,0.03,10.0,3.0,10.0,197.67057401878967,0.0010702198004175717,4.236775108211569e-11,42.36775108211569,30.0,True,0.02124257193296976,11.03557031048873,14.122583694038564
100.0,87.2910764842164,1.0,0.03,10.0,9.6,0.5,197.67057401878967,0.028477492782005256,1.1273640472358947e-09,1127.3640472358948,30.0,True,0.0007983224249581554,35.313824993563934,375.7880157452982
100.0,87.2910764842164,1.0,0.03,10.0,9.6,1.0,197.67057401878967,0.027032253171638716,1.0701500505950809e-09,1070.1500505950808,30.0,True,0.000841003557865119,35.313824993563934,356.7166835316936
100.0,87.2910764842164,1.0,0.03,10.0,9.6,2.0,197.67057401878967,0.024358090384519047,9.642855699776069e-10,964.2855699776069,30.0,True,0.0009333334730093495,35.313824993563934,321.4285233258689
100.0,87.2910764842164,1.0,0.03,10.0,9.6,5.0,197.67057401878967,0.01782075961660905,7.054863937633378e-10,705.4863937633378,30.0,True,0.0012757156026766885,35.313824993563934,235.16213125444594
100.0,87.2910764842164,1.0,0.03,10.0,9.6,10.0,197.67057401878967,0.010585982443765466,4.190767812014947e-10,419.0767812014947,30.0,True,0.0021475778195577822,35.313824993563934,139.69226040049824
100.0,87.2910764842164,1.0,0.03,50.0,0.8,0.5,197.67057401878967,0.016057842855569708,6.356962268452317e-10,635.6962268452318,150.0,True,0.007078852775848837,1.6552684195163812,211.89874228174392
100.0,87.2910764842164,1.0,0.03,50.0,0.8,1.0,197.67057401878967,0.008595143905805703,3.402636704853108e-10,340.2636704853108,150.0,True,0.013225038081737455,1.6552684195163812,113.42122349510359
100.0,87.2910764842164,1.0,0.03,50.0,0.8,2.0,197.67057401878967,0.002462549958716964,9.748717379129663e-11,97.48717379129663,150.0,False,0.04615991853075698,1.6552684195163812,32.49572459709888
100.0,87.2910764842164,1.0,0.03,50.0,0.8,5.0,197.67057401878967,5.791362408683128e-05,2.292678577444306e-12,2.292678577444306,150.0,False,1.9627696809625355,1.6552684195163812,0.7642261924814353
100.0,87.2910764842164,1.0,0.03,50.0,0.8,10.0,197.67057401878967,1.1179959516236012e-07,4.4259108428680206e-15,0.004425910842868021,150.0,False,1016.7398666087835,1.6552684195163812,0.0014753036142893402
100.0,87.2910764842164,1.0,0.03,50.0,3.0,0.5,197.67057401878967,0.02539445174671842,1.005312936699521e-09,1005.3129366995211,150.0,True,0.004476218136388122,6.207256573186429,335.10431223317363
100.0,87.2910764842164,1.0,0.03,50.0,3.0,1.0,197.67057401878967,0.021495939317213678,8.509790287122592e-10,850.9790287122592,150.0,True,0.005288026905680165,6.207256573186429,283.6596762374197
100.0,87.2910764842164,1.0,0.03,50.0,3.0,2.0,197.67057401878967,0.01540251357097776,6.097531187140053e-10,609.7531187140053,150.0,True,0.007380036053756784,6.207256573186429,203.2510395713351
100.0,87.2910764842164,1.0,0.03,50.0,3.0,5.0,197.67057401878967,0.005666268085126855,2.243156365650524e-10,224.3156365650524,150.0,True,0.02006101789829967,6.207256573186429,74.77187885501746
100.0,87.2910764842164,1.0,0.03,50.0,3.0,10.0,197.67057401878967,0.0010702198004175717,4.236775108211569e-11,42.36775108211569,150.0,False,0.1062128596648488,6.207256573186429,14.122583694038564
100.0,87.2910764842164,1.0,0.03,50.0,9.6,0.5,197.67057401878967,0.028477492782005256,1.1273640472358947e-09,1127.3640472358948,150.0,True,0.003991612124790778,19.86322103419657,375.7880157452982
100.0,87.2910764842164,1.0,0.03,50.0,9.6,1.0,197.67057401878967,0.027032253171638716,1.0701500505950809e-09,1070.1500505950808,150.0,True,0.004205017789325595,19.86322103419657,356.7166835316936
100.0,87.2910764842164,1.0,0.03,50.0,9.6,2.0,197.67057401878967,0.024358090384519047,9.642855699776069e-10,964.2855699776069,150.0,True,0.004666667365046747,19.86322103419657,321.4285233258689
100.0,87.2910764842164,1.0,0.03,50.0,9.6,5.0,197.67057401878967,0.01782075961660905,7.054863937633378e-10,705.4863937633378,150.0,True,0.006378578013383442,19.86322103419657,235.16213125444594
100.0,87.2910764842164,1.0,0.03,50.0,9.6,10.0,197.67057401878967,0.010585982443765466,4.190767812014947e-10,419.0767812014947,150.0,True,0.010737889097788913,19.86322103419657,139.69226040049824
100.0,87.2910764842164,1.0,0.03,100.0,0.8,0.5,197.67057401878967,0.016057842855569708,6.356962268452317e-10,635.6962268452318,300.0,True,0.014157705551697673,1.1007506750684248,211.89874228174392
100.0,87.2910764842164,1.0,0.03,100.0,0.8,1.0,197.67057401878967,0.008595143905805703,3.402636704853108e-10,340.2636704853108,300.0,True,0.02645007616347491,1.1007506750684248,113.42122349510359
100.0,87.2910764842164,1.0,0.03,100.0,0.8,2.0,197.67057401878967,0.002462549958716964,9.748717379129663e-11,97.48717379129663,300.0,False,0.09231983706151396,1.1007506750684248,32.49572459709888
100.0,87.2910764842164,1.0,0.03,100.0,0.8,5.0,197.67057401878967,5.791362408683128e-05,2.292678577444306e-12,2.292678577444306,300.0,False,3.925539361925071,1.1007506750684248,0.7642261924814353
100.0,87.2910764842164,1.0,0.03,100.0,0.8,10.0,197.67057401878967,1.1179959516236012e-07,4.4259108428680206e-15,0.004425910842868021,300.0,False,2033.479733217567,1.1007506750684248,0.0014753036142893402
100.0,87.2910764842164,1.0,0.03,100.0,3.0,0.5,197.67057401878967,0.02539445174671842,1.005312936699521e-09,1005.3129366995211,300.0,True,0.008952436272776244,4.127815031506593,335.10431223317363
100.0,87.2910764842164,1.0,0.03,100.0,3.0,1.0,197.67057401878967,0.021495939317213678,8.509790287122592e-10,850.9790287122592,300.0,True,0.01057605381136033,4.127815031506593,283.6596762374197
100.0,87.2910764842164,1.0,0.03,100.0,3.0,2.0,197.67057401878967,0.01540251357097776,6.097531187140053e-10,609.7531187140053,300.0,True,0.014760072107513568,4.127815031506593,203.2510395713351
100.0,87.2910764842164,1.0,0.03,100.0,3.0,5.0,197.67057401878967,0.005666268085126855,2.243156365650524e-10,224.3156365650524,300.0,False,0.04012203579659934,4.127815031506593,74.77187885501746
100.0,87.2910764842164,1.0,0.03,100.0,3.0,10.0,197.67057401878967,0.0010702198004175717,4.236775108211569e-11,42.36775108211569,300.0,False,0.2124257193296976,4.127815031506593,14.122583694038564
100.0,87.2910764842164,1.0,0.03,100.0,9.6,0.5,197.67057401878967,0.028477492782005256,1.1273640472358947e-09,1127.3640472358948,300.0,True,0.007983224249581556,13.209008100821098,375.7880157452982
100.0,87.2910764842164,1.0,0.03,100.0,9.6,1.0,197.67057401878967,0.027032253171638716,1.0701500505950809e-09,1070.1500505950808,300.0,True,0.00841003557865119,13.209008100821098,356.7166835316936
100.0,87.2910764842164,1.0,0.03,100.0,9.6,2.0,197.67057401878967,0.024358090384519047,9.642855699776069e-10,964.2855699776069,300.0,True,0.009333334730093495,13.209008100821098,321.4285233258689
100.0,87.2910764842164,1.0,0.03,100.0,9.6,5.0,197.67057401878967,0.01782075961660905,7.054863937633378e-10,705.4863937633378,300.0,True,0.012757156026766884,13.209008100821098,235.16213125444594
100.0,87.2910764842164,1.0,0.03,100.0,9.6,10.0,197.67057401878967,0.010585982443765466,4.190767812014947e-10,419.0767812014947,300.0,True,0.021475778195577826,13.209008100821098,139.69226040049824
100.0,87.2910764842164,1.0,0.1,1.0,0.8,0.5,197.67057401878967,0.05352614285189903,2.1189874228174392e-09,2118.9874228174394,3.0,True,0.00014157705551697675,5.748065067319647,706.3291409391464
100.0,87.2910764842164,1.0,0.1,1.0,0.8,1.0,197.67057401878967,0.028650479686019012,1.134212234951036e-09,1134.212234951036,3.0,True,0.0002645007616347491,5.748065067319647,378.07074498367865
100.0,87.2910764842164,1.0,0.1,1.0,0.8,2.0,197.67057401878967,0.008208499862389881,3.249572459709888e-10,324.9572459709888,3.0,True,0.0009231983706151398,5.748065067319647,108.31908199032961
100.0,87.2910764842164,1.0,0.1,1.0,0.8,5.0,197.67057401878967,0.00019304541362277094,7.642261924814355e-12,7.642261924814354,3.0,True,0.03925539361925071,5.748065067319647,2.5474206416047847
100.0,87.2910764842164,1.0,0.1,1.0,0.8,10.0,197.67057401878967,3.726653172078671e-07,1.4753036142893402e-14,0.014753036142893403,3.0,False,20.334797332175672,5.748065067319647,0.0049176787142978014
100.0,87.2910764842164,1.0,0.1,1.0,3.0,0.5,197.67057401878967,0.08464817248906142,3.3510431223317372e-09,3351.0431223317373,3.0,True,8.952436272776245e-05,21.555244002448674,1117.014374110579
100.0,87.2910764842164,1.0,0.1,1.0,3.0,1.0,197.67057401878967,0.07165313105737893,2.8365967623741977e-09,2836.5967623741976,3.0,True,0.0001057605381136033,21.555244002448674,945.5322541247326
100.0,87.2910764842164,1.0,0.1,1.0,3.0,2.0,197.67057401878967,0.0513417119032592,2.032510395713351e-09,2032.5103957133508,3.0,True,0.0001476007210751357,21.555244002448674,677.5034652377836
100.0,87.2910764842164,1.0,0.1,1.0,3.0,5.0,197.67057401878967,0.018887560283756183,7.477187885501747e-10,747.7187885501746,3.0,True,0.0004012203579659935,21.555244002448674,249.23959618339154
100.0,87.2910764842164,1.0,0.1,1.0,3.0,10.0,197.67057401878967,0.0035673993347252395,1.4122583694038567e-10,141.22583694038568,3.0,True,0.002124257193296976,21.555244002448674,47.07527898012856
100.0,87.2910764842164,1.0,0.1,1.0,9.6,0.5,197.67057401878967,0.09492497594001753,3.757880157452983e-09,3757.880157452983,3.0,True,7.983224249581555e-05,68.97678080783575,1252.6267191509944
100.0,87.2910764842164,1.0,0.1,1.0,9.6,1.0,197.67057401878967,0.09010751057212907,3.5671668353169366e-09,3567.1668353169366,3.0,True,8.41003557865119e-05,68.97678080783575,1189.0556117723122
100.0,87.2910764842164,1.0,0.1,1.0,9.6,2.0,197.67057401878967,0.0811936346150635,3.2142852332586897e-09,3214.28523325869,3.0,True,9.333334730093495e-05,68.97678080783575,1071.4284110862297
100.0,87.2910764842164,1.0,0.1,1.0,9.6,5.0,197.67057401878967,0.0594025320553635,2.3516213125444593e-09,2351.621312544459,3.0,True,0.00012757156026766886,68.97678080783575,783.8737708481531
100.0,87.2910764842164,1.0,0.1,1.0,9.6,10.0,197.67057401878967,0.03528660814588489,1.3969226040049827e-09,1396.9226040049828,3.0,True,0.00021475778195577825,68.97678080783575,465.6408680016609
100.0,87.2910764842164,1.0,0.1,5.0,0.8,0.5,197.67057401878967,0.05352614285189903,2.1189874228174392e-09,2118.9874228174394,15.0,True,0.0007078852775848837,4.460514737372367,706.3291409391464
100.0,87.2910764842164,1.0,0.1,5.0,0.8,1.0,197.67057401878967,0.028650479686019012,1.134212234951036e-09,1134.212234951036,15.0,True,0.0013225038081737456,4.460514737372367,378.07074498367865
100.0,87.2910764842164,1.0,0.1,5.0,0.8,2.0,197.67057401878967,0.008208499862389881,3.249572459709888e-10,324.9572459709888,15.0,True,0.0046159918530756985,4.460514737372367,108.31908199032961
100.0,87.2910764842164,1.0,0.1,5.0,0.8,5.0,197.67057401878967,0.00019304541362277094,7.642261924814355e-12,7.642261924814354,15.0,False,0.19627696809625353,4.460514737372367,2.5474206416047847
100.0,87.2910764842164,1.0,0.1,5.0,0.8,10.0,197.67057401878967,3.726653172078671e-07,1.4753036142893402e-14,0.014753036142893403,15.0,False,101.67398666087836,4.460514737372367,0.0049176787142978014
100.0,87.2910764842164,1.0,0.1,5.0,3.0,0.5,197.67057401878967,0.08464817248906142,3.3510431223317372e-09,3351.0431223317373,15.0,True,0.0004476218136388122,16.726930265146375,1117.014374110579
100.0,87.2910764842164,1.0,0.1,5.0,3.0,1.0,197.67057401878967,0.07165313105737893,2.8365967623741977e-09,2836.5967623741976,15.0,True,0.0005288026905680165,16.726930265146375,945.5322541247326
100.0,87.2910764842164,1.0,0.1,5.0,3.0,2.0,197.67057401878967,0.0513417119032592,2.032510395713351e-09,2032.5103957133508,15.0,True,0.0007380036053756785,16.726930265146375,677.5034652377836
100.0,87.2910764842164,1.0,0.1,5.0,3.0,5.0,197.67057401878967,0.018887560283756183,7.477187885501747e-10,747.7187885501746,15.0,True,0.002006101789829967,16.726930265146375,249.23959618339154
100.0,87.2910764842164,1.0,0.1,5.0,3.0,10.0,197.67057401878967,0.0035673993347252395,1.4122583694038567e-10,141.22583694038568,15.0,True,0.01062128596648488,16.726930265146375,47.07527898012856
100.0,87.2910764842164,1.0,0.1,5.0,9.6,0.5,197.67057401878967,0.09492497594001753,3.757880157452983e-09,3757.880157452983,15.0,True,0.0003991612124790777,53.5261768484684,1252.6267191509944
100.0,87.2910764842164,1.0,0.1,5.0,9.6,1.0,197.67057401878967,0.09010751057212907,3.5671668353169366e-09,3567.1668353169366,15.0,True,0.0004205017789325595,53.5261768484684,1189.0556117723122
100.0,87.2910764842164,1.0,0.1,5.0,9.6,2.0,197.67057401878967,0.0811936346150635,3.2142852332586897e-09,3214.28523325869,15.0,True,0.00046666673650467476,53.5261768484684,1071.4284110862297
100.0,87.2910764842164,1.0,0.1,5.0,9.6,5.0,197.67057401878967,0.0594025320553635,2.3516213125444593e-09,2351.621312544459,15.0,True,0.0006378578013383442,53.5261768484684,783.8737708481531
100.0,87.2910764842164,1.0,0.1,5.0,9.6,10.0,197.67057401878967,0.03528660814588489,1.3969226040049827e-09,1396.9226040049828,15.0,True,0.0010737889097788911,53.5261768484684,465.6408680016609
100.0,87.2910764842164,1.0,0.1,10.0,0.8,0.5,197.67057401878967,0.05352614285189903,2.1189874228174392e-09,2118.9874228174394,30.0,True,0.0014157705551697674,3.9059969929244107,706.3291409391464
100.0,87.2910764842164,1.0,0.1,10.0,0.8,1.0,197.67057401878967,0.028650479686019012,1.134212234951036e-09,1134.212234951036,30.0,True,0.0026450076163474913,3.9059969929244107,378.07074498367865
100.0,87.2910764842164,1.0,0.1,10.0,0.8,2.0,197.67057401878967,0.008208499862389881,3.249572459709888e-10,324.9572459709888,30.0,True,0.009231983706151397,3.9059969929244107,108.31908199032961
100.0,87.2910764842164,1.0,0.1,10.0,0.8,5.0,197.67057401878967,0.00019304541362277094,7.642261924814355e-12,7.642261924814354,30.0,False,0.39255393619250706,3.9059969929244107,2.5474206416047847
100.0,87.2910764842164,1.0,0.1,10.0,0.8,10.0,197.67057401878967,3.726653172078671e-07,1.4753036142893402e-14,0.014753036142893403,30.0,False,203.3479733217567,3.9059969929244107,0.0049176787142978014
100.0,87.2910764842164,1.0,0.1,10.0,3.0,0.5,197.67057401878967,0.08464817248906142,3.3510431223317372e-09,3351.0431223317373,30.0,True,0.0008952436272776244,14.64748872346654,1117.014374110579
100.0,87.2910764842164,1.0,0.1,10.0,3.0,1.0,197.67057401878967,0.07165313105737893,2.8365967623741977e-09,2836.5967623741976,30.0,True,0.001057605381136033,14.64748872346654,945.5322541247326
100.0,87.2910764842164,1.0,0.1,10.0,3.0,2.0,197.67057401878967,0.0513417119032592,2.032510395713351e-09,2032.5103957133508,30.0,True,0.001476007210751357,14.64748872346654,677.5034652377836
100.0,87.2910764842164,1.0,0.1,10.0,3.0,5.0,197.67057401878967,0.018887560283756183,7.477187885501747e-10,747.7187885501746,30.0,True,0.004012203579659934,14.64748872346654,249.23959618339154
100.0,87.2910764842164,1.0,0.1,10.0,3.0,10.0,197.67057401878967,0.0035673993347252395,1.4122583694038567e-10,141.22583694038568,30.0,True,0.02124257193296976,14.64748872346654,47.07527898012856
100.0,87.2910764842164,1.0,0.1,10.0,9.6,0.5,197.67057401878967,0.09492497594001753,3.757880157452983e-09,3757.880157452983,30.0,True,0.0007983224249581554,46.87196391509293,1252.6267191509944
100.0,87.2910764842164,1.0,0.1,10.0,9.6,1.0,197.67057401878967,0.09010751057212907,3.5671668353169366e-09,3567.1668353169366,30.0,True,0.000841003557865119,46.87196391509293,1189.0556117723122
100.0,87.2910764842164,1.0,0.1,10.0,9.6,2.0,197.67057401878967,0.0811936346150635,3.2142852332586897e-09,3214.28523325869,30.0,True,0.0009333334730093495,46.87196391509293,1071.4284110862297
100.0,87.2910764842164,1.0,0.1,10.0,9.6,5.0,197.67057401878967,0.0594025320553635,2.3516213125444593e-09,2351.621312544459,30.0,True,0.0012757156026766885,46.87196391509293,783.8737708481531
100.0,87.2910764842164,1.0,0.1,10.0,9.6,10.0,197.67057401878967,0.03528660814588489,1.3969226040049827e-09,1396.9226040049828,30.0,True,0.0021475778195577822,46.87196391509293,465.6408680016609
100.0,87.2910764842164,1.0,0.1,50.0,0.8,0.5,197.67057401878967,0.05352614285189903,2.1189874228174392e-09,2118.9874228174394,150.0,True,0.007078852775848837,2.61844666297713,706.3291409391464
100.0,87.2910764842164,1.0,0.1,50.0,0.8,1.0,197.67057401878967,0.028650479686019012,1.134212234951036e-09,1134.212234951036,150.0,True,0.013225038081737455,2.61844666297713,378.07074498367865
100.0,87.2910764842164,1.0,0.1,50.0,0.8,2.0,197.67057401878967,0.008208499862389881,3.249572459709888e-10,324.9572459709888,150.0,True,0.04615991853075698,2.61844666297713,108.31908199032961
100.0,87.2910764842164,1.0,0.1,50.0,0.8,5.0,197.67057401878967,0.00019304541362277094,7.642261924814355e-12,7.642261924814354,150.0,False,1.9627696809625355,2.61844666297713,2.5474206416047847
100.0,87.2910764842164,1.0,0.1,50.0,0.8,10.0,197.67057401878967,3.726653172078671e-07,1.4753036142893402e-14,0.014753036142893403,150.0,False,1016.7398666087835,2.61844666297713,0.0049176787142978014
100.0,87.2910764842164,1.0,0.1,50.0,3.0,0.5,197.67057401878967,0.08464817248906142,3.3510431223317372e-09,3351.0431223317373,150.0,True,0.004476218136388122,9.819174986164239,1117.014374110579
100.0,87.2910764842164,1.0,0.1,50.0,3.0,1.0,197.67057401878967,0.07165313105737893,2.8365967623741977e-09,2836.5967623741976,150.0,True,0.005288026905680165,9.819174986164239,945.5322541247326
100.0,87.2910764842164,1.0,0.1,50.0,3.0,2.0,197.67057401878967,0.0513417119032592,2.032510395713351e-09,2032.5103957133508,150.0,True,0.007380036053756784,9.819174986164239,677.5034652377836
100.0,87.2910764842164,1.0,0.1,50.0,3.0,5.0,197.67057401878967,0.018887560283756183,7.477187885501747e-10,747.7187885501746,150.0,True,0.02006101789829967,9.819174986164239,249.23959618339154
100.0,87.2910764842164,1.0,0.1,50.0,3.0,10.0,197.67057401878967,0.0035673993347252395,1.4122583694038567e-10,141.22583694038568,150.0,False,0.1062128596648488,9.819174986164239,47.07527898012856
100.0,87.2910764842164,1.0,0.1,50.0,9.6,0.5,197.67057401878967,0.09492497594001753,3.757880157452983e-09,3757.880157452983,150.0,True,0.003991612124790778,31.42135995572556,1252.6267191509944
100.0,87.2910764842164,1.0,0.1,50.0,9.6,1.0,197.67057401878967,0.09010751057212907,3.5671668353169366e-09,3567.1668353169366,150.0,True,0.004205017789325595,31.42135995572556,1189.0556117723122
100.0,87.2910764842164,1.0,0.1,50.0,9.6,2.0,197.67057401878967,0.0811936346150635,3.2142852332586897e-09,3214.28523325869,150.0,True,0.004666667365046747,31.42135995572556,1071.4284110862297
100.0,87.2910764842164,1.0,0.1,50.0,9.6,5.0,197.67057401878967,0.0594025320553635,2.3516213125444593e-09,2351.621312544459,150.0,True,0.006378578013383442,31.42135995572556,783.8737708481531
100.0,87.2910764842164,1.0,0.1,50.0,9.6,10.0,197.67057401878967,0.03528660814588489,1.3969226040049827e-09,1396.9226040049828,150.0,True,0.010737889097788913,31.42135995572556,465.6408680016609
100.0,87.2910764842164,1.0,0.1,100.0,0.8,0.5,197.67057401878967,0.05352614285189903,2.1189874228174392e-09,2118.9874228174394,300.0,True,0.014157705551697673,2.063928918529174,706.3291409391464
100.0,87.2910764842164,1.0,0.1,100.0,0.8,1.0,197.67057401878967,0.028650479686019012,1.134212234951036e-09,1134.212234951036,300.0,True,0.02645007616347491,2.063928918529174,378.07074498367865
100.0,87.2910764842164,1.0,0.1,100.0,0.8,2.0,197.67057401878967,0.008208499862389881,3.249572459709888e-10,324.9572459709888,300.0,True,0.09231983706151396,2.063928918529174,108.31908199032961
100.0,87.2910764842164,1.0,0.1,100.0,0.8,5.0,197.67057401878967,0.00019304541362277094,7.642261924814355e-12,7.642261924814354,300.0,False,3.925539361925071,2.063928918529174,2.5474206416047847
100.0,87.2910764842164,1.0,0.1,100.0,0.8,10.0,197.67057401878967,3.726653172078671e-07,1.4753036142893402e-14,0.014753036142893403,300.0,False,2033.479733217567,2.063928918529174,0.0049176787142978014
100.0,87.2910764842164,1.0,0.1,100.0,3.0,0.5,197.67057401878967,0.08464817248906142,3.3510431223317372e-09,3351.0431223317373,300.0,True,0.008952436272776244,7.7397334444844015,1117.014374110579
100.0,87.2910764842164,1.0,0.1,100.0,3.0,1.0,197.67057401878967,0.07165313105737893,2.8365967623741977e-09,2836.5967623741976,300.0,True,0.01057605381136033,7.7397334444844015,945.5322541247326
100.0,87.2910764842164,1.0,0.1,100.0,3.0,2.0,197.67057401878967,0.0513417119032592,2.032510395713351e-09,2032.5103957133508,300.0,True,0.014760072107513568,7.7397334444844015,677.5034652377836
100.0,87.2910764842164,1.0,0.1,100.0,3.0,5.0,197.67057401878967,0.018887560283756183,7.477187885501747e-10,747.7187885501746,300.0,True,0.04012203579659934,7.7397334444844015,249.23959618339154
100.0,87.2910764842164,1.0,0.1,100.0,3.0,10.0,197.67057401878967,0.0035673993347252395,1.4122583694038567e-10,141.22583694038568,300.0,False,0.2124257193296976,7.7397334444844015,47.07527898012856
100.0,87.2910764842164,1.0,0.1,100.0,9.6,0.5,197.67057401878967,0.09492497594001753,3.757880157452983e-09,3757.880157452983,300.0,True,0.007983224249581556,24.767147022350084,1252.6267191509944
100.0,87.2910764842164,1.0,0.1,100.0,9.6,1.0,197.67057401878967,0.09010751057212907,3.5671668353169366e-09,3567.1668353169366,300.0,True,0.00841003557865119,24.767147022350084,1189.0556117723122
100.0,87.2910764842164,1.0,0.1,100.0,9.6,2.0,197.67057401878967,0.0811936346150635,3.2142852332586897e-09,3214.28523325869,300.0,True,0.009333334730093495,24.767147022350084,1071.4284110862297
100.0,87.2910764842164,1.0,0.1,100.0,9.6,5.0,197.67057401878967,0.0594025320553635,2.3516213125444593e-09,2351.621312544459,300.0,True,0.012757156026766884,24.767147022350084,783.8737708481531
100.0,87.2910764842164,1.0,0.1,100.0,9.6,10.0,197.67057401878967,0.03528660814588489,1.3969226040049827e-09,1396.9226040049828,300.0,True,0.021475778195577826,24.767147022350084,465.6408680016609
100.0,87.2910764842164,10.0,0.01,1.0,0.8,0.5,179.3848768052562,0.005352614285189903,1.9229685535180454e-10,192.29685535180454,3.0,True,0.00015600879143403258,3.828342408774549,64.09895178393485
100.0,87.2910764842164,10.0,0.01,1.0,0.8,1.0,179.3848768052562,0.002865047968601901,1.029290894953165e-10,102.9290894953165,3.0,True,0.0002914627939205181,3.828342408774549,34.30969649843883
100.0,87.2910764842164,10.0,0.01,1.0,0.8,2.0,179.3848768052562,0.0008208499862389881,2.948967787685999e-11,29.48967787685999,3.0,True,0.0010173051101226324,3.828342408774549,9.829892625619996
100.0,87.2910764842164,10.0,0.01,1.0,0.8,5.0,179.3848768052562,1.9304541362277093e-05,6.935307496835674e-13,0.6935307496835673,3.0,False,0.043256914006607354,3.828342408774549,0.23117691656118913
100.0,87.2910764842164,10.0,0.01,1.0,0.8,10.0,179.3848768052562,3.726653172078671e-08,1.3388293043277466e-15,0.0013388293043277465,3.0,False,22.40763621099824,3.828342408774549,0.0004462764347759156
100.0,87.2910764842164,10.0,0.01,1.0,3.0,0.5,179.3848768052562,0.008464817248906142,3.0410518138700775e-10,304.10518138700775,3.0,True,9.865007844710696e-05,14.356284032904558,101.36839379566925
100.0,87.2910764842164,10.0,0.01,1.0,3.0,1.0,179.3848768052562,0.007165313105737893,2.5741947848864733e-10,257.4194784886473,3.0,True,0.00011654129740350264,14.356284032904558,85.8064928295491
100.0,87.2910764842164,10.0,0.01,1.0,3.0,2.0,179.3848768052562,0.005134171190325921,1.8444911628869185e-10,184.44911628869184,3.0,True,0.00016264648269198153,14.356284032904558,61.48303876289728
100.0,87.2910764842164,10.0,0.01,1.0,3.0,5.0,179.3848768052562,0.0018887560283756184,6.785503782485033e-11,67.85503782485033,3.0,True,0.000442118978364392,14.356284032904558,22.618345941616774
100.0,87.2910764842164,10.0,0.01,1.0,3.0,10.0,179.3848768052562,0.00035673993347252396,1.2816161174734165e-11,12.816161174734166,3.0,True,0.0023407945320742477,14.356284032904558,4.272053724911388
100.0,87.2910764842164,10.0,0.01,1.0,9.6,0.5,179.3848768052562,0.009492497594001751,3.41025401701693e-10,341.025401701693,3.0,True,8.796998654734247e-05,45.940108905294586,113.67513390056433
100.0,87.2910764842164,10.0,0.01,1.0,9.6,1.0,179.3848768052562,0.009010751057212905,3.2371828051468024e-10,323.71828051468026,3.0,True,9.267317234078642e-05,45.940108905294586,107.9060935048934
100.0,87.2910764842164,10.0,0.01,1.0,9.6,2.0,179.3848768052562,0.00811936346150635,2.916944838386799e-10,291.6944838386799,3.0,True,0.00010284733398178125,45.940108905294586,97.2314946128933
100.0,87.2910764842164,10.0,0.01,1.0,9.6,5.0,179.3848768052562,0.0059402532055363505,2.1340824325390184e-10,213.40824325390184,3.0,True,0.0001405756382348717,45.940108905294586,71.13608108463394
100.0,87.2910764842164,10.0,0.01,1.0,9.6,10.0,179.3848768052562,0.003528660814588489,1.2676990010768717e-10,126.76990010768716,3.0,True,0.000236649235934681,45.940108905294586,42.25663336922906
100.0,87.2910764842164,10.0,0.01,5.0,0.8,0.5,179.3848768052562,0.005352614285189903,1.9229685535180454e-10,192.29685535180454,15.0,True,0.0007800439571701629,2.5407920788272684,64.09895178393485
100.0,87.2910764842164,10.0,0.01,5.0,0.8,1.0,179.3848768052562,0.002865047968601901,1.029290894953165e-10,102.9290894953165,15.0,True,0.0014573139696025905,2.5407920788272684,34.30969649843883
100.0,87.2910764842164,10.0,0.01,5.0,0.8,2.0,179.3848768052562,0.0008208499862389881,2.948967787685999e-11,29.48967787685999,15.0,True,0.0050865255506131616,2.5407920788272684,9.829892625619996
100.0,87.2910764842164,10.0,0.01,5.0,0.8,5.0,179.3848768052562,1.9304541362277093e-05,6.935307496835674e-13,0.6935307496835673,15.0,False,0.21628457003303675,2.5407920788272684,0.23117691656118913
100.0,87.2910764842164,10.0,0.01,5.0,0.8,10.0,179.3848768052562,3.726653172078671e-08,1.3388293043277466e-15,0.0013388293043277465,15.0,False,112.0381810549912,2.5407920788272684,0.0004462764347759156
100.0,87.2910764842164,10.0,0.01,5.0,3.0,0.5,179.3848768052562,0.008464817248906142,3.0410518138700775e-10,304.10518138700775,15.0,True,0.0004932503922355347,9.527970295602255,101.36839379566925
100.0,87.2910764842164,10.0,0.01,5.0,3.0,1.0,179.3848768052562,0.007165313105737893,2.5741947848864733e-10,257.4194784886473,15.0,True,0.0005827064870175131,9.527970295602255,85.8064928295491
100.0,87.2910764842164,10.0,0.01,5.0,3.0,2.0,179.3848768052562,0.005134171190325921,1.8444911628869185e-10,184.44911628869184,15.0,True,0.0008132324134599076,9.527970295602255,61.48303876289728
100.0,87.2910764842164,10.0,0.01,5.0,3.0,5.0,179.3848768052562,0.0018887560283756184,6.785503782485033e-11,67.85503782485033,15.0,True,0.00221059489182196,9.527970295602255,22.618345941616774
100.0,87.2910764842164,10.0,0.01,5.0,3.0,10.0,179.3848768052562,0.00035673993347252396,1.2816161174734165e-11,12.816161174734166,15.0,False,0.011703972660371237,9.527970295602255,4.272053724911388
100.0,87.2910764842164,10.0,0.01,5.0,9.6,0.5,179.3848768052562,0.009492497594001751,3.41025401701693e-10,341.025401701693,15.0,True,0.0004398499327367123,30.48950494592722,113.67513390056433
100.0,87.2910764842164,10.0,0.01,5.0,9.6,1.0,179.3848768052562,0.009010751057212905,3.2371828051468024e-10,323.71828051468026,15.0,True,0.00046336586170393204,30.48950494592722,107.9060935048934
100.0,87.2910764842164,10.0,0.01,5.0,9.6,2.0,179.3848768052562,0.00811936346150635,2.916944838386799e-10,291.6944838386799,15.0,True,0.0005142366699089062,30.48950494592722,97.2314946128933
100.0,87.2910764842164,10.0,0.01,5.0,9.6,5.0,179.3848768052562,0.0059402532055363505,2.1340824325390184e-10,213.40824325390184,15.0,True,0.0007028781911743586,30.48950494592722,71.13608108463394
100.0,87.2910764842164,10.0,0.01,5.0,9.6,10.0,179.3848768052562,0.003528660814588489,1.2676990010768717e-10,126.76990010768716,15.0,True,0.0011832461796734048,30.48950494592722,42.25663336922906
100.0,87.2910764842164,10.0,0.01,10.0,0.8,0.5,179.3848768052562,0.005352614285189903,1.9229685535180454e-10,192.29685535180454,30.0,True,0.0015600879143403258,1.9862743343793121,64.09895178393485
100.0,87.2910764842164,10.0,0.01,10.0,0.8,1.0,179.3848768052562,0.002865047968601901,1.029290894953165e-10,102.9290894953165,30.0,True,0.002914627939205181,1.9862743343793121,34.30969649843883
100.0,87.2910764842164,10.0,0.01,10.0,0.8,2.0,179.3848768052562,0.0008208499862389881,2.948967787685999e-11,29.48967787685999,30.0,False,0.010173051101226323,1.9862743343793121,9.829892625619996
100.0,87.2910764842164,10.0,0.01,10.0,0.8,5.0,179.3848768052562,1.9304541362277093e-05,6.935307496835674e-13,0.6935307496835673,30.0,False,0.4325691400660735,1.9862743343793121,0.23117691656118913
100.0,87.2910764842164,10.0,0.01,10.0,0.8,10.0,179.3848768052562,3.726653172078671e-08,1.3388293043277466e-15,0.0013388293043277465,30.0,False,224.0763621099824,1.9862743343793121,0.0004462764347759156
100.0,87.2910764842164,10.0,0.01,10.0,3.0,0.5,179.3848768052562,0.008464817248906142,3.0410518138700775e-10,304.10518138700775,30.0,True,0.0009865007844710694,7.44852875392242,101.36839379566925
100.0,87.2910764842164,10.0,0.01,10.0,3.0,1.0,179.3848768052562,0.007165313105737893,2.5741947848864733e-10,257.4194784886473,30.0,True,0.0011654129740350262,7.44852875392242,85.8064928295491
100.0,87.2910764842164,10.0,0.01,10.0,3.0,2.0,179.3848768052562,0.005134171190325921,1.8444911628869185e-10,184.44911628869184,30.0,True,0.0016264648269198152,7.44852875392242,61.48303876289728
100.0,87.2910764842164,10.0,0.01,10.0,3.0,5.0,179.3848768052562,0.0018887560283756184,6.785503782485033e-11,67.85503782485033,30.0,True,0.00442118978364392,7.44852875392242,22.618345941616774
100.0,87.2910764842164,10.0,0.01,10.0,3.0,10.0,179.3848768052562,0.00035673993347252396,1.2816161174734165e-11,12.816161174734166,30.0,False,0.023407945320742474,7.44852875392242,4.272053724911388
100.0,87.2910764842164,10.0,0.01,10.0,9.6,0.5,179.3848768052562,0.009492497594001751,3.41025401701693e-10,341.025401701693,30.0,True,0.0008796998654734247,23.835292012551744,113.67513390056433
100.0,87.2910764842164,10.0,0.01,10.0,9.6,1.0,179.3848768052562,0.009010751057212905,3.2371828051468024e-10,323.71828051468026,30.0,True,0.0009267317234078641,23.835292012551744,107.9060935048934
100.0,87.2910764842164,10.0,0.01,10.0,9.6,2.0,179.3848768052562,0.00811936346150635,2.916944838386799e-10,291.6944838386799,30.0,True,0.0010284733398178124,23.835292012551744,97.2314946128933
100.0,87.2910764842164,10.0,0.01,10.0,9.6,5.0,179.3848768052562,0.0059402532055363505,2.1340824325390184e-10,213.40824325390184,30.0,True,0.0014057563823487171,23.835292012551744,71.13608108463394
100.0,87.2910764842164,10.0,0.01,10.0,9.6,10.0,179.3848768052562,0.003528660814588489,1.2676990010768717e-10,126.76990010768716,30.0,True,0.0023664923593468097,23.835292012551744,42.25663336922906
100.0,87.2910764842164,10.0,0.01,50.0,0.8,0.5,179.3848768052562,0.005352614285189903,1.9229685535180454e-10,192.29685535180454,150.0,True,0.007800439571701629,0.6987240044320319,64.09895178393485
100.0,87.2910764842164,10.0,0.01,50.0,0.8,1.0,179.3848768052562,0.002865047968601901,1.029290894953165e-10,102.9290894953165,150.0,False,0.014573139696025906,0.6987240044320319,34.30969649843883
100.0,87.2910764842164,10.0,0.01,50.0,0.8,2.0,179.3848768052562,0.0008208499862389881,2.948967787685999e-11,29.48967787685999,150.0,False,0.050865255506131614,0.6987240044320319,9.829892625619996
100.0,87.2910764842164,10.0,0.01,50.0,0.8,5.0,179.3848768052562,1.9304541362277093e-05,6.935307496835674e-13,0.6935307496835673,150.0,False,2.1628457003303674,0.6987240044320319,0.23117691656118913
100.0,87.2910764842164,10.0,0.01,50.0,0.8,10.0,179.3848768052562,3.726653172078671e-08,1.3388293043277466e-15,0.0013388293043277465,150.0,False,1120.381810549912,0.6987240044320319,0.0004462764347759156
100.0,87.2910764842164,10.0,0.01,50.0,3.0,0.5,179.3848768052562,0.008464817248906142,3.0410518138700775e-10,304.10518138700775,150.0,True,0.004932503922355348,2.6202150166201195,101.36839379566925
100.0,87.2910764842164,10.0,0.01,50.0,3.0,1.0,179.3848768052562,0.007165313105737893,2.5741947848864733e-10,257.4194784886473,150.0,True,0.0058270648701751315,2.6202150166201195,85.8064928295491
100.0,87.2910764842164,10.0,0.01,50.0,3.0,2.0,179.3848768052562,0.005134171190325921,1.8444911628869185e-10,184.44911628869184,150.0,True,0.008132324134599076,2.6202150166201195,61.48303876289728
100.0,87.2910764842164,10.0,0.01,50.0,3.0,5.0,179.3848768052562,0.0018887560283756184,6.785503782485033e-11,67.85503782485033,150.0,False,0.0221059489182196,2.6202150166201195,22.618345941616774
100.0,87.2910764842164,10.0,0.01,50.0,3.0,10.0,179.3848768052562,0.00035673993347252396,1.2816161174734165e-11,12.816161174734166,150.0,False,0.11703972660371238,2.6202150166201195,4.272053724911388
100.0,87.2910764842164,10.0,0.01,50.0,9.6,0.5,179.3848768052562,0.009492497594001751,3.41025401701693e-10,341.025401701693,150.0,True,0.004398499327367123,8.384688053184382,113.67513390056433
100.0,87.2910764842164,10.0,0.01,50.0,9.6,1.0,179.3848768052562,0.009010751057212905,3.2371828051468024e-10,323.71828051468026,150.0,True,0.00463365861703932,8.384688053184382,107.9060935048934
100.0,87.2910764842164,10.0,0.01,50.0,9.6,2.0,179.3848768052562,0.00811936346150635,2.916944838386799e-10,291.6944838386799,150.0,True,0.005142366699089062,8.384688053184382,97.2314946128933
100.0,87.2910764842164,10.0,0.01,50.0,9.6,5.0,179.3848768052562,0.0059402532055363505,2.1340824325390184e-10,213.40824325390184,150.0,True,0.007028781911743585,8.384688053184382,71.13608108463394
100.0,87.2910764842164,10.0,0.01,50.0,9.6,10.0,179.3848768052562,0.003528660814588489,1.2676990010768717e-10,126.76990010768716,150.0,False,0.01183246179673405,8.384688053184382,42.25663336922906
100.0,87.2910764842164,10.0,0.01,100.0,0.8,0.5,179.3848768052562,0.005352614285189903,1.9229685535180454e-10,192.29685535180454,300.0,False,0.015600879143403258,0.14420625998407555,64.09895178393485
100.0,87.2910764842164,10.0,0.01,100.0,0.8,1.0,179.3848768052562,0.002865047968601901,1.029290894953165e-10,102.9290894953165,300.0,False,0.029146279392051812,0.14420625998407555,34.30969649843883
100.0,87.2910764842164,10.0,0.01,100.0,0.8,2.0,179.3848768052562,0.0008208499862389881,2.948967787685999e-11,29.48967787685999,300.0,False,0.10173051101226323,0.14420625998407555,9.829892625619996
100.0,87.2910764842164,10.0,0.01,100.0,0.8,5.0,179.3848768052562,1.9304541362277093e-05,6.935307496835674e-13,0.6935307496835673,300.0,False,4.325691400660735,0.14420625998407555,0.23117691656118913
100.0,87.2910764842164,10.0,0.01,100.0,0.8,10.0,179.3848768052562,3.726653172078671e-08,1.3388293043277466e-15,0.0013388293043277465,300.0,False,2240.763621099824,0.14420625998407555,0.0004462764347759156
100.0,87.2910764842164,10.0,0.01,100.0,3.0,0.5,179.3848768052562,0.008464817248906142,3.0410518138700775e-10,304.10518138700775,300.0,True,0.009865007844710696,0.5407734749402833,101.36839379566925
100.0,87.2910764842164,10.0,0.01,100.0,3.0,1.0,179.3848768052562,0.007165313105737893,2.5741947848864733e-10,257.4194784886473,300.0,False,0.011654129740350263,0.5407734749402833,85.8064928295491
100.0,87.2910764842164,10.0,0.01,100.0,3.0,2.0,179.3848768052562,0.005134171190325921,1.8444911628869185e-10,184.44911628869184,300.0,False,0.016264648269198153,0.5407734749402833,61.48303876289728
100.0,87.2910764842164,10.0,0.01,100.0,3.0,5.0,179.3848768052562,0.0018887560283756184,6.785503782485033e-11,67.85503782485033,300.0,False,0.0442118978364392,0.5407734749402833,22.618345941616774
100.0,87.2910764842164,10.0,0.01,100.0,3.0,10.0,179.3848768052562,0.00035673993347252396,1.2816161174734165e-11,12.816161174734166,300.0,False,0.23407945320742476,0.5407734749402833,4.272053724911388
100.0,87.2910764842164,10.0,0.01,100.0,9.6,0.5,179.3848768052562,0.009492497594001751,3.41025401701693e-10,341.025401701693,300.0,True,0.008796998654734246,1.7304751198089066,113.67513390056433
100.0,87.2910764842164,10.0,0.01,100.0,9.6,1.0,179.3848768052562,0.009010751057212905,3.2371828051468024e-10,323.71828051468026,300.0,True,0.00926731723407864,1.7304751198089066,107.9060935048934
100.0,87.2910764842164,10.0,0.01,100.0,9.6,2.0,179.3848768052562,0.00811936346150635,2.916944838386799e-10,291.6944838386799,300.0,False,0.010284733398178123,1.7304751198089066,97.2314946128933
100.0,87.2910764842164,10.0,0.01,100.0,9.6,5.0,179.3848768052562,0.0059402532055363505,2.1340824325390184e-10,213.40824325390184,300.0,False,0.01405756382348717,1.7304751198089066,71.13608108463394
100.0,87.2910764842164,10.0,0.01,100.0,9.6,10.0,179.3848768052562,0.003528660814588489,1.2676990010768717e-10,126.76990010768716,300.0,False,0.0236649235934681,1.7304751198089066,42.25663336922906
100.0,87.2910764842164,10.0,0.03,1.0,0.8,0.5,179.3848768052562,0.016057842855569708,5.768905660554135e-10,576.8905660554135,3.0,True,0.00015600879143403258,4.707232239709036,192.29685535180448
100.0,87.2910764842164,10.0,0.03,1.0,0.8,1.0,179.3848768052562,0.008595143905805703,3.087872684859495e-10,308.7872684859495,3.0,True,0.0002914627939205181,4.707232239709036,102.9290894953165
100.0,87.2910764842164,10.0,0.03,1.0,0.8,2.0,179.3848768052562,0.002462549958716964,8.846903363057995e-11,88.46903363057996,3.0,True,0.0010173051101226324,4.707232239709036,29.489677876859982
100.0,87.2910764842164,10.0,0.03,1.0,0.8,5.0,179.3848768052562,5.791362408683128e-05,2.0805922490507022e-12,2.080592249050702,3.0,False,0.043256914006607354,4.707232239709036,0.6935307496835673
100.0,87.2910764842164,10.0,0.03,1.0,0.8,10.0,179.3848768052562,1.1179959516236012e-07,4.0164879129832395e-15,0.004016487912983239,3.0,False,22.40763621099824,4.707232239709036,0.0013388293043277465
100.0,87.2910764842164,10.0,0.03,1.0,3.0,0.5,179.3848768052562,0.02539445174671842,9.123155441610231e-10,912.3155441610231,3.0,True,9.865007844710696e-05,17.652120898908883,304.1051813870077
100.0,87.2910764842164,10.0,0.03,1.0,3.0,1.0,179.3848768052562,0.021495939317213678,7.72258435465942e-10,772.258435465942,3.0,True,0.00011654129740350264,17.652120898908883,257.4194784886473
100.0,87.2910764842164,10.0,0.03,1.0,3.0,2.0,179.3848768052562,0.01540251357097776,5.533473488660754e-10,553.3473488660754,3.0,True,0.00016264648269198153,17.652120898908883,184.4491162886918
100.0,87.2910764842164,10.0,0.03,1.0,3.0,5.0,179.3848768052562,0.005666268085126855,2.0356511347455098e-10,203.56511347455097,3.0,True,0.000442118978364392,17.652120898908883,67.85503782485033
100.0,87.2910764842164,10.0,0.03,1.0,3.0,10.0,179.3848768052562,0.0010702198004175717,3.844848352420249e-11,38.448483524202494,3.0,True,0.0023407945320742477,17.652120898908883,12.816161174734164
100.0,87.2910764842164,10.0,0.03,1.0,9.6,0.5,179.3848768052562,0.028477492782005256,1.0230762051050791e-09,1023.0762051050791,3.0,True,8.796998654734247e-05,56.48678687650843,341.02540170169306
100.0,87.2910764842164,10.0,0.03,1.0,9.6,1.0,179.3848768052562,0.027032253171638716,9.711548415440407e-10,971.1548415440407,3.0,True,9.267317234078642e-05,56.48678687650843,323.71828051468026
100.0,87.2910764842164,10.0,0.03,1.0,9.6,2.0,179.3848768052562,0.024358090384519047,8.750834515160397e-10,875.0834515160396,3.0,True,0.00010284733398178125,56.48678687650843,291.6944838386799
100.0,87.2910764842164,10.0,0.03,1.0,9.6,5.0,179.3848768052562,0.01782075961660905,6.402247297617055e-10,640.2247297617055,3.0,True,0.0001405756382348717,56.48678687650843,213.40824325390182
100.0,87.2910764842164,10.0,0.03,1.0,9.6,10.0,179.3848768052562,0.010585982443765466,3.803097003230615e-10,380.3097003230615,3.0,True,0.000236649235934681,56.48678687650843,126.76990010768716
100.0,87.2910764842164,10.0,0.03,5.0,0.8,0.5,179.3848768052562,0.016057842855569708,5.768905660554135e-10,576.8905660554135,15.0,True,0.0007800439571701629,3.4196819097617563,192.29685535180448
100.0,87.2910764842164,10.0,0.03,5.0,0.8,1.0,179.3848768052562,0.008595143905805703,3.087872684859495e-10,308.7872684859495,15.0,True,0.0014573139696025905,3.4196819097617563,102.9290894953165
100.0,87.2910764842164,10.0,0.03,5.0,0.8,2.0,179.3848768052562,0.002462549958716964,8.846903363057995e-11,88.46903363057996,15.0,True,0.0050865255506131616,3.4196819097617563,29.489677876859982
100.0,87.2910764842164,10.0,0.03,5.0,0.8,5.0,179.3848768052562,5.791362408683128e-05,2.0805922490507022e-12,2.080592249050702,15.0,False,0.21628457003303675,3.4196819097617563,0.6935307496835673
100.0,87.2910764842164,10.0,0.03,5.0,0.8,10.0,179.3848768052562,1.1179959516236012e-07,4.0164879129832395e-15,0.004016487912983239,15.0,False,112.0381810549912,3.4196819097617563,0.0013388293043277465
100.0,87.2910764842164,10.0,0.03,5.0,3.0,0.5,179.3848768052562,0.02539445174671842,9.123155441610231e-10,912.3155441610231,15.0,True,0.0004932503922355347,12.823807161606586,304.1051813870077
100.0,87.2910764842164,10.0,0.03,5.0,3.0,1.0,179.3848768052562,0.021495939317213678,7.72258435465942e-10,772.258435465942,15.0,True,0.0005827064870175131,12.823807161606586,257.4194784886473
100.0,87.2910764842164,10.0,0.03,5.0,3.0,2.0,179.3848768052562,0.01540251357097776,5.533473488660754e-10,553.3473488660754,15.0,True,0.0008132324134599076,12.823807161606586,184.4491162886918
100.0,87.2910764842164,10.0,0.03,5.0,3.0,5.0,179.3848768052562,0.005666268085126855,2.0356511347455098e-10,203.56511347455097,15.0,True,0.00221059489182196,12.823807161606586,67.85503782485033
100.0,87.2910764842164,10.0,0.03,5.0,3.0,10.0,179.3848768052562,0.0010702198004175717,3.844848352420249e-11,38.448483524202494,15.0,True,0.011703972660371237,12.823807161606586,12.816161174734164
100.0,87.2910764842164,10.0,0.03,5.0,9.6,0.5,179.3848768052562,0.028477492782005256,1.0230762051050791e-09,1023.0762051050791,15.0,True,0.0004398499327367123,41.036182917141076,341.02540170169306
100.0,87.2910764842164,10.0,0.03,5.0,9.6,1.0,179.3848768052562,0.027032253171638716,9.711548415440407e-10,971.1548415440407,15.0,True,0.00046336586170393204,41.036182917141076,323.71828051468026
100.0,87.2910764842164,10.0,0.03,5.0,9.6,2.0,179.3848768052562,0.024358090384519047,8.750834515160397e-10,875.0834515160396,15.0,True,0.0005142366699089062,41.036182917141076,291.6944838386799
100.0,87.2910764842164,10.0,0.03,5.0,9.6,5.0,179.3848768052562,0.01782075961660905,6.402247297617055e-10,640.2247297617055,15.0,True,0.0007028781911743586,41.036182917141076,213.40824325390182
100.0,87.2910764842164,10.0,0.03,5.0,9.6,10.0,179.3848768052562,0.010585982443765466,3.803097003230615e-10,380.3097003230615,15.0,True,0.0011832461796734048,41.036182917141076,126.76990010768716
100.0,87.2910764842164,10.0,0.03,10.0,0.8,0.5,179.3848768052562,0.016057842855569708,5.768905660554135e-10,576.8905660554135,30.0,True,0.0015600879143403258,2.8651641653138,192.29685535180448
100.0,87.2910764842164,10.0,0.03,10.0,0.8,1.0,179.3848768052562,0.008595143905805703,3.087872684859495e-10,308.7872684859495,30.0,True,0.002914627939205181,2.8651641653138,102.9290894953165
100.0,87.2910764842164,10.0,0.03,10.0,0.8,2.0,179.3848768052562,0.002462549958716964,8.846903363057995e-11,88.46903363057996,30.0,True,0.010173051101226323,2.8651641653138,29.489677876859982
100.0,87.2910764842164,10.0,0.03,10.0,0.8,5.0,179.3848768052562,5.791362408683128e-05,2.0805922490507022e-12,2.080592249050702,30.0,False,0.4325691400660735,2.8651641653138,0.6935307496835673
100.0,87.2910764842164,10.0,0.03,10.0,0.8,10.0,179.3848768052562,1.1179959516236012e-07,4.0164879129832395e-15,0.004016487912983239,30.0,False,224.0763621099824,2.8651641653138,0.0013388293043277465
100.0,87.2910764842164,10.0,0.03,10.0,3.0,0.5,179.3848768052562,0.02539445174671842,9.123155441610231e-10,912.3155441610231,30.0,True,0.0009865007844710694,10.74436561992675,304.1051813870077
100.0,87.2910764842164,10.0,0.03,10.0,3.0,1.0,179.3848768052562,0.021495939317213678,7.72258435465942e-10,772.258435465942,30.0,True,0.0011654129740350262,10.74436561992675,257.4194784886473
100.0,87.2910764842164,10.0,0.03,10.0,3.0,2.0,179.3848768052562,0.01540251357097776,5.533473488660754e-10,553.3473488660754,30.0,True,0.0016264648269198152,10.74436561992675,184.4491162886918
100.0,87.2910764842164,10.0,0.03,10.0,3.0,5.0,179.3848768052562,0.005666268085126855,2.0356511347455098e-10,203.56511347455097,30.0,True,0.00442118978364392,10.74436561992675,67.85503782485033
100.0,87.2910764842164,10.0,0.03,10.0,3.0,10.0,179.3848768052562,0.0010702198004175717,3.844848352420249e-11,38.448483524202494,30.0,True,0.023407945320742474,10.74436561992675,12.816161174734164
100.0,87.2910764842164,10.0,0.03,10.0,9.6,0.5,179.3848768052562,0.028477492782005256,1.0230762051050791e-09,1023.0762051050791,30.0,True,0.0008796998654734247,34.3819699837656,341.02540170169306
100.0,87.2910764842164,10.0,0.03,10.0,9.6,1.0,179.3848768052562,0.027032253171638716,9.711548415440407e-10,971.1548415440407,30.0,True,0.0009267317234078641,34.3819699837656,323.71828051468026
100.0,87.2910764842164,10.0,0.03,10.0,9.6,2.0,179.3848768052562,0.024358090384519047,8.750834515160397e-10,875.0834515160396,30.0,True,0.0010284733398178124,34.3819699837656,291.6944838386799
100.0,87.2910764842164,10.0,0.03,10.0,9.6,5.0,179.3848768052562,0.01782075961660905,6.402247297617055e-10,640.2247297617055,30.0,True,0.0014057563823487171,34.3819699837656,213.40824325390182
100.0,87.2910764842164,10.0,0.03,10.0,9.6,10.0,179.3848768052562,0.010585982443765466,3.803097003230615e-10,380.3097003230615,30.0,True,0.0023664923593468097,34.3819699837656,126.76990010768716
100.0,87.2910764842164,10.0,0.03,50.0,0.8,0.5,179.3848768052562,0.016057842855569708,5.768905660554135e-10,576.8905660554135,150.0,True,0.007800439571701629,1.5776138353665197,192.29685535180448
100.0,87.2910764842164,10.0,0.03,50.0,0.8,1.0,179.3848768052562,0.008595143905805703,3.087872684859495e-10,308.7872684859495,150.0,True,0.014573139696025906,1.5776138353665197,102.9290894953165
100.0,87.2910764842164,10.0,0.03,50.0,0.8,2.0,179.3848768052562,0.002462549958716964,8.846903363057995e-11,88.46903363057996,150.0,False,0.050865255506131614,1.5776138353665197,29.489677876859982
100.0,87.2910764842164,10.0,0.03,50.0,0.8,5.0,179.3848768052562,5.791362408683128e-05,2.0805922490507022e-12,2.080592249050702,150.0,False,2.1628457003303674,1.5776138353665197,0.6935307496835673
100.0,87.2910764842164,10.0,0.03,50.0,0.8,10.0,179.3848768052562,1.1179959516236012e-07,4.0164879129832395e-15,0.004016487912983239,150.0,False,1120.381810549912,1.5776138353665197,0.0013388293043277465
100.0,87.2910764842164,10.0,0.03,50.0,3.0,0.5,179.3848768052562,0.02539445174671842,9.123155441610231e-10,912.3155441610231,150.0,True,0.004932503922355348,5.916051882624449,304.1051813870077
100.0,87.2910764842164,10.0,0.03,50.0,3.0,1.0,179.3848768052562,0.021495939317213678,7.72258435465942e-10,772.258435465942,150.0,True,0.0058270648701751315,5.916051882624449,257.4194784886473
100.0,87.2910764842164,10.0,0.03,50.0,3.0,2.0,179.3848768052562,0.01540251357097776,5.533473488660754e-10,553.3473488660754,150.0,True,0.008132324134599076,5.916051882624449,184.4491162886918
100.0,87.2910764842164,10.0,0.03,50.0,3.0,5.0,179.3848768052562,0.005666268085126855,2.0356511347455098e-10,203.56511347455097,150.0,True,0.0221059489182196,5.916051882624449,67.85503782485033
100.0,87.2910764842164,10.0,0.03,50.0,3.0,10.0,179.3848768052562,0.0010702198004175717,3.844848352420249e-11,38.448483524202494,150.0,False,0.11703972660371238,5.916051882624449,12.816161174734164
100.0,87.2910764842164,10.0,0.03,50.0,9.6,0.5,179.3848768052562,0.028477492782005256,1.0230762051050791e-09,1023.0762051050791,150.0,True,0.004398499327367123,18.931366024398233,341.02540170169306
100.0,87.2910764842164,10.0,0.03,50.0,9.6,1.0,179.3848768052562,0.027032253171638716,9.711548415440407e-10,971.1548415440407,150.0,True,0.00463365861703932,18.931366024398233,323.71828051468026
100.0,87.2910764842164,10.0,0.03,50.0,9.6,2.0,179.3848768052562,0.024358090384519047,8.750834515160397e-10,875.0834515160396,150.0,True,0.005142366699089062,18.931366024398233,291.6944838386799
100.0,87.2910764842164,10.0,0.03,50.0,9.6,5.0,179.3848768052562,0.01782075961660905,6.402247297617055e-10,640.2247297617055,150.0,True,0.007028781911743585,18.931366024398233,213.40824325390182
100.0,87.2910764842164,10.0,0.03,50.0,9.6,10.0,179.3848768052562,0.010585982443765466,3.803097003230615e-10,380.3097003230615,150.0,True,0.01183246179673405,18.931366024398233,126.76990010768716
100.0,87.2910764842164,10.0,0.03,100.0,0.8,0.5,179.3848768052562,0.016057842855569708,5.768905660554135e-10,576.8905660554135,300.0,True,0.015600879143403258,1.0230960909185634,192.29685535180448
100.0,87.2910764842164,10.0,0.03,100.0,0.8,1.0,179.3848768052562,0.008595143905805703,3.087872684859495e-10,308.7872684859495,300.0,True,0.029146279392051812,1.0230960909185634,102.9290894953165
100.0,87.2910764842164,10.0,0.03,100.0,0.8,2.0,179.3848768052562,0.002462549958716964,8.846903363057995e-11,88.46903363057996,300.0,False,0.10173051101226323,1.0230960909185634,29.489677876859982
100.0,87.2910764842164,10.0,0.03,100.0,0.8,5.0,179.3848768052562,5.791362408683128e-05,2.0805922490507022e-12,2.080592249050702,300.0,False,4.325691400660735,1.0230960909185634,0.6935307496835673
100.0,87.2910764842164,10.0,0.03,100.0,0.8,10.0,179.3848768052562,1.1179959516236012e-07,4.0164879129832395e-15,0.004016487912983239,300.0,False,2240.763621099824,1.0230960909185634,0.0013388293043277465
100.0,87.2910764842164,10.0,0.03,100.0,3.0,0.5,179.3848768052562,0.02539445174671842,9.123155441610231e-10,912.3155441610231,300.0,True,0.009865007844710696,3.8366103409446124,304.1051813870077
100.0,87.2910764842164,10.0,0.03,100.0,3.0,1.0,179.3848768052562,0.021495939317213678,7.72258435465942e-10,772.258435465942,300.0,True,0.011654129740350263,3.8366103409446124,257.4194784886473
100.0,87.2910764842164,10.0,0.03,100.0,3.0,2.0,179.3848768052562,0.01540251357097776,5.533473488660754e-10,553.3473488660754,300.0,True,0.016264648269198153,3.8366103409446124,184.4491162886918
100.0,87.2910764842164,10.0,0.03,100.0,3.0,5.0,179.3848768052562,0.005666268085126855,2.0356511347455098e-10,203.56511347455097,300.0,False,0.0442118978364392,3.8366103409446124,67.85503782485033
100.0,87.2910764842164,10.0,0.03,100.0,3.0,10.0,179.3848768052562,0.0010702198004175717,3.844848352420249e-11,38.448483524202494,300.0,False,0.23407945320742476,3.8366103409446124,12.816161174734164
100.0,87.2910764842164,10.0,0.03,100.0,9.6,0.5,179.3848768052562,0.028477492782005256,1.0230762051050791e-09,1023.0762051050791,300.0,True,0.008796998654734246,12.27715309102276,341.02540170169306
100.0,87.2910764842164,10.0,0.03,100.0,9.6,1.0,179.3848768052562,0.027032253171638716,9.711548415440407e-10,971.1548415440407,300.0,True,0.00926731723407864,12.27715309102276,323.71828051468026
100.0,87.2910764842164,10.0,0.03,100.0,9.6,2.0,179.3848768052562,0.024358090384519047,8.750834515160397e-10,875.0834515160396,300.0,True,0.010284733398178123,12.27715309102276,291.6944838386799
100.0,87.2910764842164,10.0,0.03,100.0,9.6,5.0,179.3848768052562,0.01782075961660905,6.402247297617055e-10,640.2247297617055,300.0,True,0.01405756382348717,12.27715309102276,213.40824325390182
100.0,87.2910764842164,10.0,0.03,100.0,9.6,10.0,179.3848768052562,0.010585982443765466,3.803097003230615e-10,380.3097003230615,300.0,True,0.0236649235934681,12.27715309102276,126.76990010768716
100.0,87.2910764842164,10.0,0.1,1.0,0.8,0.5,179.3848768052562,0.05352614285189903,1.922968553518045e-09,1922.968553518045,3.0,True,0.00015600879143403258,5.6704104831697855,640.9895178393483
100.0,87.2910764842164,10.0,0.1,1.0,0.8,1.0,179.3848768052562,0.028650479686019012,1.029290894953165e-09,1029.290894953165,3.0,True,0.0002914627939205181,5.6704104831697855,343.09696498438836
100.0,87.2910764842164,10.0,0.1,1.0,0.8,2.0,179.3848768052562,0.008208499862389881,2.9489677876859986e-10,294.89677876859986,3.0,True,0.0010173051101226324,5.6704104831697855,98.29892625619995
100.0,87.2910764842164,10.0,0.1,1.0,0.8,5.0,179.3848768052562,0.00019304541362277094,6.935307496835674e-12,6.935307496835675,3.0,True,0.043256914006607354,5.6704104831697855,2.3117691656118913
100.0,87.2910764842164,10.0,0.1,1.0,0.8,10.0,179.3848768052562,3.726653172078671e-07,1.3388293043277466e-14,0.013388293043277466,3.0,False,22.40763621099824,5.6704104831697855,0.004462764347759155
100.0,87.2910764842164,10.0,0.1,1.0,3.0,0.5,179.3848768052562,0.08464817248906142,3.0410518138700778e-09,3041.0518138700777,3.0,True,9.865007844710696e-05,21.264039311886695,1013.6839379566926
100.0,87.2910764842164,10.0,0.1,1.0,3.0,1.0,179.3848768052562,0.07165313105737893,2.5741947848864735e-09,2574.1947848864734,3.0,True,0.00011654129740350264,21.264039311886695,858.0649282954911
100.0,87.2910764842164,10.0,0.1,1.0,3.0,2.0,179.3848768052562,0.0513417119032592,1.8444911628869183e-09,1844.4911628869183,3.0,True,0.00016264648269198153,21.264039311886695,614.8303876289729
100.0,87.2910764842164,10.0,0.1,1.0,3.0,5.0,179.3848768052562,0.018887560283756183,6.785503782485033e-10,678.5503782485033,3.0,True,0.000442118978364392,21.264039311886695,226.18345941616778
100.0,87.2910764842164,10.0,0.1,1.0,3.0,10.0,179.3848768052562,0.0035673993347252395,1.2816161174734166e-10,128.16161174734165,3.0,True,0.0023407945320742477,21.264039311886695,42.72053724911389
100.0,87.2910764842164,10.0,0.1,1.0,9.6,0.5,179.3848768052562,0.09492497594001753,3.410254017016931e-09,3410.254017016931,3.0,True,8.796998654734247e-05,68.04492579803743,1136.7513390056438
100.0,87.2910764842164,10.0,0.1,1.0,9.6,1.0,179.3848768052562,0.09010751057212907,3.237182805146803e-09,3237.182805146803,3.0,True,9.267317234078642e-05,68.04492579803743,1079.0609350489342
100.0,87.2910764842164,10.0,0.1,1.0,9.6,2.0,179.3848768052562,0.0811936346150635,2.916944838386799e-09,2916.944838386799,3.0,True,0.00010284733398178125,68.04492579803743,972.3149461289329
100.0,87.2910764842164,10.0,0.1,1.0,9.6,5.0,179.3848768052562,0.0594025320553635,2.134082432539018e-09,2134.082432539018,3.0,True,0.0001405756382348717,68.04492579803743,711.3608108463394
100.0,87.2910764842164,10.0,0.1,1.0,9.6,10.0,179.3848768052562,0.03528660814588489,1.2676990010768717e-09,1267.6990010768716,3.0,True,0.000236649235934681,68.04492579803743,422.5663336922905
100.0,87.2910764842164,10.0,0.1,5.0,0.8,0.5,179.3848768052562,0.05352614285189903,1.922968553518045e-09,1922.968553518045,15.0,True,0.0007800439571701629,4.382860153222505,640.9895178393483
100.0,87.2910764842164,10.0,0.1,5.0,0.8,1.0,179.3848768052562,0.028650479686019012,1.029290894953165e-09,1029.290894953165,15.0,True,0.0014573139696025905,4.382860153222505,343.09696498438836
100.0,87.2910764842164,10.0,0.1,5.0,0.8,2.0,179.3848768052562,0.008208499862389881,2.9489677876859986e-10,294.89677876859986,15.0,True,0.0050865255506131616,4.382860153222505,98.29892625619995
100.0,87.2910764842164,10.0,0.1,5.0,0.8,5.0,179.3848768052562,0.00019304541362277094,6.935307496835674e-12,6.935307496835675,15.0,False,0.21628457003303675,4.382860153222505,2.3117691656118913
100.0,87.2910764842164,10.0,0.1,5.0,0.8,10.0,179.3848768052562,3.726653172078671e-07,1.3388293043277466e-14,0.013388293043277466,15.0,False,112.0381810549912,4.382860153222505,0.004462764347759155
100.0,87.2910764842164,10.0,0.1,5.0,3.0,0.5,179.3848768052562,0.08464817248906142,3.0410518138700778e-09,3041.0518138700777,15.0,True,0.0004932503922355347,16.435725574584396,1013.6839379566926
100.0,87.2910764842164,10.0,0.1,5.0,3.0,1.0,179.3848768052562,0.07165313105737893,2.5741947848864735e-09,2574.1947848864734,15.0,True,0.0005827064870175131,16.435725574584396,858.0649282954911
100.0,87.2910764842164,10.0,0.1,5.0,3.0,2.0,179.3848768052562,0.0513417119032592,1.8444911628869183e-09,1844.4911628869183,15.0,True,0.0008132324134599076,16.435725574584396,614.8303876289729
100.0,87.2910764842164,10.0,0.1,5.0,3.0,5.0,179.3848768052562,0.018887560283756183,6.785503782485033e-10,678.5503782485033,15.0,True,0.00221059489182196,16.435725574584396,226.18345941616778
100.0,87.2910764842164,10.0,0.1,5.0,3.0,10.0,179.3848768052562,0.0035673993347252395,1.2816161174734166e-10,128.16161174734165,15.0,True,0.011703972660371237,16.435725574584396,42.72053724911389
100.0,87.2910764842164,10.0,0.1,5.0,9.6,0.5,179.3848768052562,0.09492497594001753,3.410254017016931e-09,3410.254017016931,15.0,True,0.0004398499327367123,52.59432183867006,1136.7513390056438
100.0,87.2910764842164,10.0,0.1,5.0,9.6,1.0,179.3848768052562,0.09010751057212907,3.237182805146803e-09,3237.182805146803,15.0,True,0.00046336586170393204,52.59432183867006,1079.0609350489342
100.0,87.2910764842164,10.0,0.1,5.0,9.6,2.0,179.3848768052562,0.0811936346150635,2.916944838386799e-09,2916.944838386799,15.0,True,0.0005142366699089062,52.59432183867006,972.3149461289329
100.0,87.2910764842164,10.0,0.1,5.0,9.6,5.0,179.3848768052562,0.0594025320553635,2.134082432539018e-09,2134.082432539018,15.0,True,0.0007028781911743586,52.59432183867006,711.3608108463394
100.0,87.2910764842164,10.0,0.1,5.0,9.6,10.0,179.3848768052562,0.03528660814588489,1.2676990010768717e-09,1267.6990010768716,15.0,True,0.0011832461796734048,52.59432183867006,422.5663336922905
100.0,87.2910764842164,10.0,0.1,10.0,0.8,0.5,179.3848768052562,0.05352614285189903,1.922968553518045e-09,1922.968553518045,30.0,True,0.0015600879143403258,3.828342408774549,640.9895178393483
100.0,87.2910764842164,10.0,0.1,10.0,0.8,1.0,179.3848768052562,0.028650479686019012,1.029290894953165e-09,1029.290894953165,30.0,True,0.002914627939205181,3.828342408774549,343.09696498438836
100.0,87.2910764842164,10.0,0.1,10.0,0.8,2.0,179.3848768052562,0.008208499862389881,2.9489677876859986e-10,294.89677876859986,30.0,True,0.010173051101226323,3.828342408774549,98.29892625619995
100.0,87.2910764842164,10.0,0.1,10.0,0.8,5.0,179.3848768052562,0.00019304541362277094,6.935307496835674e-12,6.935307496835675,30.0,False,0.4325691400660735,3.828342408774549,2.3117691656118913
100.0,87.2910764842164,10.0,0.1,10.0,0.8,10.0,179.3848768052562,3.726653172078671e-07,1.3388293043277466e-14,0.013388293043277466,30.0,False,224.0763621099824,3.828342408774549,0.004462764347759155
100.0,87.2910764842164,10.0,0.1,10.0,3.0,0.5,179.3848768052562,0.08464817248906142,3.0410518138700778e-09,3041.0518138700777,30.0,True,0.0009865007844710694,14.356284032904558,1013.6839379566926
100.0,87.2910764842164,10.0,0.1,10.0,3.0,1.0,179.3848768052562,0.07165313105737893,2.5741947848864735e-09,2574.1947848864734,30.0,True,0.0011654129740350262,14.356284032904558,858.0649282954911
100.0,87.2910764842164,10.0,0.1,10.0,3.0,2.0,179.3848768052562,0.0513417119032592,1.8444911628869183e-09,1844.4911628869183,30.0,True,0.0016264648269198152,14.356284032904558,614.8303876289729
100.0,87.2910764842164,10.0,0.1,10.0,3.0,5.0,179.3848768052562,0.018887560283756183,6.785503782485033e-10,678.5503782485033,30.0,True,0.00442118978364392,14.356284032904558,226.18345941616778
100.0,87.2910764842164,10.0,0.1,10.0,3.0,10.0,179.3848768052562,0.0035673993347252395,1.2816161174734166e-10,128.16161174734165,30.0,True,0.023407945320742474,14.356284032904558,42.72053724911389
100.0,87.2910764842164,10.0,0.1,10.0,9.6,0.5,179.3848768052562,0.09492497594001753,3.410254017016931e-09,3410.254017016931,30.0,True,0.0008796998654734247,45.940108905294586,1136.7513390056438
100.0,87.2910764842164,10.0,0.1,10.0,9.6,1.0,179.3848768052562,0.09010751057212907,3.237182805146803e-09,3237.182805146803,30.0,True,0.0009267317234078641,45.940108905294586,1079.0609350489342
100.0,87.2910764842164,10.0,0.1,10.0,9.6,2.0,179.3848768052562,0.0811936346150635,2.916944838386799e-09,2916.944838386799,30.0,True,0.0010284733398178124,45.940108905294586,972.3149461289329
100.0,87.2910764842164,10.0,0.1,10.0,9.6,5.0,179.3848768052562,0.0594025320553635,2.134082432539018e-09,2134.082432539018,30.0,True,0.0014057563823487171,45.940108905294586,711.3608108463394
100.0,87.2910764842164,10.0,0.1,10.0,9.6,10.0,179.3848768052562,0.03528660814588489,1.2676990010768717e-09,1267.6990010768716,30.0,True,0.0023664923593468097,45.940108905294586,422.5663336922905
100.0,87.2910764842164,10.0,0.1,50.0,0.8,0.5,179.3848768052562,0.05352614285189903,1.922968553518045e-09,1922.968553518045,150.0,True,0.007800439571701629,2.5407920788272684,640.9895178393483
100.0,87.2910764842164,10.0,0.1,50.0,0.8,1.0,179.3848768052562,0.028650479686019012,1.029290894953165e-09,1029.290894953165,150.0,True,0.014573139696025906,2.5407920788272684,343.09696498438836
100.0,87.2910764842164,10.0,0.1,50.0,0.8,2.0,179.3848768052562,0.008208499862389881,2.9489677876859986e-10,294.89677876859986,150.0,True,0.050865255506131614,2.5407920788272684,98.29892625619995
100.0,87.2910764842164,10.0,0.1,50.0,0.8,5.0,179.3848768052562,0.00019304541362277094,6.935307496835674e-12,6.935307496835675,150.0,False,2.1628457003303674,2.5407920788272684,2.3117691656118913
100.0,87.2910764842164,10.0,0.1,50.0,0.8,10.0,179.3848768052562,3.726653172078671e-07,1.3388293043277466e-14,0.013388293043277466,150.0,False,1120.381810549912,2.5407920788272684,0.004462764347759155
100.0,87.2910764842164,10.0,0.1,50.0,3.0,0.5,179.3848768052562,0.08464817248906142,3.0410518138700778e-09,3041.0518138700777,150.0,True,0.004932503922355348,9.527970295602255,1013.6839379566926
100.0,87.2910764842164,10.0,0.1,50.0,3.0,1.0,179.3848768052562,0.07165313105737893,2.5741947848864735e-09,2574.1947848864734,150.0,True,0.0058270648701751315,9.527970295602255,858.0649282954911
100.0,87.2910764842164,10.0,0.1,50.0,3.0,2.0,179.3848768052562,0.0513417119032592,1.8444911628869183e-09,1844.4911628869183,150.0,True,0.008132324134599076,9.527970295602255,614.8303876289729
100.0,87.2910764842164,10.0,0.1,50.0,3.0,5.0,179.3848768052562,0.018887560283756183,6.785503782485033e-10,678.5503782485033,150.0,True,0.0221059489182196,9.527970295602255,226.18345941616778
100.0,87.2910764842164,10.0,0.1,50.0,3.0,10.0,179.3848768052562,0.0035673993347252395,1.2816161174734166e-10,128.16161174734165,150.0,False,0.11703972660371238,9.527970295602255,42.72053724911389
100.0,87.2910764842164,10.0,0.1,50.0,9.6,0.5,179.3848768052562,0.09492497594001753,3.410254017016931e-09,3410.254017016931,150.0,True,0.004398499327367123,30.48950494592722,1136.7513390056438
100.0,87.2910764842164,10.0,0.1,50.0,9.6,1.0,179.3848768052562,0.09010751057212907,3.237182805146803e-09,3237.182805146803,150.0,True,0.00463365861703932,30.48950494592722,1079.0609350489342
100.0,87.2910764842164,10.0,0.1,50.0,9.6,2.0,179.3848768052562,0.0811936346150635,2.916944838386799e-09,2916.944838386799,150.0,True,0.005142366699089062,30.48950494592722,972.3149461289329
100.0,87.2910764842164,10.0,0.1,50.0,9.6,5.0,179.3848768052562,0.0594025320553635,2.134082432539018e-09,2134.082432539018,150.0,True,0.007028781911743585,30.48950494592722,711.3608108463394
100.0,87.2910764842164,10.0,0.1,50.0,9.6,10.0,179.3848768052562,0.03528660814588489,1.2676990010768717e-09,1267.6990010768716,150.0,True,0.01183246179673405,30.48950494592722,422.5663336922905
100.0,87.2910764842164,10.0,0.1,100.0,0.8,0.5,179.3848768052562,0.05352614285189903,1.922968553518045e-09,1922.968553518045,300.0,True,0.015600879143403258,1.9862743343793126,640.9895178393483
100.0,87.2910764842164,10.0,0.1,100.0,0.8,1.0,179.3848768052562,0.028650479686019012,1.029290894953165e-09,1029.290894953165,300.0,True,0.029146279392051812,1.9862743343793126,343.09696498438836
100.0,87.2910764842164,10.0,0.1,100.0,0.8,2.0,179.3848768052562,0.008208499862389881,2.9489677876859986e-10,294.89677876859986,300.0,False,0.10173051101226323,1.9862743343793126,98.29892625619995
100.0,87.2910764842164,10.0,0.1,100.0,0.8,5.0,179.3848768052562,0.00019304541362277094,6.935307496835674e-12,6.935307496835675,300.0,False,4.325691400660735,1.9862743343793126,2.3117691656118913
100.0,87.2910764842164,10.0,0.1,100.0,0.8,10.0,179.3848768052562,3.726653172078671e-07,1.3388293043277466e-14,0.013388293043277466,300.0,False,2240.763621099824,1.9862743343793126,0.004462764347759155
100.0,87.2910764842164,10.0,0.1,100.0,3.0,0.5,179.3848768052562,0.08464817248906142,3.0410518138700778e-09,3041.0518138700777,300.0,True,0.009865007844710696,7.448528753922421,1013.6839379566926
100.0,87.2910764842164,10.0,0.1,100.0,3.0,1.0,179.3848768052562,0.07165313105737893,2.5741947848864735e-09,2574.1947848864734,300.0,True,0.011654129740350263,7.448528753922421,858.0649282954911
100.0,87.2910764842164,10.0,0.1,100.0,3.0,2.0,179.3848768052562,0.0513417119032592,1.8444911628869183e-09,1844.4911628869183,300.0,True,0.016264648269198153,7.448528753922421,614.8303876289729
100.0,87.2910764842164,10.0,0.1,100.0,3.0,5.0,179.3848768052562,0.018887560283756183,6.785503782485033e-10,678.5503782485033,300.0,True,0.0442118978364392,7.448528753922421,226.18345941616778
100.0,87.2910764842164,10.0,0.1,100.0,3.0,10.0,179.3848768052562,0.0035673993347252395,1.2816161174734166e-10,128.16161174734165,300.0,False,0.23407945320742476,7.448528753922421,42.72053724911389
100.0,87.2910764842164,10.0,0.1,100.0,9.6,0.5,179.3848768052562,0.09492497594001753,3.410254017016931e-09,3410.254017016931,300.0,True,0.008796998654734246,23.835292012551747,1136.7513390056438
100.0,87.2910764842164,10.0,0.1,100.0,9.6,1.0,179.3848768052562,0.09010751057212907,3.237182805146803e-09,3237.182805146803,300.0,True,0.00926731723407864,23.835292012551747,1079.0609350489342
100.0,87.2910764842164,10.0,0.1,100.0,9.6,2.0,179.3848768052562,0.0811936346150635,2.916944838386799e-09,2916.944838386799,300.0,True,0.010284733398178123,23.835292012551747,972.3149461289329
100.0,87.2910764842164,10.0,0.1,100.0,9.6,5.0,179.3848768052562,0.0594025320553635,2.134082432539018e-09,2134.082432539018,300.0,True,0.01405756382348717,23.835292012551747,711.3608108463394
100.0,87.2910764842164,10.0,0.1,100.0,9.6,10.0,179.3848768052562,0.03528660814588489,1.2676990010768717e-09,1267.6990010768716,300.0,True,0.0236649235934681,23.835292012551747,422.5663336922905
100.0,87.2910764842164,100.0,0.01,1.0,0.8,0.5,93.18408595319649,0.005352614285189903,9.989140119702051e-11,99.8914011970205,3.0,True,0.000300326150604591,3.3043770553423286,33.29713373234017
100.0,87.2910764842164,100.0,0.01,1.0,0.8,1.0,93.18408595319649,0.002865047968601901,5.3468014101480755e-11,53.468014101480755,3.0,True,0.000561083116778208,3.3043770553423286,17.82267136716025
100.0,87.2910764842164,100.0,0.01,1.0,0.8,2.0,93.18408595319649,0.0008208499862389881,1.5318842518662528e-11,15.318842518662528,3.0,True,0.001958372505197558,3.3043770553423286,5.106280839554175
100.0,87.2910764842164,100.0,0.01,1.0,0.8,5.0,93.18408595319649,1.9304541362277093e-05,3.6026464516213173e-13,0.36026464516213175,3.0,False,0.08327211788017375,3.3043770553423286,0.1200882150540439
100.0,87.2910764842164,100.0,0.01,1.0,0.8,10.0,93.18408595319649,3.726653172078671e-08,6.954743743898451e-16,0.0006954743743898452,3.0,False,43.136024999223956,3.3043770553423286,0.00023182479146328174
100.0,87.2910764842164,100.0,0.01,1.0,3.0,0.5,93.18408595319649,0.008464817248906142,1.5797186399354824e-10,157.97186399354823,3.0,True,0.00018990723564055206,12.391413957533732,52.657287997849416
100.0,87.2910764842164,100.0,0.01,1.0,3.0,1.0,93.18408595319649,0.007165313105737893,1.337202959174442e-10,133.7202959174442,3.0,True,0.0002243488903024961,12.391413957533732,44.5734319724814
100.0,87.2910764842164,100.0,0.01,1.0,3.0,2.0,93.18408595319649,0.005134171190325921,9.581477888404121e-11,95.8147788840412,3.0,True,0.0003131040988604396,12.391413957533732,31.938259628013736
100.0,87.2910764842164,100.0,0.01,1.0,3.0,5.0,93.18408595319649,0.0018887560283756184,3.5248287311826387e-11,35.24828731182639,3.0,True,0.0008511051823483776,12.391413957533732,11.749429103942129
100.0,87.2910764842164,100.0,0.01,1.0,3.0,10.0,93.18408595319649,0.00035673993347252396,6.657541515012791e-12,6.657541515012792,3.0,True,0.004506167919846965,12.391413957533732,2.219180505004264
100.0,87.2910764842164,100.0,0.01,1.0,9.6,0.5,93.18408595319649,0.009492497594001751,1.771506099641438e-10,177.1506099641438,3.0,True,0.00016934742706261162,39.65252466410794,59.05020332138127
100.0,87.2910764842164,100.0,0.01,1.0,9.6,1.0,93.18408595319649,0.009010751057212905,1.6816017388605778e-10,168.16017388605778,3.0,True,0.0001784013378835315,39.65252466410794,56.0533912953526
100.0,87.2910764842164,100.0,0.01,1.0,9.6,2.0,93.18408595319649,0.00811936346150635,1.5152494646249013e-10,151.52494646249013,3.0,True,0.00019798720079024397,39.65252466410794,50.50831548749671
100.0,87.2910764842164,100.0,0.01,1.0,9.6,5.0,93.18408595319649,0.0059402532055363505,1.1085801900726093e-10,110.85801900726094,3.0,True,0.0002706164179069001,39.65252466410794,36.95267300242031
100.0,87.2910764842164,100.0,0.01,1.0,9.6,10.0,93.18408595319649,0.003528660814588489,6.585247027672915e-11,65.85247027672915,3.0,True,0.0004555637757237083,39.65252466410794,21.950823425576385
100.0,87.2910764842164,100.0,0.01,5.0,0.8,0.5,93.18408595319649,0.005352614285189903,9.989140119702051e-11,99.8914011970205,15.0,True,0.0015016307530229549,2.0168267253950485,33.29713373234017
100.0,87.2910764842164,100.0,0.01,5.0,0.8,1.0,93.18408595319649,0.002865047968601901,5.3468014101480755e-11,53.468014101480755,15.0,True,0.0028054155838910396,2.0168267253950485,17.82267136716025
100.0,87.2910764842164,100.0,0.01,5.0,0.8,2.0,93.18408595319649,0.0008208499862389881,1.5318842518662528e-11,15.318842518662528,15.0,True,0.00979186252598779,2.0168267253950485,5.106280839554175
100.0,87.2910764842164,100.0,0.01,5.0,0.8,5.0,93.18408595319649,1.9304541362277093e-05,3.6026464516213173e-13,0.36026464516213175,15.0,False,0.41636058940086873,2.0168267253950485,0.1200882150540439
100.0,87.2910764842164,100.0,0.01,5.0,0.8,10.0,93.18408595319649,3.726653172078671e-08,6.954743743898451e-16,0.0006954743743898452,15.0,False,215.6801249961198,2.0168267253950485,0.00023182479146328174
100.0,87.2910764842164,100.0,0.01,5.0,3.0,0.5,93.18408595319649,0.008464817248906142,1.5797186399354824e-10,157.97186399354823,15.0,True,0.0009495361782027602,7.563100220231432,52.657287997849416
100.0,87.2910764842164,100.0,0.01,5.0,3.0,1.0,93.18408595319649,0.007165313105737893,1.337202959174442e-10,133.7202959174442,15.0,True,0.0011217444515124804,7.563100220231432,44.5734319724814
100.0,87.2910764842164,100.0,0.01,5.0,3.0,2.0,93.18408595319649,0.005134171190325921,9.581477888404121e-11,95.8147788840412,15.0,True,0.001565520494302198,7.563100220231432,31.938259628013736
100.0,87.2910764842164,100.0,0.01,5.0,3.0,5.0,93.18408595319649,0.0018887560283756184,3.5248287311826387e-11,35.24828731182639,15.0,True,0.004255525911741887,7.563100220231432,11.749429103942129
100.0,87.2910764842164,100.0,0.01,5.0,3.0,10.0,93.18408595319649,0.00035673993347252396,6.657541515012791e-12,6.657541515012792,15.0,False,0.022530839599234822,7.563100220231432,2.219180505004264
100.0,87.2910764842164,100.0,0.01,5.0,9.6,0.5,93.18408595319649,0.009492497594001751,1.771506099641438e-10,177.1506099641438,15.0,True,0.000846737135313058,24.201920704740584,59.05020332138127
100.0,87.2910764842164,100.0,0.01,5.0,9.6,1.0,93.18408595319649,0.009010751057212905,1.6816017388605778e-10,168.16017388605778,15.0,True,0.0008920066894176574,24.201920704740584,56.0533912953526
100.0,87.2910764842164,100.0,0.01,5.0,9.6,2.0,93.18408595319649,0.00811936346150635,1.5152494646249013e-10,151.52494646249013,15.0,True,0.0009899360039512198,24.201920704740584,50.50831548749671
100.0,87.2910764842164,100.0,0.01,5.0,9.6,5.0,93.18408595319649,0.0059402532055363505,1.1085801900726093e-10,110.85801900726094,15.0,True,0.0013530820895345005,24.201920704740584,36.95267300242031
100.0,87.2910764842164,100.0,0.01,5.0,9.6,10.0,93.18408595319649,0.003528660814588489,6.585247027672915e-11,65.85247027672915,15.0,True,0.0022778188786185412,24.201920704740584,21.950823425576385
100.0,87.2910764842164,100.0,0.01,10.0,0.8,0.5,93.18408595319649,0.005352614285189903,9.989140119702051e-11,99.8914011970205,30.0,True,0.0030032615060459097,1.4623089809470924,33.29713373234017
100.0,87.2910764842164,100.0,0.01,10.0,0.8,1.0,93.18408595319649,0.002865047968601901,5.3468014101480755e-11,53.468014101480755,30.0,True,0.005610831167782079,1.4623089809470924,17.82267136716025
100.0,87.2910764842164,100.0,0.01,10.0,0.8,2.0,93.18408595319649,0.0008208499862389881,1.5318842518662528e-11,15.318842518662528,30.0,False,0.01958372505197558,1.4623089809470924,5.106280839554175
100.0,87.2910764842164,100.0,0.01,10.0,0.8,5.0,93.18408595319649,1.9304541362277093e-05,3.6026464516213173e-13,0.36026464516213175,30.0,False,0.8327211788017375,1.4623089809470924,0.1200882150540439
100.0,87.2910764842164,100.0,0.01,10.0,0.8,10.0,93.18408595319649,3.726653172078671e-08,6.954743743898451e-16,0.0006954743743898452,30.0,False,431.3602499922396,1.4623089809470924,0.00023182479146328174
100.0,87.2910764842164,100.0,0.01,10.0,3.0,0.5,93.18408595319649,0.008464817248906142,1.5797186399354824e-10,157.97186399354823,30.0,True,0.0018990723564055205,5.4836586785515955,52.657287997849416
100.0,87.2910764842164,100.0,0.01,10.0,3.0,1.0,93.18408595319649,0.007165313105737893,1.337202959174442e-10,133.7202959174442,30.0,True,0.002243488903024961,5.4836586785515955,44.5734319724814
100.0,87.2910764842164,100.0,0.01,10.0,3.0,2.0,93.18408595319649,0.005134171190325921,9.581477888404121e-11,95.8147788840412,30.0,True,0.003131040988604396,5.4836586785515955,31.938259628013736
100.0,87.2910764842164,100.0,0.01,10.0,3.0,5.0,93.18408595319649,0.0018887560283756184,3.5248287311826387e-11,35.24828731182639,30.0,True,0.008511051823483775,5.4836586785515955,11.749429103942129
100.0,87.2910764842164,100.0,0.01,10.0,3.0,10.0,93.18408595319649,0.00035673993347252396,6.657541515012791e-12,6.657541515012792,30.0,False,0.045061679198469644,5.4836586785515955,2.219180505004264
100.0,87.2910764842164,100.0,0.01,10.0,9.6,0.5,93.18408595319649,0.009492497594001751,1.771506099641438e-10,177.1506099641438,30.0,True,0.001693474270626116,17.547707771365108,59.05020332138127
100.0,87.2910764842164,100.0,0.01,10.0,9.6,1.0,93.18408595319649,0.009010751057212905,1.6816017388605778e-10,168.16017388605778,30.0,True,0.0017840133788353148,17.547707771365108,56.0533912953526
100.0,87.2910764842164,100.0,0.01,10.0,9.6,2.0,93.18408595319649,0.00811936346150635,1.5152494646249013e-10,151.52494646249013,30.0,True,0.0019798720079024397,17.547707771365108,50.50831548749671
100.0,87.2910764842164,100.0,0.01,10.0,9.6,5.0,93.18408595319649,0.0059402532055363505,1.1085801900726093e-10,110.85801900726094,30.0,True,0.002706164179069001,17.547707771365108,36.95267300242031
100.0,87.2910764842164,100.0,0.01,10.0,9.6,10.0,93.18408595319649,0.003528660814588489,6.585247027672915e-11,65.85247027672915,30.0,True,0.0045556377572370825,17.547707771365108,21.950823425576385
100.0,87.2910764842164,100.0,0.01,50.0,0.8,0.5,93.18408595319649,0.005352614285189903,9.989140119702051e-11,99.8914011970205,150.0,False,0.015016307530229549,0.1747586509998118,33.29713373234017
100.0,87.2910764842164,100.0,0.01,50.0,0.8,1.0,93.18408595319649,0.002865047968601901,5.3468014101480755e-11,53.468014101480755,150.0,False,0.028054155838910397,0.1747586509998118,17.82267136716025
100.0,87.2910764842164,100.0,0.01,50.0,0.8,2.0,93.18408595319649,0.0008208499862389881,1.5318842518662528e-11,15.318842518662528,150.0,False,0.09791862525987789,0.1747586509998118,5.106280839554175
100.0,87.2910764842164,100.0,0.01,50.0,0.8,5.0,93.18408595319649,1.9304541362277093e-05,3.6026464516213173e-13,0.36026464516213175,150.0,False,4.163605894008687,0.1747586509998118,0.1200882150540439
100.0,87.2910764842164,100.0,0.01,50.0,0.8,10.0,93.18408595319649,3.726653172078671e-08,6.954743743898451e-16,0.0006954743743898452,150.0,False,2156.8012499611978,0.1747586509998118,0.00023182479146328174
100.0,87.2910764842164,100.0,0.01,50.0,3.0,0.5,93.18408595319649,0.008464817248906142,1.5797186399354824e-10,157.97186399354823,150.0,True,0.009495361782027603,0.6553449412492942,52.657287997849416
100.0,87.2910764842164,100.0,0.01,50.0,3.0,1.0,93.18408595319649,0.007165313105737893,1.337202959174442e-10,133.7202959174442,150.0,False,0.011217444515124804,0.6553449412492942,44.5734319724814
100.0,87.2910764842164,100.0,0.01,50.0,3.0,2.0,93.18408595319649,0.005134171190325921,9.581477888404121e-11,95.8147788840412,150.0,False,0.015655204943021982,0.6553449412492942,31.938259628013736
100.0,87.2910764842164,100.0,0.01,50.0,3.0,5.0,93.18408595319649,0.0018887560283756184,3.5248287311826387e-11,35.24828731182639,150.0,False,0.04255525911741888,0.6553449412492942,11.749429103942129
100.0,87.2910764842164,100.0,0.01,50.0,3.0,10.0,93.18408595319649,0.00035673993347252396,6.657541515012791e-12,6.657541515012792,150.0,False,0.22530839599234823,0.6553449412492942,2.219180505004264
100.0,87.2910764842164,100.0,0.01,50.0,9.6,0.5,93.18408595319649,0.009492497594001751,1.771506099641438e-10,177.1506099641438,150.0,True,0.00846737135313058,2.0971038119977417,59.05020332138127
100.0,87.2910764842164,100.0,0.01,50.0,9.6,1.0,93.18408595319649,0.009010751057212905,1.6816017388605778e-10,168.16017388605778,150.0,True,0.008920066894176574,2.0971038119977417,56.0533912953526
100.0,87.2910764842164,100.0,0.01,50.0,9.6,2.0,93.18408595319649,0.00811936346150635,1.5152494646249013e-10,151.52494646249013,150.0,True,0.009899360039512198,2.0971038119977417,50.50831548749671
100.0,87.2910764842164,100.0,0.01,50.0,9.6,5.0,93.18408595319649,0.0059402532055363505,1.1085801900726093e-10,110.85801900726094,150.0,False,0.013530820895345005,2.0971038119977417,36.95267300242031
100.0,87.2910764842164,100.0,0.01,50.0,9.6,10.0,93.18408595319649,0.003528660814588489,6.585247027672915e-11,65.85247027672915,150.0,False,0.022778188786185413,2.0971038119977417,21.950823425576385
100.0,87.2910764842164,100.0,0.01,100.0,0.8,0.5,93.18408595319649,0.005352614285189903,9.989140119702051e-11,99.8914011970205,300.0,False,0.030032615060459098,0.0,33.29713373234017
100.0,87.2910764842164,100.0,0.01,100.0,0.8,1.0,93.18408595319649,0.002865047968601901,5.3468014101480755e-11,53.468014101480755,300.0,False,0.056108311677820794,0.0,17.82267136716025
100.0,87.2910764842164,100.0,0.01,100.0,0.8,2.0,93.18408595319649,0.0008208499862389881,1.5318842518662528e-11,15.318842518662528,300.0,False,0.19583725051975578,0.0,5.106280839554175
100.0,87.2910764842164,100.0,0.01,100.0,0.8,5.0,93.18408595319649,1.9304541362277093e-05,3.6026464516213173e-13,0.36026464516213175,300.0,False,8.327211788017374,0.0,0.1200882150540439
100.0,87.2910764842164,100.0,0.01,100.0,0.8,10.0,93.18408595319649,3.726653172078671e-08,6.954743743898451e-16,0.0006954743743898452,300.0,False,4313.6024999223955,0.0,0.00023182479146328174
100.0,87.2910764842164,100.0,0.01,100.0,3.0,0.5,93.18408595319649,0.008464817248906142,1.5797186399354824e-10,157.97186399354823,300.0,False,0.018990723564055206,0.0,52.657287997849416
100.0,87.2910764842164,100.0,0.01,100.0,3.0,1.0,93.18408595319649,0.007165313105737893,1.337202959174442e-10,133.7202959174442,300.0,False,0.022434889030249608,0.0,44.5734319724814
100.0,87.2910764842164,100.0,0.01,100.0,3.0,2.0,93.18408595319649,0.005134171190325921,9.581477888404121e-11,95.8147788840412,300.0,False,0.031310409886043965,0.0,31.938259628013736
100.0,87.2910764842164,100.0,0.01,100.0,3.0,5.0,93.18408595319649,0.0018887560283756184,3.5248287311826387e-11,35.24828731182639,300.0,False,0.08511051823483776,0.0,11.749429103942129
100.0,87.2910764842164,100.0,0.01,100.0,3.0,10.0,93.18408595319649,0.00035673993347252396,6.657541515012791e-12,6.657541515012792,300.0,False,0.45061679198469645,0.0,2.219180505004264
100.0,87.2910764842164,100.0,0.01,100.0,9.6,0.5,93.18408595319649,0.009492497594001751,1.771506099641438e-10,177.1506099641438,300.0,False,0.01693474270626116,0.0,59.05020332138127
100.0,87.2910764842164,100.0,0.01,100.0,9.6,1.0,93.18408595319649,0.009010751057212905,1.6816017388605778e-10,168.16017388605778,300.0,False,0.017840133788353148,0.0,56.0533912953526
100.0,87.2910764842164,100.0,0.01,100.0,9.6,2.0,93.18408595319649,0.00811936346150635,1.5152494646249013e-10,151.52494646249013,300.0,False,0.019798720079024397,0.0,50.50831548749671
100.0,87.2910764842164,100.0,0.01,100.0,9.6,5.0,93.18408595319649,0.0059402532055363505,1.1085801900726093e-10,110.85801900726094,300.0,False,0.02706164179069001,0.0,36.95267300242031
100.0,87.2910764842164,100.0,0.01,100.0,9.6,10.0,93.18408595319649,0.003528660814588489,6.585247027672915e-11,65.85247027672915,300.0,False,0.045556377572370826,0.0,21.950823425576385
100.0,87.2910764842164,100.0,0.03,1.0,0.8,0.5,93.18408595319649,0.016057842855569708,2.996742035910615e-10,299.6742035910615,3.0,True,0.000300326150604591,4.183266886276817,99.8914011970205
100.0,87.2910764842164,100.0,0.03,1.0,0.8,1.0,93.18408595319649,0.008595143905805703,1.6040404230444228e-10,160.40404230444227,3.0,True,0.000561083116778208,4.183266886276817,53.46801410148076
100.0,87.2910764842164,100.0,0.03,1.0,0.8,2.0,93.18408595319649,0.002462549958716964,4.5956527555987575e-11,45.95652755598758,3.0,True,0.001958372505197558,4.183266886276817,15.318842518662525
100.0,87.2910764842164,100.0,0.03,1.0,0.8,5.0,93.18408595319649,5.791362408683128e-05,1.0807939354863951e-12,1.0807939354863951,3.0,False,0.08327211788017375,4.183266886276817,0.36026464516213175
100.0,87.2910764842164,100.0,0.03,1.0,0.8,10.0,93.18408595319649,1.1179959516236012e-07,2.0864231231695354e-15,0.0020864231231695353,3.0,False,43.136024999223956,4.183266886276817,0.0006954743743898452
100.0,87.2910764842164,100.0,0.03,1.0,3.0,0.5,93.18408595319649,0.02539445174671842,4.739155919806446e-10,473.91559198064465,3.0,True,0.00018990723564055206,15.687250823538061,157.97186399354823
100.0,87.2910764842164,100.0,0.03,1.0,3.0,1.0,93.18408595319649,0.021495939317213678,4.0116088775233254e-10,401.16088775233254,3.0,True,0.0002243488903024961,15.687250823538061,133.7202959174442
100.0,87.2910764842164,100.0,0.03,1.0,3.0,2.0,93.18408595319649,0.01540251357097776,2.8744433665212357e-10,287.4443366521236,3.0,True,0.0003131040988604396,15.687250823538061,95.81477888404119
100.0,87.2910764842164,100.0,0.03,1.0,3.0,5.0,93.18408595319649,0.005666268085126855,1.0574486193547917e-10,105.74486193547916,3.0,True,0.0008511051823483776,15.687250823538061,35.24828731182639
100.0,87.2910764842164,100.0,0.03,1.0,3.0,10.0,93.18408595319649,0.0010702198004175717,1.9972624545038368e-11,19.972624545038368,3.0,True,0.004506167919846965,15.687250823538061,6.65754151501279
100.0,87.2910764842164,100.0,0.03,1.0,9.6,0.5,93.18408595319649,0.028477492782005256,5.314518298924314e-10,531.4518298924314,3.0,True,0.00016934742706261162,50.1992026353218,177.1506099641438
100.0,87.2910764842164,100.0,0.03,1.0,9.6,1.0,93.18408595319649,0.027032253171638716,5.044805216581733e-10,504.4805216581733,3.0,True,0.0001784013378835315,50.1992026353218,168.16017388605778
100.0,87.2910764842164,100.0,0.03,1.0,9.6,2.0,93.18408595319649,0.024358090384519047,4.5457483938747034e-10,454.5748393874703,3.0,True,0.00019798720079024397,50.1992026353218,151.5249464624901
100.0,87.2910764842164,100.0,0.03,1.0,9.6,5.0,93.18408595319649,0.01782075961660905,3.325740570217828e-10,332.5740570217828,3.0,True,0.0002706164179069001,50.1992026353218,110.85801900726094
100.0,87.2910764842164,100.0,0.03,1.0,9.6,10.0,93.18408595319649,0.010585982443765466,1.9755741083018744e-10,197.55741083018745,3.0,True,0.0004555637757237083,50.1992026353218,65.85247027672915
100.0,87.2910764842164,100.0,0.03,5.0,0.8,0.5,93.18408595319649,0.016057842855569708,2.996742035910615e-10,299.6742035910615,15.0,True,0.0015016307530229549,2.895716556329536,99.8914011970205
100.0,87.2910764842164,100.0,0.03,5.0,0.8,1.0,93.18408595319649,0.008595143905805703,1.6040404230444228e-10,160.40404230444227,15.0,True,0.0028054155838910396,2.895716556329536,53.46801410148076
100.0,87.2910764842164,100.0,0.03,5.0,0.8,2.0,93.18408595319649,0.002462549958716964,4.5956527555987575e-11,45.95652755598758,15.0,True,0.00979186252598779,2.895716556329536,15.318842518662525
100.0,87.2910764842164,100.0,0.03,5.0,0.8,5.0,93.18408595319649,5.791362408683128e-05,1.0807939354863951e-12,1.0807939354863951,15.0,False,0.41636058940086873,2.895716556329536,0.36026464516213175
100.0,87.2910764842164,100.0,0.03,5.0,0.8,10.0,93.18408595319649,1.1179959516236012e-07,2.0864231231695354e-15,0.0020864231231695353,15.0,False,215.6801249961198,2.895716556329536,0.0006954743743898452
100.0,87.2910764842164,100.0,0.03,5.0,3.0,0.5,93.18408595319649,0.02539445174671842,4.739155919806446e-10,473.91559198064465,15.0,True,0.0009495361782027602,10.858937086235759,157.97186399354823
100.0,87.2910764842164,100.0,0.03,5.0,3.0,1.0,93.18408595319649,0.021495939317213678,4.0116088775233254e-10,401.16088775233254,15.0,True,0.0011217444515124804,10.858937086235759,133.7202959174442
100.0,87.2910764842164,100.0,0.03,5.0,3.0,2.0,93.18408595319649,0.01540251357097776,2.8744433665212357e-10,287.4443366521236,15.0,True,0.001565520494302198,10.858937086235759,95.81477888404119
100.0,87.2910764842164,100.0,0.03,5.0,3.0,5.0,93.18408595319649,0.005666268085126855,1.0574486193547917e-10,105.74486193547916,15.0,True,0.004255525911741887,10.858937086235759,35.24828731182639
100.0,87.2910764842164,100.0,0.03,5.0,3.0,10.0,93.18408595319649,0.0010702198004175717,1.9972624545038368e-11,19.972624545038368,15.0,True,0.022530839599234822,10.858937086235759,6.65754151501279
100.0,87.2910764842164,100.0,0.03,5.0,9.6,0.5,93.18408595319649,0.028477492782005256,5.314518298924314e-10,531.4518298924314,15.0,True,0.000846737135313058,34.748598675954426,177.1506099641438
100.0,87.2910764842164,100.0,0.03,5.0,9.6,1.0,93.18408595319649,0.027032253171638716,5.044805216581733e-10,504.4805216581733,15.0,True,0.0008920066894176574,34.748598675954426,168.16017388605778
100.0,87.2910764842164,100.0,0.03,5.0,9.6,2.0,93.18408595319649,0.024358090384519047,4.5457483938747034e-10,454.5748393874703,15.0,True,0.0009899360039512198,34.748598675954426,151.5249464624901
100.0,87.2910764842164,100.0,0.03,5.0,9.6,5.0,93.18408595319649,0.01782075961660905,3.325740570217828e-10,332.5740570217828,15.0,True,0.0013530820895345005,34.748598675954426,110.85801900726094
100.0,87.2910764842164,100.0,0.03,5.0,9.6,10.0,93.18408595319649,0.010585982443765466,1.9755741083018744e-10,197.55741083018745,15.0,True,0.0022778188786185412,34.748598675954426,65.85247027672915
100.0,87.2910764842164,100.0,0.03,10.0,0.8,0.5,93.18408595319649,0.016057842855569708,2.996742035910615e-10,299.6742035910615,30.0,True,0.0030032615060459097,2.34119881188158,99.8914011970205
100.0,87.2910764842164,100.0,0.03,10.0,0.8,1.0,93.18408595319649,0.008595143905805703,1.6040404230444228e-10,160.40404230444227,30.0,True,0.005610831167782079,2.34119881188158,53.46801410148076
100.0,87.2910764842164,100.0,0.03,10.0,0.8,2.0,93.18408595319649,0.002462549958716964,4.5956527555987575e-11,45.95652755598758,30.0,True,0.01958372505197558,2.34119881188158,15.318842518662525
100.0,87.2910764842164,100.0,0.03,10.0,0.8,5.0,93.18408595319649,5.791362408683128e-05,1.0807939354863951e-12,1.0807939354863951,30.0,False,0.8327211788017375,2.34119881188158,0.36026464516213175
100.0,87.2910764842164,100.0,0.03,10.0,0.8,10.0,93.18408595319649,1.1179959516236012e-07,2.0864231231695354e-15,0.0020864231231695353,30.0,False,431.3602499922396,2.34119881188158,0.0006954743743898452
100.0,87.2910764842164,100.0,0.03,10.0,3.0,0.5,93.18408595319649,0.02539445174671842,4.739155919806446e-10,473.91559198064465,30.0,True,0.0018990723564055205,8.779495544555925,157.97186399354823
100.0,87.2910764842164,100.0,0.03,10.0,3.0,1.0,93.18408595319649,0.021495939317213678,4.0116088775233254e-10,401.16088775233254,30.0,True,0.002243488903024961,8.779495544555925,133.7202959174442
100.0,87.2910764842164,100.0,0.03,10.0,3.0,2.0,93.18408595319649,0.01540251357097776,2.8744433665212357e-10,287.4443366521236,30.0,True,0.003131040988604396,8.779495544555925,95.81477888404119
100.0,87.2910764842164,100.0,0.03,10.0,3.0,5.0,93.18408595319649,0.005666268085126855,1.0574486193547917e-10,105.74486193547916,30.0,True,0.008511051823483775,8.779495544555925,35.24828731182639
100.0,87.2910764842164,100.0,0.03,10.0,3.0,10.0,93.18408595319649,0.0010702198004175717,1.9972624545038368e-11,19.972624545038368,30.0,False,0.045061679198469644,8.779495544555925,6.65754151501279
100.0,87.2910764842164,100.0,0.03,10.0,9.6,0.5,93.18408595319649,0.028477492782005256,5.314518298924314e-10,531.4518298924314,30.0,True,0.001693474270626116,28.094385742578957,177.1506099641438
100.0,87.2910764842164,100.0,0.03,10.0,9.6,1.0,93.18408595319649,0.027032253171638716,5.044805216581733e-10,504.4805216581733,30.0,True,0.0017840133788353148,28.094385742578957,168.16017388605778
100.0,87.2910764842164,100.0,0.03,10.0,9.6,2.0,93.18408595319649,0.024358090384519047,4.5457483938747034e-10,454.5748393874703,30.0,True,0.0019798720079024397,28.094385742578957,151.5249464624901
100.0,87.2910764842164,100.0,0.03,10.0,9.6,5.0,93.18408595319649,0.01782075961660905,3.325740570217828e-10,332.5740570217828,30.0,True,0.002706164179069001,28.094385742578957,110.85801900726094
100.0,87.2910764842164,100.0,0.03,10.0,9.6,10.0,93.18408595319649,0.010585982443765466,1.9755741083018744e-10,197.55741083018745,30.0,True,0.0045556377572370825,28.094385742578957,65.85247027672915
100.0,87.2910764842164,100.0,0.03,50.0,0.8,0.5,93.18408595319649,0.016057842855569708,2.996742035910615e-10,299.6742035910615,150.0,True,0.015016307530229549,1.0536484819342995,99.8914011970205
100.0,87.2910764842164,100.0,0.03,50.0,0.8,1.0,93.18408595319649,0.008595143905805703,1.6040404230444228e-10,160.40404230444227,150.0,True,0.028054155838910397,1.0536484819342995,53.46801410148076
100.0,87.2910764842164,100.0,0.03,50.0,0.8,2.0,93.18408595319649,0.002462549958716964,4.5956527555987575e-11,45.95652755598758,150.0,False,0.09791862525987789,1.0536484819342995,15.318842518662525
100.0,87.2910764842164,100.0,0.03,50.0,0.8,5.0,93.18408595319649,5.791362408683128e-05,1.0807939354863951e-12,1.0807939354863951,150.0,False,4.163605894008687,1.0536484819342995,0.36026464516213175
100.0,87.2910764842164,100.0,0.03,50.0,0.8,10.0,93.18408595319649,1.1179959516236012e-07,2.0864231231695354e-15,0.0020864231231695353,150.0,False,2156.8012499611978,1.0536484819342995,0.0006954743743898452
100.0,87.2910764842164,100.0,0.03,50.0,3.0,0.5,93.18408595319649,0.02539445174671842,4.739155919806446e-10,473.91559198064465,150.0,True,0.009495361782027603,3.951181807253623,157.97186399354823
100.0,87.2910764842164,100.0,0.03,50.0,3.0,1.0,93.18408595319649,0.021495939317213678,4.0116088775233254e-10,401.16088775233254,150.0,True,0.011217444515124804,3.951181807253623,133.7202959174442
100.0,87.2910764842164,100.0,0.03,50.0,3.0,2.0,93.18408595319649,0.01540251357097776,2.8744433665212357e-10,287.4443366521236,150.0,True,0.015655204943021982,3.951181807253623,95.81477888404119
100.0,87.2910764842164,100.0,0.03,50.0,3.0,5.0,93.18408595319649,0.005666268085126855,1.0574486193547917e-10,105.74486193547916,150.0,False,0.04255525911741888,3.951181807253623,35.24828731182639
100.0,87.2910764842164,100.0,0.03,50.0,3.0,10.0,93.18408595319649,0.0010702198004175717,1.9972624545038368e-11,19.972624545038368,150.0,False,0.22530839599234823,3.951181807253623,6.65754151501279
100.0,87.2910764842164,100.0,0.03,50.0,9.6,0.5,93.18408595319649,0.028477492782005256,5.314518298924314e-10,531.4518298924314,150.0,True,0.00846737135313058,12.643781783211594,177.1506099641438
100.0,87.2910764842164,100.0,0.03,50.0,9.6,1.0,93.18408595319649,0.027032253171638716,5.044805216581733e-10,504.4805216581733,150.0,True,0.008920066894176574,12.643781783211594,168.16017388605778
100.0,87.2910764842164,100.0,0.03,50.0,9.6,2.0,93.18408595319649,0.024358090384519047,4.5457483938747034e-10,454.5748393874703,150.0,True,0.009899360039512198,12.643781783211594,151.5249464624901
100.0,87.2910764842164,100.0,0.03,50.0,9.6,5.0,93.18408595319649,0.01782075961660905,3.325740570217828e-10,332.5740570217828,150.0,True,0.013530820895345005,12.643781783211594,110.85801900726094
100.0,87.2910764842164,100.0,0.03,50.0,9.6,10.0,93.18408595319649,0.010585982443765466,1.9755741083018744e-10,197.55741083018745,150.0,True,0.022778188786185413,12.643781783211594,65.85247027672915
100.0,87.2910764842164,100.0,0.03,100.0,0.8,0.5,93.18408595319649,0.016057842855569708,2.996742035910615e-10,299.6742035910615,300.0,False,0.030032615060459098,0.4991307374863433,99.8914011970205
100.0,87.2910764842164,100.0,0.03,100.0,0.8,1.0,93.18408595319649,0.008595143905805703,1.6040404230444228e-10,160.40404230444227,300.0,False,0.056108311677820794,0.4991307374863433,53.46801410148076
100.0,87.2910764842164,100.0,0.03,100.0,0.8,2.0,93.18408595319649,0.002462549958716964,4.5956527555987575e-11,45.95652755598758,300.0,False,0.19583725051975578,0.4991307374863433,15.318842518662525
100.0,87.2910764842164,100.0,0.03,100.0,0.8,5.0,93.18408595319649,5.791362408683128e-05,1.0807939354863951e-12,1.0807939354863951,300.0,False,8.327211788017374,0.4991307374863433,0.36026464516213175
100.0,87.2910764842164,100.0,0.03,100.0,0.8,10.0,93.18408595319649,1.1179959516236012e-07,2.0864231231695354e-15,0.0020864231231695353,300.0,False,4313.6024999223955,0.4991307374863433,0.0006954743743898452
100.0,87.2910764842164,100.0,0.03,100.0,3.0,0.5,93.18408595319649,0.02539445174671842,4.739155919806446e-10,473.91559198064465,300.0,True,0.018990723564055206,1.8717402655737874,157.97186399354823
100.0,87.2910764842164,100.0,0.03,100.0,3.0,1.0,93.18408595319649,0.021495939317213678,4.0116088775233254e-10,401.16088775233254,300.0,True,0.022434889030249608,1.8717402655737874,133.7202959174442
100.0,87.2910764842164,100.0,0.03,100.0,3.0,2.0,93.18408595319649,0.01540251357097776,2.8744433665212357e-10,287.4443366521236,300.0,False,0.031310409886043965,1.8717402655737874,95.81477888404119
100.0,87.2910764842164,100.0,0.03,100.0,3.0,5.0,93.18408595319649,0.005666268085126855,1.0574486193547917e-10,105.74486193547916,300.0,False,0.08511051823483776,1.8717402655737874,35.24828731182639
100.0,87.2910764842164,100.0,0.03,100.0,3.0,10.0,93.18408595319649,0.0010702198004175717,1.9972624545038368e-11,19.972624545038368,300.0,False,0.45061679198469645,1.8717402655737874,6.65754151501279
100.0,87.2910764842164,100.0,0.03,100.0,9.6,0.5,93.18408595319649,0.028477492782005256,5.314518298924314e-10,531.4518298924314,300.0,True,0.01693474270626116,5.989568849836119,177.1506099641438
100.0,87.2910764842164,100.0,0.03,100.0,9.6,1.0,93.18408595319649,0.027032253171638716,5.044805216581733e-10,504.4805216581733,300.0,True,0.017840133788353148,5.989568849836119,168.16017388605778
100.0,87.2910764842164,100.0,0.03,100.0,9.6,2.0,93.18408595319649,0.024358090384519047,4.5457483938747034e-10,454.5748393874703,300.0,True,0.019798720079024397,5.989568849836119,151.5249464624901
100.0,87.2910764842164,100.0,0.03,100.0,9.6,5.0,93.18408595319649,0.01782075961660905,3.325740570217828e-10,332.5740570217828,300.0,True,0.02706164179069001,5.989568849836119,110.85801900726094
100.0,87.2910764842164,100.0,0.03,100.0,9.6,10.0,93.18408595319649,0.010585982443765466,1.9755741083018744e-10,197.55741083018745,300.0,False,0.045556377572370826,5.989568849836119,65.85247027672915
100.0,87.2910764842164,100.0,0.1,1.0,0.8,0.5,93.18408595319649,0.05352614285189903,9.98914011970205e-10,998.9140119702049,3.0,True,0.000300326150604591,5.1464451297375655,332.97133732340166
100.0,87.2910764842164,100.0,0.1,1.0,0.8,1.0,93.18408595319649,0.028650479686019012,5.346801410148077e-10,534.6801410148076,3.0,True,0.000561083116778208,5.1464451297375655,178.22671367160257
100.0,87.2910764842164,100.0,0.1,1.0,0.8,2.0,93.18408595319649,0.008208499862389881,1.531884251866253e-10,153.1884251866253,3.0,True,0.001958372505197558,5.1464451297375655,51.062808395541765
100.0,87.2910764842164,100.0,0.1,1.0,0.8,5.0,93.18408595319649,0.00019304541362277094,3.6026464516213174e-12,3.6026464516213172,3.0,True,0.08327211788017375,5.1464451297375655,1.2008821505404392
100.0,87.2910764842164,100.0,0.1,1.0,0.8,10.0,93.18408595319649,3.726653172078671e-07,6.954743743898452e-15,0.006954743743898452,3.0,False,43.136024999223956,5.1464451297375655,0.0023182479146328172
100.0,87.2910764842164,100.0,0.1,1.0,3.0,0.5,93.18408595319649,0.08464817248906142,1.5797186399354825e-09,1579.7186399354825,3.0,True,0.00018990723564055206,19.29916923651587,526.5728799784943
100.0,87.2910764842164,100.0,0.1,1.0,3.0,1.0,93.18408595319649,0.07165313105737893,1.337202959174442e-09,1337.202959174442,3.0,True,0.0002243488903024961,19.29916923651587,445.734319724814
100.0,87.2910764842164,100.0,0.1,1.0,3.0,2.0,93.18408595319649,0.0513417119032592,9.58147788840412e-10,958.147788840412,3.0,True,0.0003131040988604396,19.29916923651587,319.38259628013736
100.0,87.2910764842164,100.0,0.1,1.0,3.0,5.0,93.18408595319649,0.018887560283756183,3.524828731182639e-10,352.48287311826385,3.0,True,0.0008511051823483776,19.29916923651587,117.49429103942128
100.0,87.2910764842164,100.0,0.1,1.0,3.0,10.0,93.18408595319649,0.0035673993347252395,6.65754151501279e-11,66.57541515012791,3.0,True,0.004506167919846965,19.29916923651587,22.191805050042635
100.0,87.2910764842164,100.0,0.1,1.0,9.6,0.5,93.18408595319649,0.09492497594001753,1.7715060996414381e-09,1771.5060996414381,3.0,True,0.00016934742706261162,61.75734155685078,590.5020332138128
100.0,87.2910764842164,100.0,0.1,1.0,9.6,1.0,93.18408595319649,0.09010751057212907,1.6816017388605781e-09,1681.601738860578,3.0,True,0.0001784013378835315,61.75734155685078,560.533912953526
100.0,87.2910764842164,100.0,0.1,1.0,9.6,2.0,93.18408595319649,0.0811936346150635,1.5152494646249014e-09,1515.2494646249015,3.0,True,0.00019798720079024397,61.75734155685078,505.0831548749672
100.0,87.2910764842164,100.0,0.1,1.0,9.6,5.0,93.18408595319649,0.0594025320553635,1.1085801900726092e-09,1108.5801900726092,3.0,True,0.0002706164179069001,61.75734155685078,369.52673002420306
100.0,87.2910764842164,100.0,0.1,1.0,9.6,10.0,93.18408595319649,0.03528660814588489,6.585247027672916e-10,658.5247027672915,3.0,True,0.0004555637757237083,61.75734155685078,219.50823425576385
100.0,87.2910764842164,100.0,0.1,5.0,0.8,0.5,93.18408595319649,0.05352614285189903,9.98914011970205e-10,998.9140119702049,15.0,True,0.0015016307530229549,3.858894799790285,332.97133732340166
100.0,87.2910764842164,100.0,0.1,5.0,0.8,1.0,93.18408595319649,0.028650479686019012,5.346801410148077e-10,534.6801410148076,15.0,True,0.0028054155838910396,3.858894799790285,178.22671367160257
100.0,87.2910764842164,100.0,0.1,5.0,0.8,2.0,93.18408595319649,0.008208499862389881,1.531884251866253e-10,153.1884251866253,15.0,True,0.00979186252598779,3.858894799790285,51.062808395541765
100.0,87.2910764842164,100.0,0.1,5.0,0.8,5.0,93.18408595319649,0.00019304541362277094,3.6026464516213174e-12,3.6026464516213172,15.0,False,0.41636058940086873,3.858894799790285,1.2008821505404392
100.0,87.2910764842164,100.0,0.1,5.0,0.8,10.0,93.18408595319649,3.726653172078671e-07,6.954743743898452e-15,0.006954743743898452,15.0,False,215.6801249961198,3.858894799790285,0.0023182479146328172
100.0,87.2910764842164,100.0,0.1,5.0,3.0,0.5,93.18408595319649,0.08464817248906142,1.5797186399354825e-09,1579.7186399354825,15.0,True,0.0009495361782027602,14.470855499213569,526.5728799784943
100.0,87.2910764842164,100.0,0.1,5.0,3.0,1.0,93.18408595319649,0.07165313105737893,1.337202959174442e-09,1337.202959174442,15.0,True,0.0011217444515124804,14.470855499213569,445.734319724814
100.0,87.2910764842164,100.0,0.1,5.0,3.0,2.0,93.18408595319649,0.0513417119032592,9.58147788840412e-10,958.147788840412,15.0,True,0.001565520494302198,14.470855499213569,319.38259628013736
100.0,87.2910764842164,100.0,0.1,5.0,3.0,5.0,93.18408595319649,0.018887560283756183,3.524828731182639e-10,352.48287311826385,15.0,True,0.004255525911741887,14.470855499213569,117.49429103942128
100.0,87.2910764842164,100.0,0.1,5.0,3.0,10.0,93.18408595319649,0.0035673993347252395,6.65754151501279e-11,66.57541515012791,15.0,True,0.022530839599234822,14.470855499213569,22.191805050042635
100.0,87.2910764842164,100.0,0.1,5.0,9.6,0.5,93.18408595319649,0.09492497594001753,1.7715060996414381e-09,1771.5060996414381,15.0,True,0.000846737135313058,46.30673759748342,590.5020332138128
100.0,87.2910764842164,100.0,0.1,5.0,9.6,1.0,93.18408595319649,0.09010751057212907,1.6816017388605781e-09,1681.601738860578,15.0,True,0.0008920066894176574,46.30673759748342,560.533912953526
100.0,87.2910764842164,100.0,0.1,5.0,9.6,2.0,93.18408595319649,0.0811936346150635,1.5152494646249014e-09,1515.2494646249015,15.0,True,0.0009899360039512198,46.30673759748342,505.0831548749672
100.0,87.2910764842164,100.0,0.1,5.0,9.6,5.0,93.18408595319649,0.0594025320553635,1.1085801900726092e-09,1108.5801900726092,15.0,True,0.0013530820895345005,46.30673759748342,369.52673002420306
100.0,87.2910764842164,100.0,0.1,5.0,9.6,10.0,93.18408595319649,0.03528660814588489,6.585247027672916e-10,658.5247027672915,15.0,True,0.0022778188786185412,46.30673759748342,219.50823425576385
100.0,87.2910764842164,100.0,0.1,10.0,0.8,0.5,93.18408595319649,0.05352614285189903,9.98914011970205e-10,998.9140119702049,30.0,True,0.0030032615060459097,3.3043770553423286,332.97133732340166
100.0,87.2910764842164,100.0,0.1,10.0,0.8,1.0,93.18408595319649,0.028650479686019012,5.346801410148077e-10,534.6801410148076,30.0,True,0.005610831167782079,3.3043770553423286,178.22671367160257
100.0,87.2910764842164,100.0,0.1,10.0,0.8,2.0,93.18408595319649,0.008208499862389881,1.531884251866253e-10,153.1884251866253,30.0,True,0.01958372505197558,3.3043770553423286,51.062808395541765
100.0,87.2910764842164,100.0,0.1,10.0,0.8,5.0,93.18408595319649,0.00019304541362277094,3.6026464516213174e-12,3.6026464516213172,30.0,False,0.8327211788017375,3.3043770553423286,1.2008821505404392
100.0,87.2910764842164,100.0,0.1,10.0,0.8,10.0,93.18408595319649,3.726653172078671e-07,6.954743743898452e-15,0.006954743743898452,30.0,False,431.3602499922396,3.3043770553423286,0.0023182479146328172
100.0,87.2910764842164,100.0,0.1,10.0,3.0,0.5,93.18408595319649,0.08464817248906142,1.5797186399354825e-09,1579.7186399354825,30.0,True,0.0018990723564055205,12.391413957533732,526.5728799784943
100.0,87.2910764842164,100.0,0.1,10.0,3.0,1.0,93.18408595319649,0.07165313105737893,1.337202959174442e-09,1337.202959174442,30.0,True,0.002243488903024961,12.391413957533732,445.734319724814
100.0,87.2910764842164,100.0,0.1,10.0,3.0,2.0,93.18408595319649,0.0513417119032592,9.58147788840412e-10,958.147788840412,30.0,True,0.003131040988604396,12.391413957533732,319.38259628013736
100.0,87.2910764842164,100.0,0.1,10.0,3.0,5.0,93.18408595319649,0.018887560283756183,3.524828731182639e-10,352.48287311826385,30.0,True,0.008511051823483775,12.391413957533732,117.49429103942128
100.0,87.2910764842164,100.0,0.1,10.0,3.0,10.0,93.18408595319649,0.0035673993347252395,6.65754151501279e-11,66.57541515012791,30.0,True,0.045061679198469644,12.391413957533732,22.191805050042635
100.0,87.2910764842164,100.0,0.1,10.0,9.6,0.5,93.18408595319649,0.09492497594001753,1.7715060996414381e-09,1771.5060996414381,30.0,True,0.001693474270626116,39.65252466410794,590.5020332138128
100.0,87.2910764842164,100.0,0.1,10.0,9.6,1.0,93.18408595319649,0.09010751057212907,1.6816017388605781e-09,1681.601738860578,30.0,True,0.0017840133788353148,39.65252466410794,560.533912953526
100.0,87.2910764842164,100.0,0.1,10.0,9.6,2.0,93.18408595319649,0.0811936346150635,1.5152494646249014e-09,1515.2494646249015,30.0,True,0.0019798720079024397,39.65252466410794,505.0831548749672
100.0,87.2910764842164,100.0,0.1,10.0,9.6,5.0,93.18408595319649,0.0594025320553635,1.1085801900726092e-09,1108.5801900726092,30.0,True,0.002706164179069001,39.65252466410794,369.52673002420306
100.0,87.2910764842164,100.0,0.1,10.0,9.6,10.0,93.18408595319649,0.03528660814588489,6.585247027672916e-10,658.5247027672915,30.0,True,0.0045556377572370825,39.65252466410794,219.50823425576385
100.0,87.2910764842164,100.0,0.1,50.0,0.8,0.5,93.18408595319649,0.05352614285189903,9.98914011970205e-10,998.9140119702049,150.0,True,0.015016307530229549,2.0168267253950485,332.97133732340166
100.0,87.2910764842164,100.0,0.1,50.0,0.8,1.0,93.18408595319649,0.028650479686019012,5.346801410148077e-10,534.6801410148076,150.0,True,0.028054155838910397,2.0168267253950485,178.22671367160257
100.0,87.2910764842164,100.0,0.1,50.0,0.8,2.0,93.18408595319649,0.008208499862389881,1.531884251866253e-10,153.1884251866253,150.0,True,0.09791862525987789,2.0168267253950485,51.062808395541765
100.0,87.2910764842164,100.0,0.1,50.0,0.8,5.0,93.18408595319649,0.00019304541362277094,3.6026464516213174e-12,3.6026464516213172,150.0,False,4.163605894008687,2.0168267253950485,1.2008821505404392
100.0,87.2910764842164,100.0,0.1,50.0,0.8,10.0,93.18408595319649,3.726653172078671e-07,6.954743743898452e-15,0.006954743743898452,150.0,False,2156.8012499611978,2.0168267253950485,0.0023182479146328172
100.0,87.2910764842164,100.0,0.1,50.0,3.0,0.5,93.18408595319649,0.08464817248906142,1.5797186399354825e-09,1579.7186399354825,150.0,True,0.009495361782027603,7.563100220231432,526.5728799784943
100.0,87.2910764842164,100.0,0.1,50.0,3.0,1.0,93.18408595319649,0.07165313105737893,1.337202959174442e-09,1337.202959174442,150.0,True,0.011217444515124804,7.563100220231432,445.734319724814
100.0,87.2910764842164,100.0,0.1,50.0,3.0,2.0,93.18408595319649,0.0513417119032592,9.58147788840412e-10,958.147788840412,150.0,True,0.015655204943021982,7.563100220231432,319.38259628013736
100.0,87.2910764842164,100.0,0.1,50.0,3.0,5.0,93.18408595319649,0.018887560283756183,3.524828731182639e-10,352.48287311826385,150.0,True,0.04255525911741888,7.563100220231432,117.49429103942128
100.0,87.2910764842164,100.0,0.1,50.0,3.0,10.0,93.18408595319649,0.0035673993347252395,6.65754151501279e-11,66.57541515012791,150.0,False,0.22530839599234823,7.563100220231432,22.191805050042635
100.0,87.2910764842164,100.0,0.1,50.0,9.6,0.5,93.18408595319649,0.09492497594001753,1.7715060996414381e-09,1771.5060996414381,150.0,True,0.00846737135313058,24.201920704740584,590.5020332138128
100.0,87.2910764842164,100.0,0.1,50.0,9.6,1.0,93.18408595319649,0.09010751057212907,1.6816017388605781e-09,1681.601738860578,150.0,True,0.008920066894176574,24.201920704740584,560.533912953526
100.0,87.2910764842164,100.0,0.1,50.0,9.6,2.0,93.18408595319649,0.0811936346150635,1.5152494646249014e-09,1515.2494646249015,150.0,True,0.009899360039512198,24.201920704740584,505.0831548749672
100.0,87.2910764842164,100.0,0.1,50.0,9.6,5.0,93.18408595319649,0.0594025320553635,1.1085801900726092e-09,1108.5801900726092,150.0,True,0.013530820895345005,24.201920704740584,369.52673002420306
100.0,87.2910764842164,100.0,0.1,50.0,9.6,10.0,93.18408595319649,0.03528660814588489,6.585247027672916e-10,658.5247027672915,150.0,True,0.022778188786185413,24.201920704740584,219.50823425576385
100.0,87.2910764842164,100.0,0.1,100.0,0.8,0.5,93.18408595319649,0.05352614285189903,9.98914011970205e-10,998.9140119702049,300.0,True,0.030032615060459098,1.4623089809470924,332.97133732340166
100.0,87.2910764842164,100.0,0.1,100.0,0.8,1.0,93.18408595319649,0.028650479686019012,5.346801410148077e-10,534.6801410148076,300.0,True,0.056108311677820794,1.4623089809470924,178.22671367160257
100.0,87.2910764842164,100.0,0.1,100.0,0.8,2.0,93.18408595319649,0.008208499862389881,1.531884251866253e-10,153.1884251866253,300.0,False,0.19583725051975578,1.4623089809470924,51.062808395541765
100.0,87.2910764842164,100.0,0.1,100.0,0.8,5.0,93.18408595319649,0.00019304541362277094,3.6026464516213174e-12,3.6026464516213172,300.0,False,8.327211788017374,1.4623089809470924,1.2008821505404392
100.0,87.2910764842164,100.0,0.1,100.0,0.8,10.0,93.18408595319649,3.726653172078671e-07,6.954743743898452e-15,0.006954743743898452,300.0,False,4313.6024999223955,1.4623089809470924,0.0023182479146328172
100.0,87.2910764842164,100.0,0.1,100.0,3.0,0.5,93.18408595319649,0.08464817248906142,1.5797186399354825e-09,1579.7186399354825,300.0,True,0.018990723564055206,5.4836586785515955,526.5728799784943
100.0,87.2910764842164,100.0,0.1,100.0,3.0,1.0,93.18408595319649,0.07165313105737893,1.337202959174442e-09,1337.202959174442,300.0,True,0.022434889030249608,5.4836586785515955,445.734319724814
100.0,87.2910764842164,100.0,0.1,100.0,3.0,2.0,93.18408595319649,0.0513417119032592,9.58147788840412e-10,958.147788840412,300.0,True,0.031310409886043965,5.4836586785515955,319.38259628013736
100.0,87.2910764842164,100.0,0.1,100.0,3.0,5.0,93.18408595319649,0.018887560283756183,3.524828731182639e-10,352.48287311826385,300.0,True,0.08511051823483776,5.4836586785515955,117.49429103942128
100.0,87.2910764842164,100.0,0.1,100.0,3.0,10.0,93.18408595319649,0.0035673993347252395,6.65754151501279e-11,66.57541515012791,300.0,False,0.45061679198469645,5.4836586785515955,22.191805050042635
100.0,87.2910764842164,100.0,0.1,100.0,9.6,0.5,93.18408595319649,0.09492497594001753,1.7715060996414381e-09,1771.5060996414381,300.0,True,0.01693474270626116,17.547707771365108,590.5020332138128
100.0,87.2910764842164,100.0,0.1,100.0,9.6,1.0,93.18408595319649,0.09010751057212907,1.6816017388605781e-09,1681.601738860578,300.0,True,0.017840133788353148,17.547707771365108,560.533912953526
100.0,87.2910764842164,100.0,0.1,100.0,9.6,2.0,93.18408595319649,0.0811936346150635,1.5152494646249014e-09,1515.2494646249015,300.0,True,0.019798720079024397,17.547707771365108,505.0831548749672
100.0,87.2910764842164,100.0,0.1,100.0,9.6,5.0,93.18408595319649,0.0594025320553635,1.1085801900726092e-09,1108.5801900726092,300.0,True,0.02706164179069001,17.547707771365108,369.52673002420306
100.0,87.2910764842164,100.0,0.1,100.0,9.6,10.0,93.18408595319649,0.03528660814588489,6.585247027672916e-10,658.5247027672915,300.0,True,0.045556377572370826,17.547707771365108,219.50823425576385
1000.0,872.910764842164,1.0,0.01,1.0,0.8,0.5,199.7062912083936,0.005352614285189903,2.1408098875044392e-10,214.0809887504439,3.0,True,0.00014013388192527112,3.9141936854909485,71.3603295834813
1000.0,872.910764842164,1.0,0.01,1.0,0.8,1.0,199.7062912083936,0.002865047968601901,1.1458929585732047e-10,114.58929585732047,3.0,True,0.0002618045584061722,3.9141936854909485,38.19643195244016
1000.0,872.910764842164,1.0,0.01,1.0,0.8,2.0,199.7062912083936,0.0008208499862389881,3.283038293195383e-11,32.83038293195383,3.0,True,0.0009137876966643902,3.9141936854909485,10.943460977317942
1000.0,872.910764842164,1.0,0.01,1.0,0.8,5.0,199.7062912083936,1.9304541362277093e-05,7.720966021491492e-13,0.7720966021491492,3.0,False,0.038855241580515044,3.9141936854909485,0.2573655340497164
1000.0,872.910764842164,1.0,0.01,1.0,0.8,10.0,199.7062912083936,3.726653172078671e-08,1.490497079186185e-15,0.001490497079186185,3.0,False,20.12751344429341,3.9141936854909485,0.0004968323597287284
1000.0,872.910764842164,1.0,0.01,1.0,3.0,0.5,199.7062912083936,0.008464817248906142,3.3855539549182115e-10,338.5553954918212,3.0,True,8.861179115582798e-05,14.678226320591055,112.85179849727372
1000.0,872.910764842164,1.0,0.01,1.0,3.0,1.0,199.7062912083936,0.007165313105737893,2.865809551469408e-10,286.5809551469408,3.0,True,0.00010468246218461335,14.678226320591055,95.52698504898026
1000.0,872.910764842164,1.0,0.01,1.0,3.0,2.0,199.7062912083936,0.005134171190325921,2.053442273769258e-10,205.3442273769258,3.0,True,0.0001460961449134511,14.678226320591055,68.4480757923086
1000.0,872.910764842164,1.0,0.01,1.0,3.0,5.0,199.7062912083936,0.0018887560283756184,7.554191961520504e-11,75.54191961520505,3.0,True,0.00039713049592615354,14.678226320591055,25.180639871735014
1000.0,872.910764842164,1.0,0.01,1.0,3.0,10.0,199.7062912083936,0.00035673993347252396,1.426802560682849e-11,14.26802560682849,3.0,True,0.0021026034594192485,14.678226320591055,4.756008535609497
1000.0,872.910764842164,1.0,0.01,1.0,9.6,0.5,199.7062912083936,0.009492497594001751,3.796580815206277e-10,379.6580815206277,3.0,True,7.901846809066285e-05,46.970324225891375,126.55269384020924
1000.0,872.910764842164,1.0,0.01,1.0,9.6,1.0,199.7062912083936,0.009010751057212905,3.60390342537788e-10,360.390342537788,3.0,True,8.324307413108444e-05,46.970324225891375,120.13011417926266
1000.0,872.910764842164,1.0,0.01,1.0,9.6,2.0,199.7062912083936,0.00811936346150635,3.247387660031695e-10,324.7387660031695,3.0,True,9.238194863285033e-05,46.970324225891375,108.24625533438982
1000.0,872.910764842164,1.0,0.01,1.0,9.6,5.0,199.7062912083936,0.0059402532055363505,2.3758395653276517e-10,237.58395653276517,3.0,True,0.00012627115247094856,46.970324225891375,79.19465217758838
1000.0,872.910764842164,1.0,0.01,1.0,9.6,10.0,199.7062912083936,0.003528660814588489,1.4113088593777672e-10,141.13088593777672,3.0,True,0.00021256863655788795,46.970324225891375,47.04362864592557
1000.0,872.910764842164,1.0,0.01,5.0,0.8,0.5,199.7062912083936,0.005352614285189903,2.1408098875044392e-10,214.0809887504439,15.0,True,0.0007006694096263556,2.626643355543668,71.3603295834813
1000.0,872.910764842164,1.0,0.01,5.0,0.8,1.0,199.7062912083936,0.002865047968601901,1.1458929585732047e-10,114.58929585732047,15.0,True,0.0013090227920308608,2.626643355543668,38.19643195244016
1000.0,872.910764842164,1.0,0.01,5.0,0.8,2.0,199.7062912083936,0.0008208499862389881,3.283038293195383e-11,32.83038293195383,15.0,True,0.004568938483321951,2.626643355543668,10.943460977317942
1000.0,872.910764842164,1.0,0.01,5.0,0.8,5.0,199.7062912083936,1.9304541362277093e-05,7.720966021491492e-13,0.7720966021491492,15.0,False,0.1942762079025752,2.626643355543668,0.2573655340497164
1000.0,872.910764842164,1.0,0.01,5.0,0.8,10.0,199.7062912083936,3.726653172078671e-08,1.490497079186185e-15,0.001490497079186185,15.0,False,100.63756722146705,2.626643355543668,0.0004968323597287284
1000.0,872.910764842164,1.0,0.01,5.0,3.0,0.5,199.7062912083936,0.008464817248906142,3.3855539549182115e-10,338.5553954918212,15.0,True,0.0004430589557791399,9.849912583288754,112.85179849727372
1000.0,872.910764842164,1.0,0.01,5.0,3.0,1.0,199.7062912083936,0.007165313105737893,2.865809551469408e-10,286.5809551469408,15.0,True,0.0005234123109230667,9.849912583288754,95.52698504898026
1000.0,872.910764842164,1.0,0.01,5.0,3.0,2.0,199.7062912083936,0.005134171190325921,2.053442273769258e-10,205.3442273769258,15.0,True,0.0007304807245672555,9.849912583288754,68.4480757923086
1000.0,872.910764842164,1.0,0.01,5.0,3.0,5.0,199.7062912083936,0.0018887560283756184,7.554191961520504e-11,75.54191961520505,15.0,True,0.0019856524796307675,9.849912583288754,25.180639871735014
1000.0,872.910764842164,1.0,0.01,5.0,3.0,10.0,199.7062912083936,0.00035673993347252396,1.426802560682849e-11,14.26802560682849,15.0,False,0.010513017297096241,9.849912583288754,4.756008535609497
1000.0,872.910764842164,1.0,0.01,5.0,9.6,0.5,199.7062912083936,0.009492497594001751,3.796580815206277e-10,379.6580815206277,15.0,True,0.00039509234045331424,31.51972026652401,126.55269384020924
1000.0,872.910764842164,1.0,0.01,5.0,9.6,1.0,199.7062912083936,0.009010751057212905,3.60390342537788e-10,360.390342537788,15.0,True,0.0004162153706554222,31.51972026652401,120.13011417926266
1000.0,872.910764842164,1.0,0.01,5.0,9.6,2.0,199.7062912083936,0.00811936346150635,3.247387660031695e-10,324.7387660031695,15.0,True,0.00046190974316425164,31.51972026652401,108.24625533438982
1000.0,872.910764842164,1.0,0.01,5.0,9.6,5.0,199.7062912083936,0.0059402532055363505,2.3758395653276517e-10,237.58395653276517,15.0,True,0.0006313557623547428,31.51972026652401,79.19465217758838
1000.0,872.910764842164,1.0,0.01,5.0,9.6,10.0,199.7062912083936,0.003528660814588489,1.4113088593777672e-10,141.13088593777672,15.0,True,0.0010628431827894398,31.51972026652401,47.04362864592557
1000.0,872.910764842164,1.0,0.01,10.0,0.8,0.5,199.7062912083936,0.005352614285189903,2.1408098875044392e-10,214.0809887504439,30.0,True,0.0014013388192527113,2.0721256110957116,71.3603295834813
1000.0,872.910764842164,1.0,0.01,10.0,0.8,1.0,199.7062912083936,0.002865047968601901,1.1458929585732047e-10,114.58929585732047,30.0,True,0.0026180455840617216,2.0721256110957116,38.19643195244016
1000.0,872.910764842164,1.0,0.01,10.0,0.8,2.0,199.7062912083936,0.0008208499862389881,3.283038293195383e-11,32.83038293195383,30.0,True,0.009137876966643902,2.0721256110957116,10.943460977317942
1000.0,872.910764842164,1.0,0.01,10.0,0.8,5.0,199.7062912083936,1.9304541362277093e-05,7.720966021491492e-13,0.7720966021491492,30.0,False,0.3885524158051504,2.0721256110957116,0.2573655340497164
1000.0,872.910764842164,1.0,0.01,10.0,0.8,10.0,199.7062912083936,3.726653172078671e-08,1.490497079186185e-15,0.001490497079186185,30.0,False,201.2751344429341,2.0721256110957116,0.0004968323597287284
1000.0,872.910764842164,1.0,0.01,10.0,3.0,0.5,199.7062912083936,0.008464817248906142,3.3855539549182115e-10,338.5553954918212,30.0,True,0.0008861179115582798,7.770471041608918,112.85179849727372
1000.0,872.910764842164,1.0,0.01,10.0,3.0,1.0,199.7062912083936,0.007165313105737893,2.865809551469408e-10,286.5809551469408,30.0,True,0.0010468246218461334,7.770471041608918,95.52698504898026
1000.0,872.910764842164,1.0,0.01,10.0,3.0,2.0,199.7062912083936,0.005134171190325921,2.053442273769258e-10,205.3442273769258,30.0,True,0.001460961449134511,7.770471041608918,68.4480757923086
1000.0,872.910764842164,1.0,0.01,10.0,3.0,5.0,199.7062912083936,0.0018887560283756184,7.554191961520504e-11,75.54191961520505,30.0,True,0.003971304959261535,7.770471041608918,25.180639871735014
1000.0,872.910764842164,1.0,0.01,10.0,3.0,10.0,199.7062912083936,0.00035673993347252396,1.426802560682849e-11,14.26802560682849,30.0,False,0.021026034594192482,7.770471041608918,4.756008535609497
1000.0,872.910764842164,1.0,0.01,10.0,9.6,0.5,199.7062912083936,0.009492497594001751,3.796580815206277e-10,379.6580815206277,30.0,True,0.0007901846809066285,24.865507333148535,126.55269384020924
1000.0,872.910764842164,1.0,0.01,10.0,9.6,1.0,199.7062912083936,0.009010751057212905,3.60390342537788e-10,360.390342537788,30.0,True,0.0008324307413108444,24.865507333148535,120.13011417926266
1000.0,872.910764842164,1.0,0.01,10.0,9.6,2.0,199.7062912083936,0.00811936346150635,3.247387660031695e-10,324.7387660031695,30.0,True,0.0009238194863285033,24.865507333148535,108.24625533438982
1000.0,872.910764842164,1.0,0.01,10.0,9.6,5.0,199.7062912083936,0.0059402532055363505,2.3758395653276517e-10,237.58395653276517,30.0,True,0.0012627115247094856,24.865507333148535,79.19465217758838
1000.0,872.910764842164,1.0,0.01,10.0,9.6,10.0,199.7062912083936,0.003528660814588489,1.4113088593777672e-10,141.13088593777672,30.0,True,0.0021256863655788796,24.865507333148535,47.04362864592557
1000.0,872.910764842164,1.0,0.01,50.0,0.8,0.5,199.7062912083936,0.005352614285189903,2.1408098875044392e-10,214.0809887504439,150.0,True,0.007006694096263556,0.7845752811484311,71.3603295834813
1000.0,872.910764842164,1.0,0.01,50.0,0.8,1.0,199.7062912083936,0.002865047968601901,1.1458929585732047e-10,114.58929585732047,150.0,False,0.013090227920308608,0.7845752811484311,38.19643195244016
1000.0,872.910764842164,1.0,0.01,50.0,0.8,2.0,199.7062912083936,0.0008208499862389881,3.283038293195383e-11,32.83038293195383,150.0,False,0.045689384833219514,0.7845752811484311,10.943460977317942
1000.0,872.910764842164,1.0,0.01,50.0,0.8,5.0,199.7062912083936,1.9304541362277093e-05,7.720966021491492e-13,0.7720966021491492,150.0,False,1.942762079025752,0.7845752811484311,0.2573655340497164
1000.0,872.910764842164,1.0,0.01,50.0,0.8,10.0,199.7062912083936,3.726653172078671e-08,1.490497079186185e-15,0.001490497079186185,150.0,False,1006.3756722146704,0.7845752811484311,0.0004968323597287284
1000.0,872.910764842164,1.0,0.01,50.0,3.0,0.5,199.7062912083936,0.008464817248906142,3.3855539549182115e-10,338.5553954918212,150.0,True,0.0044305895577913985,2.9421573043066167,112.85179849727372
1000.0,872.910764842164,1.0,0.01,50.0,3.0,1.0,199.7062912083936,0.007165313105737893,2.865809551469408e-10,286.5809551469408,150.0,True,0.005234123109230666,2.9421573043066167,95.52698504898026
1000.0,872.910764842164,1.0,0.01,50.0,3.0,2.0,199.7062912083936,0.005134171190325921,2.053442273769258e-10,205.3442273769258,150.0,True,0.007304807245672555,2.9421573043066167,68.4480757923086
1000.0,872.910764842164,1.0,0.01,50.0,3.0,5.0,199.7062912083936,0.0018887560283756184,7.554191961520504e-11,75.54191961520505,150.0,False,0.019856524796307676,2.9421573043066167,25.180639871735014
1000.0,872.910764842164,1.0,0.01,50.0,3.0,10.0,199.7062912083936,0.00035673993347252396,1.426802560682849e-11,14.26802560682849,150.0,False,0.10513017297096242,2.9421573043066167,4.756008535609497
1000.0,872.910764842164,1.0,0.01,50.0,9.6,0.5,199.7062912083936,0.009492497594001751,3.796580815206277e-10,379.6580815206277,150.0,True,0.0039509234045331425,9.414903373781172,126.55269384020924
1000.0,872.910764842164,1.0,0.01,50.0,9.6,1.0,199.7062912083936,0.009010751057212905,3.60390342537788e-10,360.390342537788,150.0,True,0.004162153706554222,9.414903373781172,120.13011417926266
1000.0,872.910764842164,1.0,0.01,50.0,9.6,2.0,199.7062912083936,0.00811936346150635,3.247387660031695e-10,324.7387660031695,150.0,True,0.004619097431642516,9.414903373781172,108.24625533438982
1000.0,872.910764842164,1.0,0.01,50.0,9.6,5.0,199.7062912083936,0.0059402532055363505,2.3758395653276517e-10,237.58395653276517,150.0,True,0.006313557623547427,9.414903373781172,79.19465217758838
1000.0,872.910764842164,1.0,0.01,50.0,9.6,10.0,199.7062912083936,0.003528660814588489,1.4113088593777672e-10,141.13088593777672,150.0,False,0.010628431827894396,9.414903373781172,47.04362864592557
1000.0,872.910764842164,1.0,0.01,100.0,0.8,0.5,199.7062912083936,0.005352614285189903,2.1408098875044392e-10,214.0809887504439,300.0,False,0.014013388192527112,0.23005753670047488,71.3603295834813
1000.0,872.910764842164,1.0,0.01,100.0,0.8,1.0,199.7062912083936,0.002865047968601901,1.1458929585732047e-10,114.58929585732047,300.0,False,0.026180455840617217,0.23005753670047488,38.19643195244016
1000.0,872.910764842164,1.0,0.01,100.0,0.8,2.0,199.7062912083936,0.0008208499862389881,3.283038293195383e-11,32.83038293195383,300.0,False,0.09137876966643903,0.23005753670047488,10.943460977317942
1000.0,872.910764842164,1.0,0.01,100.0,0.8,5.0,199.7062912083936,1.9304541362277093e-05,7.720966021491492e-13,0.7720966021491492,300.0,False,3.885524158051504,0.23005753670047488,0.2573655340497164
1000.0,872.910764842164,1.0,0.01,100.0,0.8,10.0,199.7062912083936,3.726653172078671e-08,1.490497079186185e-15,0.001490497079186185,300.0,False,2012.7513444293409,0.23005753670047488,0.0004968323597287284
1000.0,872.910764842164,1.0,0.01,100.0,3.0,0.5,199.7062912083936,0.008464817248906142,3.3855539549182115e-10,338.5553954918212,300.0,True,0.008861179115582797,0.8627157626267807,112.85179849727372
1000.0,872.910764842164,1.0,0.01,100.0,3.0,1.0,199.7062912083936,0.007165313105737893,2.865809551469408e-10,286.5809551469408,300.0,False,0.010468246218461333,0.8627157626267807,95.52698504898026
1000.0,872.910764842164,1.0,0.01,100.0,3.0,2.0,199.7062912083936,0.005134171190325921,2.053442273769258e-10,205.3442273769258,300.0,False,0.01460961449134511,0.8627157626267807,68.4480757923086
1000.0,872.910764842164,1.0,0.01,100.0,3.0,5.0,199.7062912083936,0.0018887560283756184,7.554191961520504e-11,75.54191961520505,300.0,False,0.03971304959261535,0.8627157626267807,25.180639871735014
1000.0,872.910764842164,1.0,0.01,100.0,3.0,10.0,199.7062912083936,0.00035673993347252396,1.426802560682849e-11,14.26802560682849,300.0,False,0.21026034594192483,0.8627157626267807,4.756008535609497
1000.0,872.910764842164,1.0,0.01,100.0,9.6,0.5,199.7062912083936,0.009492497594001751,3.796580815206277e-10,379.6580815206277,300.0,True,0.007901846809066285,2.7606904404056984,126.55269384020924
1000.0,872.910764842164,1.0,0.01,100.0,9.6,1.0,199.7062912083936,0.009010751057212905,3.60390342537788e-10,360.390342537788,300.0,True,0.008324307413108445,2.7606904404056984,120.13011417926266
1000.0,872.910764842164,1.0,0.01,100.0,9.6,2.0,199.7062912083936,0.00811936346150635,3.247387660031695e-10,324.7387660031695,300.0,True,0.009238194863285032,2.7606904404056984,108.24625533438982
1000.0,872.910764842164,1.0,0.01,100.0,9.6,5.0,199.7062912083936,0.0059402532055363505,2.3758395653276517e-10,237.58395653276517,300.0,False,0.012627115247094855,2.7606904404056984,79.19465217758838
1000.0,872.910764842164,1.0,0.01,100.0,9.6,10.0,199.7062912083936,0.003528660814588489,1.4113088593777672e-10,141.13088593777672,300.0,False,0.021256863655788792,2.7606904404056984,47.04362864592557
1000.0,872.910764842164,1.0,0.03,1.0,0.8,0.5,199.7062912083936,0.016057842855569708,6.422429662513317e-10,642.2429662513316,3.0,True,0.00014013388192527112,4.793083516425436,214.0809887504439
1000.0,872.910764842164,1.0,0.03,1.0,0.8,1.0,199.7062912083936,0.008595143905805703,3.437678875719614e-10,343.7678875719614,3.0,True,0.0002618045584061722,4.793083516425436,114.58929585732047
1000.0,872.910764842164,1.0,0.03,1.0,0.8,2.0,199.7062912083936,0.002462549958716964,9.849114879586148e-11,98.49114879586148,3.0,True,0.0009137876966643902,4.793083516425436,32.83038293195383
1000.0,872.910764842164,1.0,0.03,1.0,0.8,5.0,199.7062912083936,5.791362408683128e-05,2.316289806447448e-12,2.3162898064474478,3.0,False,0.038855241580515044,4.793083516425436,0.7720966021491493
1000.0,872.910764842164,1.0,0.03,1.0,0.8,10.0,199.7062912083936,1.1179959516236012e-07,4.4714912375585546e-15,0.004471491237558555,3.0,False,20.12751344429341,4.793083516425436,0.0014904970791861849
1000.0,872.910764842164,1.0,0.03,1.0,3.0,0.5,199.7062912083936,0.02539445174671842,1.0156661864754633e-09,1015.6661864754633,3.0,True,8.861179115582798e-05,17.974063186595384,338.5553954918211
1000.0,872.910764842164,1.0,0.03,1.0,3.0,1.0,199.7062912083936,0.021495939317213678,8.597428654408223e-10,859.7428654408224,3.0,True,0.00010468246218461335,17.974063186595384,286.5809551469408
1000.0,872.910764842164,1.0,0.03,1.0,3.0,2.0,199.7062912083936,0.01540251357097776,6.160326821307773e-10,616.0326821307773,3.0,True,0.0001460961449134511,17.974063186595384,205.34422737692577
1000.0,872.910764842164,1.0,0.03,1.0,3.0,5.0,199.7062912083936,0.005666268085126855,2.2662575884561512e-10,226.62575884561514,3.0,True,0.00039713049592615354,17.974063186595384,75.54191961520505
1000.0,872.910764842164,1.0,0.03,1.0,3.0,10.0,199.7062912083936,0.0010702198004175717,4.280407682048546e-11,42.80407682048546,3.0,True,0.0021026034594192485,17.974063186595384,14.268025606828488
1000.0,872.910764842164,1.0,0.03,1.0,9.6,0.5,199.7062912083936,0.028477492782005256,1.1389742445618832e-09,1138.974244561883,3.0,True,7.901846809066285e-05,57.51700219710522,379.6580815206277
1000.0,872.910764842164,1.0,0.03,1.0,9.6,1.0,199.7062912083936,0.027032253171638716,1.081171027613364e-09,1081.171027613364,3.0,True,8.324307413108444e-05,57.51700219710522,360.390342537788
1000.0,872.910764842164,1.0,0.03,1.0,9.6,2.0,199.7062912083936,0.024358090384519047,9.742162980095084e-10,974.2162980095084,3.0,True,9.238194863285033e-05,57.51700219710522,324.7387660031695
1000.0,872.910764842164,1.0,0.03,1.0,9.6,5.0,199.7062912083936,0.01782075961660905,7.127518695982955e-10,712.7518695982955,3.0,True,0.00012627115247094856,57.51700219710522,237.58395653276517
1000.0,872.910764842164,1.0,0.03,1.0,9.6,10.0,199.7062912083936,0.010585982443765466,4.2339265781333015e-10,423.3926578133301,3.0,True,0.00021256863655788795,57.51700219710522,141.13088593777672
1000.0,872.910764842164,1.0,0.03,5.0,0.8,0.5,199.7062912083936,0.016057842855569708,6.422429662513317e-10,642.2429662513316,15.0,True,0.0007006694096263556,3.5055331864781554,214.0809887504439
1000.0,872.910764842164,1.0,0.03,5.0,0.8,1.0,199.7062912083936,0.008595143905805703,3.437678875719614e-10,343.7678875719614,15.0,True,0.0013090227920308608,3.5055331864781554,114.58929585732047
1000.0,872.910764842164,1.0,0.03,5.0,0.8,2.0,199.7062912083936,0.002462549958716964,9.849114879586148e-11,98.49114879586148,15.0,True,0.004568938483321951,3.5055331864781554,32.83038293195383
1000.0,872.910764842164,1.0,0.03,5.0,0.8,5.0,199.7062912083936,5.791362408683128e-05,2.316289806447448e-12,2.3162898064474478,15.0,False,0.1942762079025752,3.5055331864781554,0.7720966021491493
1000.0,872.910764842164,1.0,0.03,5.0,0.8,10.0,199.7062912083936,1.1179959516236012e-07,4.4714912375585546e-15,0.004471491237558555,15.0,False,100.63756722146705,3.5055331864781554,0.0014904970791861849
1000.0,872.910764842164,1.0,0.03,5.0,3.0,0.5,199.7062912083936,0.02539445174671842,1.0156661864754633e-09,1015.6661864754633,15.0,True,0.0004430589557791399,13.145749449293081,338.5553954918211
1000.0,872.910764842164,1.0,0.03,5.0,3.0,1.0,199.7062912083936,0.021495939317213678,8.597428654408223e-10,859.7428654408224,15.0,True,0.0005234123109230667,13.145749449293081,286.5809551469408
1000.0,872.910764842164,1.0,0.03,5.0,3.0,2.0,199.7062912083936,0.01540251357097776,6.160326821307773e-10,616.0326821307773,15.0,True,0.0007304807245672555,13.145749449293081,205.34422737692577
1000.0,872.910764842164,1.0,0.03,5.0,3.0,5.0,199.7062912083936,0.005666268085126855,2.2662575884561512e-10,226.62575884561514,15.0,True,0.0019856524796307675,13.145749449293081,75.54191961520505
1000.0,872.910764842164,1.0,0.03,5.0,3.0,10.0,199.7062912083936,0.0010702198004175717,4.280407682048546e-11,42.80407682048546,15.0,True,0.010513017297096241,13.145749449293081,14.268025606828488
1000.0,872.910764842164,1.0,0.03,5.0,9.6,0.5,199.7062912083936,0.028477492782005256,1.1389742445618832e-09,1138.974244561883,15.0,True,0.00039509234045331424,42.06639823773786,379.6580815206277
1000.0,872.910764842164,1.0,0.03,5.0,9.6,1.0,199.7062912083936,0.027032253171638716,1.081171027613364e-09,1081.171027613364,15.0,True,0.0004162153706554222,42.06639823773786,360.390342537788
1000.0,872.910764842164,1.0,0.03,5.0,9.6,2.0,199.7062912083936,0.024358090384519047,9.742162980095084e-10,974.2162980095084,15.0,True,0.00046190974316425164,42.06639823773786,324.7387660031695
1000.0,872.910764842164,1.0,0.03,5.0,9.6,5.0,199.7062912083936,0.01782075961660905,7.127518695982955e-10,712.7518695982955,15.0,True,0.0006313557623547428,42.06639823773786,237.58395653276517
1000.0,872.910764842164,1.0,0.03,5.0,9.6,10.0,199.7062912083936,0.010585982443765466,4.2339265781333015e-10,423.3926578133301,15.0,True,0.0010628431827894398,42.06639823773786,141.13088593777672
1000.0,872.910764842164,1.0,0.03,10.0,0.8,0.5,199.7062912083936,0.016057842855569708,6.422429662513317e-10,642.2429662513316,30.0,True,0.0014013388192527113,2.951015442030199,214.0809887504439
1000.0,872.910764842164,1.0,0.03,10.0,0.8,1.0,199.7062912083936,0.008595143905805703,3.437678875719614e-10,343.7678875719614,30.0,True,0.0026180455840617216,2.951015442030199,114.58929585732047
1000.0,872.910764842164,1.0,0.03,10.0,0.8,2.0,199.7062912083936,0.002462549958716964,9.849114879586148e-11,98.49114879586148,30.0,True,0.009137876966643902,2.951015442030199,32.83038293195383
1000.0,872.910764842164,1.0,0.03,10.0,0.8,5.0,199.7062912083936,5.791362408683128e-05,2.316289806447448e-12,2.3162898064474478,30.0,False,0.3885524158051504,2.951015442030199,0.7720966021491493
1000.0,872.910764842164,1.0,0.03,10.0,0.8,10.0,199.7062912083936,1.1179959516236012e-07,4.4714912375585546e-15,0.004471491237558555,30.0,False,201.2751344429341,2.951015442030199,0.0014904970791861849
1000.0,872.910764842164,1.0,0.03,10.0,3.0,0.5,199.7062912083936,0.02539445174671842,1.0156661864754633e-09,1015.6661864754633,30.0,True,0.0008861179115582798,11.066307907613247,338.5553954918211
1000.0,872.910764842164,1.0,0.03,10.0,3.0,1.0,199.7062912083936,0.021495939317213678,8.597428654408223e-10,859.7428654408224,30.0,True,0.0010468246218461334,11.066307907613247,286.5809551469408
1000.0,872.910764842164,1.0,0.03,10.0,3.0,2.0,199.7062912083936,0.01540251357097776,6.160326821307773e-10,616.0326821307773,30.0,True,0.001460961449134511,11.066307907613247,205.34422737692577
1000.0,872.910764842164,1.0,0.03,10.0,3.0,5.0,199.7062912083936,0.005666268085126855,2.2662575884561512e-10,226.62575884561514,30.0,True,0.003971304959261535,11.066307907613247,75.54191961520505
1000.0,872.910764842164,1.0,0.03,10.0,3.0,10.0,199.7062912083936,0.0010702198004175717,4.280407682048546e-11,42.80407682048546,30.0,True,0.021026034594192482,11.066307907613247,14.268025606828488
1000.0,872.910764842164,1.0,0.03,10.0,9.6,0.5,199.7062912083936,0.028477492782005256,1.1389742445618832e-09,1138.974244561883,30.0,True,0.0007901846809066285,35.41218530436239,379.6580815206277
1000.0,872.910764842164,1.0,0.03,10.0,9.6,1.0,199.7062912083936,0.027032253171638716,1.081171027613364e-09,1081.171027613364,30.0,True,0.0008324307413108444,35.41218530436239,360.390342537788
1000.0,872.910764842164,1.0,0.03,10.0,9.6,2.0,199.7062912083936,0.024358090384519047,9.742162980095084e-10,974.2162980095084,30.0,True,0.0009238194863285033,35.41218530436239,324.7387660031695
1000.0,872.910764842164,1.0,0.03,10.0,9.6,5.0,199.7062912083936,0.01782075961660905,7.127518695982955e-10,712.7518695982955,30.0,True,0.0012627115247094856,35.41218530436239,237.58395653276517
1000.0,872.910764842164,1.0,0.03,10.0,9.6,10.0,199.7062912083936,0.010585982443765466,4.2339265781333015e-10,423.3926578133301,30.0,True,0.0021256863655788796,35.41218530436239,141.13088593777672
1000.0,872.910764842164,1.0,0.03,50.0,0.8,0.5,199.7062912083936,0.016057842855569708,6.422429662513317e-10,642.2429662513316,150.0,True,0.007006694096263556,1.6634651120829187,214.0809887504439
1000.0,872.910764842164,1.0,0.03,50.0,0.8,1.0,199.7062912083936,0.008595143905805703,3.437678875719614e-10,343.7678875719614,150.0,True,0.013090227920308608,1.6634651120829187,114.58929585732047
1000.0,872.910764842164,1.0,0.03,50.0,0.8,2.0,199.7062912083936,0.002462549958716964,9.849114879586148e-11,98.49114879586148,150.0,False,0.045689384833219514,1.6634651120829187,32.83038293195383
1000.0,872.910764842164,1.0,0.03,50.0,0.8,5.0,199.7062912083936,5.791362408683128e-05,2.316289806447448e-12,2.3162898064474478,150.0,False,1.942762079025752,1.6634651120829187,0.7720966021491493
1000.0,872.910764842164,1.0,0.03,50.0,0.8,10.0,199.7062912083936,1.1179959516236012e-07,4.4714912375585546e-15,0.004471491237558555,150.0,False,1006.3756722146704,1.6634651120829187,0.0014904970791861849
1000.0,872.910764842164,1.0,0.03,50.0,3.0,0.5,199.7062912083936,0.02539445174671842,1.0156661864754633e-09,1015.6661864754633,150.0,True,0.0044305895577913985,6.2379941703109445,338.5553954918211
1000.0,872.910764842164,1.0,0.03,50.0,3.0,1.0,199.7062912083936,0.021495939317213678,8.597428654408223e-10,859.7428654408224,150.0,True,0.005234123109230666,6.2379941703109445,286.5809551469408
1000.0,872.910764842164,1.0,0.03,50.0,3.0,2.0,199.7062912083936,0.01540251357097776,6.160326821307773e-10,616.0326821307773,150.0,True,0.007304807245672555,6.2379941703109445,205.34422737692577
1000.0,872.910764842164,1.0,0.03,50.0,3.0,5.0,199.7062912083936,0.005666268085126855,2.2662575884561512e-10,226.62575884561514,150.0,True,0.019856524796307676,6.2379941703109445,75.54191961520505
1000.0,872.910764842164,1.0,0.03,50.0,3.0,10.0,199.7062912083936,0.0010702198004175717,4.280407682048546e-11,42.80407682048546,150.0,False,0.10513017297096242,6.2379941703109445,14.268025606828488
1000.0,872.910764842164,1.0,0.03,50.0,9.6,0.5,199.7062912083936,0.028477492782005256,1.1389742445618832e-09,1138.974244561883,150.0,True,0.0039509234045331425,19.96158134499502,379.6580815206277
1000.0,872.910764842164,1.0,0.03,50.0,9.6,1.0,199.7062912083936,0.027032253171638716,1.081171027613364e-09,1081.171027613364,150.0,True,0.004162153706554222,19.96158134499502,360.390342537788
1000.0,872.910764842164,1.0,0.03,50.0,9.6,2.0,199.7062912083936,0.024358090384519047,9.742162980095084e-10,974.2162980095084,150.0,True,0.004619097431642516,19.96158134499502,324.7387660031695
1000.0,872.910764842164,1.0,0.03,50.0,9.6,5.0,199.7062912083936,0.01782075961660905,7.127518695982955e-10,712.7518695982955,150.0,True,0.006313557623547427,19.96158134499502,237.58395653276517
1000.0,872.910764842164,1.0,0.03,50.0,9.6,10.0,199.7062912083936,0.010585982443765466,4.2339265781333015e-10,423.3926578133301,150.0,True,0.010628431827894396,19.96158134499502,141.13088593777672
1000.0,872.910764842164,1.0,0.03,100.0,0.8,0.5,199.7062912083936,0.016057842855569708,6.422429662513317e-10,642.2429662513316,300.0,True,0.014013388192527112,1.1089473676349626,214.0809887504439
1000.0,872.910764842164,1.0,0.03,100.0,0.8,1.0,199.7062912083936,0.008595143905805703,3.437678875719614e-10,343.7678875719614,300.0,True,0.026180455840617217,1.1089473676349626,114.58929585732047
1000.0,872.910764842164,1.0,0.03,100.0,0.8,2.0,199.7062912083936,0.002462549958716964,9.849114879586148e-11,98.49114879586148,300.0,False,0.09137876966643903,1.1089473676349626,32.83038293195383
1000.0,872.910764842164,1.0,0.03,100.0,0.8,5.0,199.7062912083936,5.791362408683128e-05,2.316289806447448e-12,2.3162898064474478,300.0,False,3.885524158051504,1.1089473676349626,0.7720966021491493
1000.0,872.910764842164,1.0,0.03,100.0,0.8,10.0,199.7062912083936,1.1179959516236012e-07,4.4714912375585546e-15,0.004471491237558555,300.0,False,2012.7513444293409,1.1089473676349626,0.0014904970791861849
1000.0,872.910764842164,1.0,0.03,100.0,3.0,0.5,199.7062912083936,0.02539445174671842,1.0156661864754633e-09,1015.6661864754633,300.0,True,0.008861179115582797,4.158552628631109,338.5553954918211
1000.0,872.910764842164,1.0,0.03,100.0,3.0,1.0,199.7062912083936,0.021495939317213678,8.597428654408223e-10,859.7428654408224,300.0,True,0.010468246218461333,4.158552628631109,286.5809551469408
1000.0,872.910764842164,1.0,0.03,100.0,3.0,2.0,199.7062912083936,0.01540251357097776,6.160326821307773e-10,616.0326821307773,300.0,True,0.01460961449134511,4.158552628631109,205.34422737692577
1000.0,872.910764842164,1.0,0.03,100.0,3.0,5.0,199.7062912083936,0.005666268085126855,2.2662575884561512e-10,226.62575884561514,300.0,False,0.03971304959261535,4.158552628631109,75.54191961520505
1000.0,872.910764842164,1.0,0.03,100.0,3.0,10.0,199.7062912083936,0.0010702198004175717,4.280407682048546e-11,42.80407682048546,300.0,False,0.21026034594192483,4.158552628631109,14.268025606828488
1000.0,872.910764842164,1.0,0.03,100.0,9.6,0.5,199.7062912083936,0.028477492782005256,1.1389742445618832e-09,1138.974244561883,300.0,True,0.007901846809066285,13.30736841161955,379.6580815206277
1000.0,872.910764842164,1.0,0.03,100.0,9.6,1.0,199.7062912083936,0.027032253171638716,1.081171027613364e-09,1081.171027613364,300.0,True,0.008324307413108445,13.30736841161955,360.390342537788
1000.0,872.910764842164,1.0,0.03,100.0,9.6,2.0,199.7062912083936,0.024358090384519047,9.742162980095084e-10,974.2162980095084,300.0,True,0.009238194863285032,13.30736841161955,324.7387660031695
1000.0,872.910764842164,1.0,0.03,100.0,9.6,5.0,199.7062912083936,0.01782075961660905,7.127518695982955e-10,712.7518695982955,300.0,True,0.012627115247094855,13.30736841161955,237.58395653276517
1000.0,872.910764842164,1.0,0.03,100.0,9.6,10.0,199.7062912083936,0.010585982443765466,4.2339265781333015e-10,423.3926578133301,300.0,True,0.021256863655788792,13.30736841161955,141.13088593777672
1000.0,872.910764842164,1.0,0.1,1.0,0.8,0.5,199.7062912083936,0.05352614285189903,2.140809887504439e-09,2140.809887504439,3.0,True,0.00014013388192527112,5.7562617598861845,713.603295834813
1000.0,872.910764842164,1.0,0.1,1.0,0.8,1.0,199.7062912083936,0.028650479686019012,1.1458929585732049e-09,1145.8929585732049,3.0,True,0.0002618045584061722,5.7562617598861845,381.9643195244016
1000.0,872.910764842164,1.0,0.1,1.0,0.8,2.0,199.7062912083936,0.008208499862389881,3.283038293195383e-10,328.3038293195383,3.0,True,0.0009137876966643902,5.7562617598861845,109.43460977317945
1000.0,872.910764842164,1.0,0.1,1.0,0.8,5.0,199.7062912083936,0.00019304541362277094,7.720966021491492e-12,7.720966021491492,3.0,True,0.038855241580515044,5.7562617598861845,2.573655340497164
1000.0,872.910764842164,1.0,0.1,1.0,0.8,10.0,199.7062912083936,3.726653172078671e-07,1.4904970791861852e-14,0.014904970791861852,3.0,False,20.12751344429341,5.7562617598861845,0.004968323597287284
1000.0,872.910764842164,1.0,0.1,1.0,3.0,0.5,199.7062912083936,0.08464817248906142,3.3855539549182118e-09,3385.5539549182117,3.0,True,8.861179115582798e-05,21.58598159957319,1128.5179849727374
1000.0,872.910764842164,1.0,0.1,1.0,3.0,1.0,199.7062912083936,0.07165313105737893,2.865809551469408e-09,2865.8095514694082,3.0,True,0.00010468246218461335,21.58598159957319,955.2698504898027
1000.0,872.910764842164,1.0,0.1,1.0,3.0,2.0,199.7062912083936,0.0513417119032592,2.053442273769258e-09,2053.442273769258,3.0,True,0.0001460961449134511,21.58598159957319,684.480757923086
1000.0,872.910764842164,1.0,0.1,1.0,3.0,5.0,199.7062912083936,0.018887560283756183,7.554191961520504e-10,755.4191961520504,3.0,True,0.00039713049592615354,21.58598159957319,251.80639871735013
1000.0,872.910764842164,1.0,0.1,1.0,3.0,10.0,199.7062912083936,0.0035673993347252395,1.4268025606828488e-10,142.68025606828488,3.0,True,0.0021026034594192485,21.58598159957319,47.56008535609496
1000.0,872.910764842164,1.0,0.1,1.0,9.6,0.5,199.7062912083936,0.09492497594001753,3.796580815206278e-09,3796.580815206278,3.0,True,7.901846809066285e-05,69.0751411186342,1265.5269384020928
1000.0,872.910764842164,1.0,0.1,1.0,9.6,1.0,199.7062912083936,0.09010751057212907,3.6039034253778807e-09,3603.903425377881,3.0,True,8.324307413108444e-05,69.0751411186342,1201.3011417926268
1000.0,872.910764842164,1.0,0.1,1.0,9.6,2.0,199.7062912083936,0.0811936346150635,3.247387660031695e-09,3247.387660031695,3.0,True,9.238194863285033e-05,69.0751411186342,1082.4625533438982
1000.0,872.910764842164,1.0,0.1,1.0,9.6,5.0,199.7062912083936,0.0594025320553635,2.3758395653276516e-09,2375.8395653276516,3.0,True,0.00012627115247094856,69.0751411186342,791.9465217758839
1000.0,872.910764842164,1.0,0.1,1.0,9.6,10.0,199.7062912083936,0.03528660814588489,1.4113088593777673e-09,1411.3088593777672,3.0,True,0.00021256863655788795,69.0751411186342,470.43628645925577
1000.0,872.910764842164,1.0,0.1,5.0,0.8,0.5,199.7062912083936,0.05352614285189903,2.140809887504439e-09,2140.809887504439,15.0,True,0.0007006694096263556,4.468711429938905,713.603295834813
1000.0,872.910764842164,1.0,0.1,5.0,0.8,1.0,199.7062912083936,0.028650479686019012,1.1458929585732049e-09,1145.8929585732049,15.0,True,0.0013090227920308608,4.468711429938905,381.9643195244016
1000.0,872.910764842164,1.0,0.1,5.0,0.8,2.0,199.7062912083936,0.008208499862389881,3.283038293195383e-10,328.3038293195383,15.0,True,0.004568938483321951,4.468711429938905,109.43460977317945
1000.0,872.910764842164,1.0,0.1,5.0,0.8,5.0,199.7062912083936,0.00019304541362277094,7.720966021491492e-12,7.720966021491492,15.0,False,0.1942762079025752,4.468711429938905,2.573655340497164
1000.0,872.910764842164,1.0,0.1,5.0,0.8,10.0,199.7062912083936,3.726653172078671e-07,1.4904970791861852e-14,0.014904970791861852,15.0,False,100.63756722146705,4.468711429938905,0.004968323597287284
1000.0,872.910764842164,1.0,0.1,5.0,3.0,0.5,199.7062912083936,0.08464817248906142,3.3855539549182118e-09,3385.5539549182117,15.0,True,0.0004430589557791399,16.757667862270893,1128.5179849727374
1000.0,872.910764842164,1.0,0.1,5.0,3.0,1.0,199.7062912083936,0.07165313105737893,2.865809551469408e-09,2865.8095514694082,15.0,True,0.0005234123109230667,16.757667862270893,955.2698504898027
1000.0,872.910764842164,1.0,0.1,5.0,3.0,2.0,199.7062912083936,0.0513417119032592,2.053442273769258e-09,2053.442273769258,15.0,True,0.0007304807245672555,16.757667862270893,684.480757923086
1000.0,872.910764842164,1.0,0.1,5.0,3.0,5.0,199.7062912083936,0.018887560283756183,7.554191961520504e-10,755.4191961520504,15.0,True,0.0019856524796307675,16.757667862270893,251.80639871735013
1000.0,872.910764842164,1.0,0.1,5.0,3.0,10.0,199.7062912083936,0.0035673993347252395,1.4268025606828488e-10,142.68025606828488,15.0,True,0.010513017297096241,16.757667862270893,47.56008535609496
1000.0,872.910764842164,1.0,0.1,5.0,9.6,0.5,199.7062912083936,0.09492497594001753,3.796580815206278e-09,3796.580815206278,15.0,True,0.00039509234045331424,53.62453715926685,1265.5269384020928
1000.0,872.910764842164,1.0,0.1,5.0,9.6,1.0,199.7062912083936,0.09010751057212907,3.6039034253778807e-09,3603.903425377881,15.0,True,0.0004162153706554222,53.62453715926685,1201.3011417926268
1000.0,872.910764842164,1.0,0.1,5.0,9.6,2.0,199.7062912083936,0.0811936346150635,3.247387660031695e-09,3247.387660031695,15.0,True,0.00046190974316425164,53.62453715926685,1082.4625533438982
1000.0,872.910764842164,1.0,0.1,5.0,9.6,5.0,199.7062912083936,0.0594025320553635,2.3758395653276516e-09,2375.8395653276516,15.0,True,0.0006313557623547428,53.62453715926685,791.9465217758839
1000.0,872.910764842164,1.0,0.1,5.0,9.6,10.0,199.7062912083936,0.03528660814588489,1.4113088593777673e-09,1411.3088593777672,15.0,True,0.0010628431827894398,53.62453715926685,470.43628645925577
1000.0,872.910764842164,1.0,0.1,10.0,0.8,0.5,199.7062912083936,0.05352614285189903,2.140809887504439e-09,2140.809887504439,30.0,True,0.0014013388192527113,3.9141936854909485,713.603295834813
1000.0,872.910764842164,1.0,0.1,10.0,0.8,1.0,199.7062912083936,0.028650479686019012,1.1458929585732049e-09,1145.8929585732049,30.0,True,0.0026180455840617216,3.9141936854909485,381.9643195244016
1000.0,872.910764842164,1.0,0.1,10.0,0.8,2.0,199.7062912083936,0.008208499862389881,3.283038293195383e-10,328.3038293195383,30.0,True,0.009137876966643902,3.9141936854909485,109.43460977317945
1000.0,872.910764842164,1.0,0.1,10.0,0.8,5.0,199.7062912083936,0.00019304541362277094,7.720966021491492e-12,7.720966021491492,30.0,False,0.3885524158051504,3.9141936854909485,2.573655340497164
1000.0,872.910764842164,1.0,0.1,10.0,0.8,10.0,199.7062912083936,3.726653172078671e-07,1.4904970791861852e-14,0.014904970791861852,30.0,False,201.2751344429341,3.9141936854909485,0.004968323597287284
1000.0,872.910764842164,1.0,0.1,10.0,3.0,0.5,199.7062912083936,0.08464817248906142,3.3855539549182118e-09,3385.5539549182117,30.0,True,0.0008861179115582798,14.678226320591055,1128.5179849727374
1000.0,872.910764842164,1.0,0.1,10.0,3.0,1.0,199.7062912083936,0.07165313105737893,2.865809551469408e-09,2865.8095514694082,30.0,True,0.0010468246218461334,14.678226320591055,955.2698504898027
1000.0,872.910764842164,1.0,0.1,10.0,3.0,2.0,199.7062912083936,0.0513417119032592,2.053442273769258e-09,2053.442273769258,30.0,True,0.001460961449134511,14.678226320591055,684.480757923086
1000.0,872.910764842164,1.0,0.1,10.0,3.0,5.0,199.7062912083936,0.018887560283756183,7.554191961520504e-10,755.4191961520504,30.0,True,0.003971304959261535,14.678226320591055,251.80639871735013
1000.0,872.910764842164,1.0,0.1,10.0,3.0,10.0,199.7062912083936,0.0035673993347252395,1.4268025606828488e-10,142.68025606828488,30.0,True,0.021026034594192482,14.678226320591055,47.56008535609496
1000.0,872.910764842164,1.0,0.1,10.0,9.6,0.5,199.7062912083936,0.09492497594001753,3.796580815206278e-09,3796.580815206278,30.0,True,0.0007901846809066285,46.970324225891375,1265.5269384020928
1000.0,872.910764842164,1.0,0.1,10.0,9.6,1.0,199.7062912083936,0.09010751057212907,3.6039034253778807e-09,3603.903425377881,30.0,True,0.0008324307413108444,46.970324225891375,1201.3011417926268
1000.0,872.910764842164,1.0,0.1,10.0,9.6,2.0,199.7062912083936,0.0811936346150635,3.247387660031695e-09,3247.387660031695,30.0,True,0.0009238194863285033,46.970324225891375,1082.4625533438982
1000.0,872.910764842164,1.0,0.1,10.0,9.6,5.0,199.7062912083936,0.0594025320553635,2.3758395653276516e-09,2375.8395653276516,30.0,True,0.0012627115247094856,46.970324225891375,791.9465217758839
1000.0,872.910764842164,1.0,0.1,10.0,9.6,10.0,199.7062912083936,0.03528660814588489,1.4113088593777673e-09,1411.3088593777672,30.0,True,0.0021256863655788796,46.970324225891375,470.43628645925577
1000.0,872.910764842164,1.0,0.1,50.0,0.8,0.5,199.7062912083936,0.05352614285189903,2.140809887504439e-09,2140.809887504439,150.0,True,0.007006694096263556,2.626643355543668,713.603295834813
1000.0,872.910764842164,1.0,0.1,50.0,0.8,1.0,199.7062912083936,0.028650479686019012,1.1458929585732049e-09,1145.8929585732049,150.0,True,0.013090227920308608,2.626643355543668,381.9643195244016
1000.0,872.910764842164,1.0,0.1,50.0,0.8,2.0,199.7062912083936,0.008208499862389881,3.283038293195383e-10,328.3038293195383,150.0,True,0.045689384833219514,2.626643355543668,109.43460977317945
1000.0,872.910764842164,1.0,0.1,50.0,0.8,5.0,199.7062912083936,0.00019304541362277094,7.720966021491492e-12,7.720966021491492,150.0,False,1.942762079025752,2.626643355543668,2.573655340497164
1000.0,872.910764842164,1.0,0.1,50.0,0.8,10.0,199.7062912083936,3.726653172078671e-07,1.4904970791861852e-14,0.014904970791861852,150.0,False,1006.3756722146704,2.626643355543668,0.004968323597287284
1000.0,872.910764842164,1.0,0.1,50.0,3.0,0.5,199.7062912083936,0.08464817248906142,3.3855539549182118e-09,3385.5539549182117,150.0,True,0.0044305895577913985,9.849912583288754,1128.5179849727374
1000.0,872.910764842164,1.0,0.1,50.0,3.0,1.0,199.7062912083936,0.07165313105737893,2.865809551469408e-09,2865.8095514694082,150.0,True,0.005234123109230666,9.849912583288754,955.2698504898027
1000.0,872.910764842164,1.0,0.1,50.0,3.0,2.0,199.7062912083936,0.0513417119032592,2.053442273769258e-09,2053.442273769258,150.0,True,0.007304807245672555,9.849912583288754,684.480757923086
1000.0,872.910764842164,1.0,0.1,50.0,3.0,5.0,199.7062912083936,0.018887560283756183,7.554191961520504e-10,755.4191961520504,150.0,True,0.019856524796307676,9.849912583288754,251.80639871735013
1000.0,872.910764842164,1.0,0.1,50.0,3.0,10.0,199.7062912083936,0.0035673993347252395,1.4268025606828488e-10,142.68025606828488,150.0,False,0.10513017297096242,9.849912583288754,47.56008535609496
1000.0,872.910764842164,1.0,0.1,50.0,9.6,0.5,199.7062912083936,0.09492497594001753,3.796580815206278e-09,3796.580815206278,150.0,True,0.0039509234045331425,31.51972026652401,1265.5269384020928
1000.0,872.910764842164,1.0,0.1,50.0,9.6,1.0,199.7062912083936,0.09010751057212907,3.6039034253778807e-09,3603.903425377881,150.0,True,0.004162153706554222,31.51972026652401,1201.3011417926268
1000.0,872.910764842164,1.0,0.1,50.0,9.6,2.0,199.7062912083936,0.0811936346150635,3.247387660031695e-09,3247.387660031695,150.0,True,0.004619097431642516,31.51972026652401,1082.4625533438982
1000.0,872.910764842164,1.0,0.1,50.0,9.6,5.0,199.7062912083936,0.0594025320553635,2.3758395653276516e-09,2375.8395653276516,150.0,True,0.006313557623547427,31.51972026652401,791.9465217758839
1000.0,872.910764842164,1.0,0.1,50.0,9.6,10.0,199.7062912083936,0.03528660814588489,1.4113088593777673e-09,1411.3088593777672,150.0,True,0.010628431827894396,31.51972026652401,470.43628645925577
1000.0,872.910764842164,1.0,0.1,100.0,0.8,0.5,199.7062912083936,0.05352614285189903,2.140809887504439e-09,2140.809887504439,300.0,True,0.014013388192527112,2.0721256110957116,713.603295834813
1000.0,872.910764842164,1.0,0.1,100.0,0.8,1.0,199.7062912083936,0.028650479686019012,1.1458929585732049e-09,1145.8929585732049,300.0,True,0.026180455840617217,2.0721256110957116,381.9643195244016
1000.0,872.910764842164,1.0,0.1,100.0,0.8,2.0,199.7062912083936,0.008208499862389881,3.283038293195383e-10,328.3038293195383,300.0,True,0.09137876966643903,2.0721256110957116,109.43460977317945
1000.0,872.910764842164,1.0,0.1,100.0,0.8,5.0,199.7062912083936,0.00019304541362277094,7.720966021491492e-12,7.720966021491492,300.0,False,3.885524158051504,2.0721256110957116,2.573655340497164
1000.0,872.910764842164,1.0,0.1,100.0,0.8,10.0,199.7062912083936,3.726653172078671e-07,1.4904970791861852e-14,0.014904970791861852,300.0,False,2012.7513444293409,2.0721256110957116,0.004968323597287284
1000.0,872.910764842164,1.0,0.1,100.0,3.0,0.5,199.7062912083936,0.08464817248906142,3.3855539549182118e-09,3385.5539549182117,300.0,True,0.008861179115582797,7.770471041608918,1128.5179849727374
1000.0,872.910764842164,1.0,0.1,100.0,3.0,1.0,199.7062912083936,0.07165313105737893,2.865809551469408e-09,2865.8095514694082,300.0,True,0.010468246218461333,7.770471041608918,955.2698504898027
1000.0,872.910764842164,1.0,0.1,100.0,3.0,2.0,199.7062912083936,0.0513417119032592,2.053442273769258e-09,2053.442273769258,300.0,True,0.01460961449134511,7.770471041608918,684.480757923086
1000.0,872.910764842164,1.0,0.1,100.0,3.0,5.0,199.7062912083936,0.018887560283756183,7.554191961520504e-10,755.4191961520504,300.0,True,0.03971304959261535,7.770471041608918,251.80639871735013
1000.0,872.910764842164,1.0,0.1,100.0,3.0,10.0,199.7062912083936,0.0035673993347252395,1.4268025606828488e-10,142.68025606828488,300.0,False,0.21026034594192483,7.770471041608918,47.56008535609496
1000.0,872.910764842164,1.0,0.1,100.0,9.6,0.5,199.7062912083936,0.09492497594001753,3.796580815206278e-09,3796.580815206278,300.0,True,0.007901846809066285,24.865507333148535,1265.5269384020928
1000.0,872.910764842164,1.0,0.1,100.0,9.6,1.0,199.7062912083936,0.09010751057212907,3.6039034253778807e-09,3603.903425377881,300.0,True,0.008324307413108445,24.865507333148535,1201.3011417926268
1000.0,872.910764842164,1.0,0.1,100.0,9.6,2.0,199.7062912083936,0.0811936346150635,3.247387660031695e-09,3247.387660031695,300.0,True,0.009238194863285032,24.865507333148535,1082.4625533438982
1000.0,872.910764842164,1.0,0.1,100.0,9.6,5.0,199.7062912083936,0.0594025320553635,2.3758395653276516e-09,2375.8395653276516,300.0,True,0.012627115247094855,24.865507333148535,791.9465217758839
1000.0,872.910764842164,1.0,0.1,100.0,9.6,10.0,199.7062912083936,0.03528660814588489,1.4113088593777673e-09,1411.3088593777672,300.0,True,0.021256863655788792,24.865507333148535,470.43628645925577
1000.0,872.910764842164,10.0,0.01,1.0,0.8,0.5,197.67057401878967,0.005352614285189903,2.1189874228174392e-10,211.89874228174392,3.0,True,0.00014157705551697675,3.9059969929244107,70.63291409391465
1000.0,872.910764842164,10.0,0.01,1.0,0.8,1.0,197.67057401878967,0.002865047968601901,1.1342122349510359e-10,113.42122349510359,3.0,True,0.0002645007616347491,3.9059969929244107,37.80707449836786
1000.0,872.910764842164,10.0,0.01,1.0,0.8,2.0,197.67057401878967,0.0008208499862389881,3.249572459709888e-11,32.495724597098885,3.0,True,0.0009231983706151398,3.9059969929244107,10.831908199032961
1000.0,872.910764842164,10.0,0.01,1.0,0.8,5.0,197.67057401878967,1.9304541362277093e-05,7.642261924814353e-13,0.7642261924814353,3.0,False,0.03925539361925071,3.9059969929244107,0.25474206416047845
1000.0,872.910764842164,10.0,0.01,1.0,0.8,10.0,197.67057401878967,3.726653172078671e-08,1.4753036142893401e-15,0.0014753036142893402,3.0,False,20.334797332175672,3.9059969929244107,0.0004917678714297801
1000.0,872.910764842164,10.0,0.01,1.0,3.0,0.5,197.67057401878967,0.008464817248906142,3.351043122331737e-10,335.1043122331737,3.0,True,8.952436272776245e-05,14.64748872346654,111.7014374110579
1000.0,872.910764842164,10.0,0.01,1.0,3.0,1.0,197.67057401878967,0.007165313105737893,2.8365967623741973e-10,283.6596762374197,3.0,True,0.0001057605381136033,14.64748872346654,94.55322541247324
1000.0,872.910764842164,10.0,0.01,1.0,3.0,2.0,197.67057401878967,0.005134171190325921,2.0325103957133513e-10,203.25103957133513,3.0,True,0.0001476007210751357,14.64748872346654,67.75034652377838
1000.0,872.910764842164,10.0,0.01,1.0,3.0,5.0,197.67057401878967,0.0018887560283756184,7.477187885501747e-11,74.77187885501746,3.0,True,0.0004012203579659935,14.64748872346654,24.923959618339154
1000.0,872.910764842164,10.0,0.01,1.0,3.0,10.0,197.67057401878967,0.00035673993347252396,1.4122583694038567e-11,14.122583694038566,3.0,True,0.002124257193296976,14.64748872346654,4.707527898012856
1000.0,872.910764842164,10.0,0.01,1.0,9.6,0.5,197.67057401878967,0.009492497594001751,3.7578801574529816e-10,375.78801574529814,3.0,True,7.983224249581555e-05,46.87196391509293,125.26267191509938
1000.0,872.910764842164,10.0,0.01,1.0,9.6,1.0,197.67057401878967,0.009010751057212905,3.5671668353169357e-10,356.71668353169355,3.0,True,8.41003557865119e-05,46.87196391509293,118.90556117723119
1000.0,872.910764842164,10.0,0.01,1.0,9.6,2.0,197.67057401878967,0.00811936346150635,3.2142852332586894e-10,321.4285233258689,3.0,True,9.333334730093495e-05,46.87196391509293,107.14284110862297
1000.0,872.910764842164,10.0,0.01,1.0,9.6,5.0,197.67057401878967,0.0059402532055363505,2.3516213125444594e-10,235.16213125444594,3.0,True,0.00012757156026766886,46.87196391509293,78.38737708481531
1000.0,872.910764842164,10.0,0.01,1.0,9.6,10.0,197.67057401878967,0.003528660814588489,1.3969226040049826e-10,139.69226040049827,3.0,True,0.00021475778195577825,46.87196391509293,46.56408680016609
1000.0,872.910764842164,10.0,0.01,5.0,0.8,0.5,197.67057401878967,0.005352614285189903,2.1189874228174392e-10,211.89874228174392,15.0,True,0.0007078852775848837,2.61844666297713,70.63291409391465
1000.0,872.910764842164,10.0,0.01,5.0,0.8,1.0,197.67057401878967,0.002865047968601901,1.1342122349510359e-10,113.42122349510359,15.0,True,0.0013225038081737456,2.61844666297713,37.80707449836786
1000.0,872.910764842164,10.0,0.01,5.0,0.8,2.0,197.67057401878967,0.0008208499862389881,3.249572459709888e-11,32.495724597098885,15.0,True,0.0046159918530756985,2.61844666297713,10.831908199032961
1000.0,872.910764842164,10.0,0.01,5.0,0.8,5.0,197.67057401878967,1.9304541362277093e-05,7.642261924814353e-13,0.7642261924814353,15.0,False,0.19627696809625353,2.61844666297713,0.25474206416047845
1000.0,872.910764842164,10.0,0.01,5.0,0.8,10.0,197.67057401878967,3.726653172078671e-08,1.4753036142893401e-15,0.0014753036142893402,15.0,False,101.67398666087836,2.61844666297713,0.0004917678714297801
1000.0,872.910764842164,10.0,0.01,5.0,3.0,0.5,197.67057401878967,0.008464817248906142,3.351043122331737e-10,335.1043122331737,15.0,True,0.0004476218136388122,9.819174986164239,111.7014374110579
1000.0,872.910764842164,10.0,0.01,5.0,3.0,1.0,197.67057401878967,0.007165313105737893,2.8365967623741973e-10,283.6596762374197,15.0,True,0.0005288026905680165,9.819174986164239,94.55322541247324
1000.0,872.910764842164,10.0,0.01,5.0,3.0,2.0,197.67057401878967,0.005134171190325921,2.0325103957133513e-10,203.25103957133513,15.0,True,0.0007380036053756785,9.819174986164239,67.75034652377838
1000.0,872.910764842164,10.0,0.01,5.0,3.0,5.0,197.67057401878967,0.0018887560283756184,7.477187885501747e-11,74.77187885501746,15.0,True,0.002006101789829967,9.819174986164239,24.923959618339154
1000.0,872.910764842164,10.0,0.01,5.0,3.0,10.0,197.67057401878967,0.00035673993347252396,1.4122583694038567e-11,14.122583694038566,15.0,False,0.01062128596648488,9.819174986164239,4.707527898012856
1000.0,872.910764842164,10.0,0.01,5.0,9.6,0.5,197.67057401878967,0.009492497594001751,3.7578801574529816e-10,375.78801574529814,15.0,True,0.0003991612124790777,31.42135995572556,125.26267191509938
1000.0,872.910764842164,10.0,0.01,5.0,9.6,1.0,197.67057401878967,0.009010751057212905,3.5671668353169357e-10,356.71668353169355,15.0,True,0.0004205017789325595,31.42135995572556,118.90556117723119
1000.0,872.910764842164,10.0,0.01,5.0,9.6,2.0,197.67057401878967,0.00811936346150635,3.2142852332586894e-10,321.4285233258689,15.0,True,0.00046666673650467476,31.42135995572556,107.14284110862297
1000.0,872.910764842164,10.0,0.01,5.0,9.6,5.0,197.67057401878967,0.0059402532055363505,2.3516213125444594e-10,235.16213125444594,15.0,True,0.0006378578013383442,31.42135995572556,78.38737708481531
1000.0,872.910764842164,10.0,0.01,5.0,9.6,10.0,197.67057401878967,0.003528660814588489,1.3969226040049826e-10,139.69226040049827,15.0,True,0.0010737889097788911,31.42135995572556,46.56408680016609
1000.0,872.910764842164,10.0,0.01,10.0,0.8,0.5,197.67057401878967,0.005352614285189903,2.1189874228174392e-10,211.89874228174392,30.0,True,0.0014157705551697674,2.063928918529174,70.63291409391465
1000.0,872.910764842164,10.0,0.01,10.0,0.8,1.0,197.67057401878967,0.002865047968601901,1.1342122349510359e-10,113.42122349510359,30.0,True,0.0026450076163474913,2.063928918529174,37.80707449836786
1000.0,872.910764842164,10.0,0.01,10.0,0.8,2.0,197.67057401878967,0.0008208499862389881,3.249572459709888e-11,32.495724597098885,30.0,True,0.009231983706151397,2.063928918529174,10.831908199032961
1000.0,872.910764842164,10.0,0.01,10.0,0.8,5.0,197.67057401878967,1.9304541362277093e-05,7.642261924814353e-13,0.7642261924814353,30.0,False,0.39255393619250706,2.063928918529174,0.25474206416047845
1000.0,872.910764842164,10.0,0.01,10.0,0.8,10.0,197.67057401878967,3.726653172078671e-08,1.4753036142893401e-15,0.0014753036142893402,30.0,False,203.3479733217567,2.063928918529174,0.0004917678714297801
1000.0,872.910764842164,10.0,0.01,10.0,3.0,0.5,197.67057401878967,0.008464817248906142,3.351043122331737e-10,335.1043122331737,30.0,True,0.0008952436272776244,7.7397334444844015,111.7014374110579
1000.0,872.910764842164,10.0,0.01,10.0,3.0,1.0,197.67057401878967,0.007165313105737893,2.8365967623741973e-10,283.6596762374197,30.0,True,0.001057605381136033,7.7397334444844015,94.55322541247324
1000.0,872.910764842164,10.0,0.01,10.0,3.0,2.0,197.67057401878967,0.005134171190325921,2.0325103957133513e-10,203.25103957133513,30.0,True,0.001476007210751357,7.7397334444844015,67.75034652377838
1000.0,872.910764842164,10.0,0.01,10.0,3.0,5.0,197.67057401878967,0.0018887560283756184,7.477187885501747e-11,74.77187885501746,30.0,True,0.004012203579659934,7.7397334444844015,24.923959618339154
1000.0,872.910764842164,10.0,0.01,10.0,3.0,10.0,197.67057401878967,0.00035673993347252396,1.4122583694038567e-11,14.122583694038566,30.0,False,0.02124257193296976,7.7397334444844015,4.707527898012856
1000.0,872.910764842164,10.0,0.01,10.0,9.6,0.5,197.67057401878967,0.009492497594001751,3.7578801574529816e-10,375.78801574529814,30.0,True,0.0007983224249581554,24.767147022350084,125.26267191509938
1000.0,872.910764842164,10.0,0.01,10.0,9.6,1.0,197.67057401878967,0.009010751057212905,3.5671668353169357e-10,356.71668353169355,30.0,True,0.000841003557865119,24.767147022350084,118.90556117723119
1000.0,872.910764842164,10.0,0.01,10.0,9.6,2.0,197.67057401878967,0.00811936346150635,3.2142852332586894e-10,321.4285233258689,30.0,True,0.0009333334730093495,24.767147022350084,107.14284110862297
1000.0,872.910764842164,10.0,0.01,10.0,9.6,5.0,197.67057401878967,0.0059402532055363505,2.3516213125444594e-10,235.16213125444594,30.0,True,0.0012757156026766885,24.767147022350084,78.38737708481531
1000.0,872.910764842164,10.0,0.01,10.0,9.6,10.0,197.67057401878967,0.003528660814588489,1.3969226040049826e-10,139.69226040049827,30.0,True,0.0021475778195577822,24.767147022350084,46.56408680016609
1000.0,872.910764842164,10.0,0.01,50.0,0.8,0.5,197.67057401878967,0.005352614285189903,2.1189874228174392e-10,211.89874228174392,150.0,True,0.007078852775848837,0.7763785885818935,70.63291409391465
1000.0,872.910764842164,10.0,0.01,50.0,0.8,1.0,197.67057401878967,0.002865047968601901,1.1342122349510359e-10,113.42122349510359,150.0,False,0.013225038081737455,0.7763785885818935,37.80707449836786
1000.0,872.910764842164,10.0,0.01,50.0,0.8,2.0,197.67057401878967,0.0008208499862389881,3.249572459709888e-11,32.495724597098885,150.0,False,0.04615991853075698,0.7763785885818935,10.831908199032961
1000.0,872.910764842164,10.0,0.01,50.0,0.8,5.0,197.67057401878967,1.9304541362277093e-05,7.642261924814353e-13,0.7642261924814353,150.0,False,1.9627696809625355,0.7763785885818935,0.25474206416047845
1000.0,872.910764842164,10.0,0.01,50.0,0.8,10.0,197.67057401878967,3.726653172078671e-08,1.4753036142893401e-15,0.0014753036142893402,150.0,False,1016.7398666087835,0.7763785885818935,0.0004917678714297801
1000.0,872.910764842164,10.0,0.01,50.0,3.0,0.5,197.67057401878967,0.008464817248906142,3.351043122331737e-10,335.1043122331737,150.0,True,0.004476218136388122,2.9114197071821004,111.7014374110579
1000.0,872.910764842164,10.0,0.01,50.0,3.0,1.0,197.67057401878967,0.007165313105737893,2.8365967623741973e-10,283.6596762374197,150.0,True,0.005288026905680165,2.9114197071821004,94.55322541247324
1000.0,872.910764842164,10.0,0.01,50.0,3.0,2.0,197.67057401878967,0.005134171190325921,2.0325103957133513e-10,203.25103957133513,150.0,True,0.007380036053756784,2.9114197071821004,67.75034652377838
1000.0,872.910764842164,10.0,0.01,50.0,3.0,5.0,197.67057401878967,0.0018887560283756184,7.477187885501747e-11,74.77187885501746,150.0,False,0.02006101789829967,2.9114197071821004,24.923959618339154
1000.0,872.910764842164,10.0,0.01,50.0,3.0,10.0,197.67057401878967,0.00035673993347252396,1.4122583694038567e-11,14.122583694038566,150.0,False,0.1062128596648488,2.9114197071821004,4.707527898012856
1000.0,872.910764842164,10.0,0.01,50.0,9.6,0.5,197.67057401878967,0.009492497594001751,3.7578801574529816e-10,375.78801574529814,150.0,True,0.003991612124790778,9.31654306298272,125.26267191509938
1000.0,872.910764842164,10.0,0.01,50.0,9.6,1.0,197.67057401878967,0.009010751057212905,3.5671668353169357e-10,356.71668353169355,150.0,True,0.004205017789325595,9.31654306298272,118.90556117723119
1000.0,872.910764842164,10.0,0.01,50.0,9.6,2.0,197.67057401878967,0.00811936346150635,3.2142852332586894e-10,321.4285233258689,150.0,True,0.004666667365046747,9.31654306298272,107.14284110862297
1000.0,872.910764842164,10.0,0.01,50.0,9.6,5.0,197.67057401878967,0.0059402532055363505,2.3516213125444594e-10,235.16213125444594,150.0,True,0.006378578013383442,9.31654306298272,78.38737708481531
1000.0,872.910764842164,10.0,0.01,50.0,9.6,10.0,197.67057401878967,0.003528660814588489,1.3969226040049826e-10,139.69226040049827,150.0,False,0.010737889097788913,9.31654306298272,46.56408680016609
1000.0,872.910764842164,10.0,0.01,100.0,0.8,0.5,197.67057401878967,0.005352614285189903,2.1189874228174392e-10,211.89874228174392,300.0,False,0.014157705551697673,0.2218608441339372,70.63291409391465
1000.0,872.910764842164,10.0,0.01,100.0,0.8,1.0,197.67057401878967,0.002865047968601901,1.1342122349510359e-10,113.42122349510359,300.0,False,0.02645007616347491,0.2218608441339372,37.80707449836786
1000.0,872.910764842164,10.0,0.01,100.0,0.8,2.0,197.67057401878967,0.0008208499862389881,3.249572459709888e-11,32.495724597098885,300.0,False,0.09231983706151396,0.2218608441339372,10.831908199032961
1000.0,872.910764842164,10.0,0.01,100.0,0.8,5.0,197.67057401878967,1.9304541362277093e-05,7.642261924814353e-13,0.7642261924814353,300.0,False,3.925539361925071,0.2218608441339372,0.25474206416047845
1000.0,872.910764842164,10.0,0.01,100.0,0.8,10.0,197.67057401878967,3.726653172078671e-08,1.4753036142893401e-15,0.0014753036142893402,300.0,False,2033.479733217567,0.2218608441339372,0.0004917678714297801
1000.0,872.910764842164,10.0,0.01,100.0,3.0,0.5,197.67057401878967,0.008464817248906142,3.351043122331737e-10,335.1043122331737,300.0,True,0.008952436272776244,0.8319781655022644,111.7014374110579
1000.0,872.910764842164,10.0,0.01,100.0,3.0,1.0,197.67057401878967,0.007165313105737893,2.8365967623741973e-10,283.6596762374197,300.0,False,0.01057605381136033,0.8319781655022644,94.55322541247324
1000.0,872.910764842164,10.0,0.01,100.0,3.0,2.0,197.67057401878967,0.005134171190325921,2.0325103957133513e-10,203.25103957133513,300.0,False,0.014760072107513568,0.8319781655022644,67.75034652377838
1000.0,872.910764842164,10.0,0.01,100.0,3.0,5.0,197.67057401878967,0.0018887560283756184,7.477187885501747e-11,74.77187885501746,300.0,False,0.04012203579659934,0.8319781655022644,24.923959618339154
1000.0,872.910764842164,10.0,0.01,100.0,3.0,10.0,197.67057401878967,0.00035673993347252396,1.4122583694038567e-11,14.122583694038566,300.0,False,0.2124257193296976,0.8319781655022644,4.707527898012856
1000.0,872.910764842164,10.0,0.01,100.0,9.6,0.5,197.67057401878967,0.009492497594001751,3.7578801574529816e-10,375.78801574529814,300.0,True,0.007983224249581556,2.662330129607246,125.26267191509938
1000.0,872.910764842164,10.0,0.01,100.0,9.6,1.0,197.67057401878967,0.009010751057212905,3.5671668353169357e-10,356.71668353169355,300.0,True,0.00841003557865119,2.662330129607246,118.90556117723119
1000.0,872.910764842164,10.0,0.01,100.0,9.6,2.0,197.67057401878967,0.00811936346150635,3.2142852332586894e-10,321.4285233258689,300.0,True,0.009333334730093495,2.662330129607246,107.14284110862297
1000.0,872.910764842164,10.0,0.01,100.0,9.6,5.0,197.67057401878967,0.0059402532055363505,2.3516213125444594e-10,235.16213125444594,300.0,False,0.012757156026766884,2.662330129607246,78.38737708481531
1000.0,872.910764842164,10.0,0.01,100.0,9.6,10.0,197.67057401878967,0.003528660814588489,1.3969226040049826e-10,139.69226040049827,300.0,False,0.021475778195577826,2.662330129607246,46.56408680016609
1000.0,872.910764842164,10.0,0.03,1.0,0.8,0.5,197.67057401878967,0.016057842855569708,6.356962268452317e-10,635.6962268452318,3.0,True,0.00014157705551697675,4.784886823858898,211.89874228174392
1000.0,872.910764842164,10.0,0.03,1.0,0.8,1.0,197.67057401878967,0.008595143905805703,3.402636704853108e-10,340.2636704853108,3.0,True,0.0002645007616347491,4.784886823858898,113.42122349510359
1000.0,872.910764842164,10.0,0.03,1.0,0.8,2.0,197.67057401878967,0.002462549958716964,9.748717379129663e-11,97.48717379129663,3.0,True,0.0009231983706151398,4.784886823858898,32.49572459709888
1000.0,872.910764842164,10.0,0.03,1.0,0.8,5.0,197.67057401878967,5.791362408683128e-05,2.292678577444306e-12,2.292678577444306,3.0,False,0.03925539361925071,4.784886823858898,0.7642261924814353
1000.0,872.910764842164,10.0,0.03,1.0,0.8,10.0,197.67057401878967,1.1179959516236012e-07,4.4259108428680206e-15,0.004425910842868021,3.0,False,20.334797332175672,4.784886823858898,0.0014753036142893402
1000.0,872.910764842164,10.0,0.03,1.0,3.0,0.5,197.67057401878967,0.02539445174671842,1.005312936699521e-09,1005.3129366995211,3.0,True,8.952436272776245e-05,17.943325589470867,335.10431223317363
1000.0,872.910764842164,10.0,0.03,1.0,3.0,1.0,197.67057401878967,0.021495939317213678,8.509790287122592e-10,850.9790287122592,3.0,True,0.0001057605381136033,17.943325589470867,283.6596762374197
1000.0,872.910764842164,10.0,0.03,1.0,3.0,2.0,197.67057401878967,0.01540251357097776,6.097531187140053e-10,609.7531187140053,3.0,True,0.0001476007210751357,17.943325589470867,203.2510395713351
1000.0,872.910764842164,10.0,0.03,1.0,3.0,5.0,197.67057401878967,0.005666268085126855,2.243156365650524e-10,224.3156365650524,3.0,True,0.0004012203579659935,17.943325589470867,74.77187885501746
1000.0,872.910764842164,10.0,0.03,1.0,3.0,10.0,197.67057401878967,0.0010702198004175717,4.236775108211569e-11,42.36775108211569,3.0,True,0.002124257193296976,17.943325589470867,14.122583694038564
1000.0,872.910764842164,10.0,0.03,1.0,9.6,0.5,197.67057401878967,0.028477492782005256,1.1273640472358947e-09,1127.3640472358948,3.0,True,7.983224249581555e-05,57.41864188630677,375.7880157452982
1000.0,872.910764842164,10.0,0.03,1.0,9.6,1.0,197.67057401878967,0.027032253171638716,1.0701500505950809e-09,1070.1500505950808,3.0,True,8.41003557865119e-05,57.41864188630677,356.7166835316936
1000.0,872.910764842164,10.0,0.03,1.0,9.6,2.0,197.67057401878967,0.024358090384519047,9.642855699776069e-10,964.2855699776069,3.0,True,9.333334730093495e-05,57.41864188630677,321.4285233258689
1000.0,872.910764842164,10.0,0.03,1.0,9.6,5.0,197.67057401878967,0.01782075961660905,7.054863937633378e-10,705.4863937633378,3.0,True,0.00012757156026766886,57.41864188630677,235.16213125444594
1000.0,872.910764842164,10.0,0.03,1.0,9.6,10.0,197.67057401878967,0.010585982443765466,4.190767812014947e-10,419.0767812014947,3.0,True,0.00021475778195577825,57.41864188630677,139.69226040049824
1000.0,872.910764842164,10.0,0.03,5.0,0.8,0.5,197.67057401878967,0.016057842855569708,6.356962268452317e-10,635.6962268452318,15.0,True,0.0007078852775848837,3.4973364939116176,211.89874228174392
1000.0,872.910764842164,10.0,0.03,5.0,0.8,1.0,197.67057401878967,0.008595143905805703,3.402636704853108e-10,340.2636704853108,15.0,True,0.0013225038081737456,3.4973364939116176,113.42122349510359
1000.0,872.910764842164,10.0,0.03,5.0,0.8,2.0,197.67057401878967,0.002462549958716964,9.748717379129663e-11,97.48717379129663,15.0,True,0.0046159918530756985,3.4973364939116176,32.49572459709888
1000.0,872.910764842164,10.0,0.03,5.0,0.8,5.0,197.67057401878967,5.791362408683128e-05,2.292678577444306e-12,2.292678577444306,15.0,False,0.19627696809625353,3.4973364939116176,0.7642261924814353
1000.0,872.910764842164,10.0,0.03,5.0,0.8,10.0,197.67057401878967,1.1179959516236012e-07,4.4259108428680206e-15,0.004425910842868021,15.0,False,101.67398666087836,3.4973364939116176,0.0014753036142893402
1000.0,872.910764842164,10.0,0.03,5.0,3.0,0.5,197.67057401878967,0.02539445174671842,1.005312936699521e-09,1005.3129366995211,15.0,True,0.0004476218136388122,13.115011852168564,335.10431223317363
1000.0,872.910764842164,10.0,0.03,5.0,3.0,1.0,197.67057401878967,0.021495939317213678,8.509790287122592e-10,850.9790287122592,15.0,True,0.0005288026905680165,13.115011852168564,283.6596762374197
1000.0,872.910764842164,10.0,0.03,5.0,3.0,2.0,197.67057401878967,0.01540251357097776,6.097531187140053e-10,609.7531187140053,15.0,True,0.0007380036053756785,13.115011852168564,203.2510395713351
1000.0,872.910764842164,10.0,0.03,5.0,3.0,5.0,197.67057401878967,0.005666268085126855,2.243156365650524e-10,224.3156365650524,15.0,True,0.002006101789829967,13.115011852168564,74.77187885501746
1000.0,872.910764842164,10.0,0.03,5.0,3.0,10.0,197.67057401878967,0.0010702198004175717,4.236775108211569e-11,42.36775108211569,15.0,True,0.01062128596648488,13.115011852168564,14.122583694038564
1000.0,872.910764842164,10.0,0.03,5.0,9.6,0.5,197.67057401878967,0.028477492782005256,1.1273640472358947e-09,1127.3640472358948,15.0,True,0.0003991612124790777,41.96803792693941,375.7880157452982
1000.0,872.910764842164,10.0,0.03,5.0,9.6,1.0,197.67057401878967,0.027032253171638716,1.0701500505950809e-09,1070.1500505950808,15.0,True,0.0004205017789325595,41.96803792693941,356.7166835316936
1000.0,872.910764842164,10.0,0.03,5.0,9.6,2.0,197.67057401878967,0.024358090384519047,9.642855699776069e-10,964.2855699776069,15.0,True,0.00046666673650467476,41.96803792693941,321.4285233258689
1000.0,872.910764842164,10.0,0.03,5.0,9.6,5.0,197.67057401878967,0.01782075961660905,7.054863937633378e-10,705.4863937633378,15.0,True,0.0006378578013383442,41.96803792693941,235.16213125444594
1000.0,872.910764842164,10.0,0.03,5.0,9.6,10.0,197.67057401878967,0.010585982443765466,4.190767812014947e-10,419.0767812014947,15.0,True,0.0010737889097788911,41.96803792693941,139.69226040049824
1000.0,872.910764842164,10.0,0.03,10.0,0.8,0.5,197.67057401878967,0.016057842855569708,6.356962268452317e-10,635.6962268452318,30.0,True,0.0014157705551697674,2.9428187494636617,211.89874228174392
1000.0,872.910764842164,10.0,0.03,10.0,0.8,1.0,197.67057401878967,0.008595143905805703,3.402636704853108e-10,340.2636704853108,30.0,True,0.0026450076163474913,2.9428187494636617,113.42122349510359
1000.0,872.910764842164,10.0,0.03,10.0,0.8,2.0,197.67057401878967,0.002462549958716964,9.748717379129663e-11,97.48717379129663,30.0,True,0.009231983706151397,2.9428187494636617,32.49572459709888
1000.0,872.910764842164,10.0,0.03,10.0,0.8,5.0,197.67057401878967,5.791362408683128e-05,2.292678577444306e-12,2.292678577444306,30.0,False,0.39255393619250706,2.9428187494636617,0.7642261924814353
1000.0,872.910764842164,10.0,0.03,10.0,0.8,10.0,197.67057401878967,1.1179959516236012e-07,4.4259108428680206e-15,0.004425910842868021,30.0,False,203.3479733217567,2.9428187494636617,0.0014753036142893402
1000.0,872.910764842164,10.0,0.03,10.0,3.0,0.5,197.67057401878967,0.02539445174671842,1.005312936699521e-09,1005.3129366995211,30.0,True,0.0008952436272776244,11.03557031048873,335.10431223317363
1000.0,872.910764842164,10.0,0.03,10.0,3.0,1.0,197.67057401878967,0.021495939317213678,8.509790287122592e-10,850.9790287122592,30.0,True,0.001057605381136033,11.03557031048873,283.6596762374197
1000.0,872.910764842164,10.0,0.03,10.0,3.0,2.0,197.67057401878967,0.01540251357097776,6.097531187140053e-10,609.7531187140053,30.0,True,0.001476007210751357,11.03557031048873,203.2510395713351
1000.0,872.910764842164,10.0,0.03,10.0,3.0,5.0,197.67057401878967,0.005666268085126855,2.243156365650524e-10,224.3156365650524,30.0,True,0.004012203579659934,11.03557031048873,74.77187885501746
1000.0,872.910764842164,10.0,0.03,10.0,3.0,10.0,197.67057401878967,0.0010702198004175717,4.236775108211569e-11,42.36775108211569,30.0,True,0.02124257193296976,11.03557031048873,14.122583694038564
1000.0,872.910764842164,10.0,0.03,10.0,9.6,0.5,197.67057401878967,0.028477492782005256,1.1273640472358947e-09,1127.3640472358948,30.0,True,0.0007983224249581554,35.313824993563934,375.7880157452982
1000.0,872.910764842164,10.0,0.03,10.0,9.6,1.0,197.67057401878967,0.027032253171638716,1.0701500505950809e-09,1070.1500505950808,30.0,True,0.000841003557865119,35.313824993563934,356.7166835316936
1000.0,872.910764842164,10.0,0.03,10.0,9.6,2.0,197.67057401878967,0.024358090384519047,9.642855699776069e-10,964.2855699776069,30.0,True,0.0009333334730093495,35.313824993563934,321.4285233258689
1000.0,872.910764842164,10.0,0.03,10.0,9.6,5.0,197.67057401878967,0.01782075961660905,7.054863937633378e-10,705.4863937633378,30.0,True,0.0012757156026766885,35.313824993563934,235.16213125444594
1000.0,872.910764842164,10.0,0.03,10.0,9.6,10.0,197.67057401878967,0.010585982443765466,4.190767812014947e-10,419.0767812014947,30.0,True,0.0021475778195577822,35.313824993563934,139.69226040049824
1000.0,872.910764842164,10.0,0.03,50.0,0.8,0.5,197.67057401878967,0.016057842855569708,6.356962268452317e-10,635.6962268452318,150.0,True,0.007078852775848837,1.6552684195163812,211.89874228174392
1000.0,872.910764842164,10.0,0.03,50.0,0.8,1.0,197.67057401878967,0.008595143905805703,3.402636704853108e-10,340.2636704853108,150.0,True,0.013225038081737455,1.6552684195163812,113.42122349510359
1000.0,872.910764842164,10.0,0.03,50.0,0.8,2.0,197.67057401878967,0.002462549958716964,9.748717379129663e-11,97.48717379129663,150.0,False,0.04615991853075698,1.6552684195163812,32.49572459709888
1000.0,872.910764842164,10.0,0.03,50.0,0.8,5.0,197.67057401878967,5.791362408683128e-05,2.292678577444306e-12,2.292678577444306,150.0,False,1.9627696809625355,1.6552684195163812,0.7642261924814353
1000.0,872.910764842164,10.0,0.03,50.0,0.8,10.0,197.67057401878967,1.1179959516236012e-07,4.4259108428680206e-15,0.004425910842868021,150.0,False,1016.7398666087835,1.6552684195163812,0.0014753036142893402
1000.0,872.910764842164,10.0,0.03,50.0,3.0,0.5,197.67057401878967,0.02539445174671842,1.005312936699521e-09,1005.3129366995211,150.0,True,0.004476218136388122,6.207256573186429,335.10431223317363
1000.0,872.910764842164,10.0,0.03,50.0,3.0,1.0,197.67057401878967,0.021495939317213678,8.509790287122592e-10,850.9790287122592,150.0,True,0.005288026905680165,6.207256573186429,283.6596762374197
1000.0,872.910764842164,10.0,0.03,50.0,3.0,2.0,197.67057401878967,0.01540251357097776,6.097531187140053e-10,609.7531187140053,150.0,True,0.007380036053756784,6.207256573186429,203.2510395713351
1000.0,872.910764842164,10.0,0.03,50.0,3.0,5.0,197.67057401878967,0.005666268085126855,2.243156365650524e-10,224.3156365650524,150.0,True,0.02006101789829967,6.207256573186429,74.77187885501746
1000.0,872.910764842164,10.0,0.03,50.0,3.0,10.0,197.67057401878967,0.0010702198004175717,4.236775108211569e-11,42.36775108211569,150.0,False,0.1062128596648488,6.207256573186429,14.122583694038564
1000.0,872.910764842164,10.0,0.03,50.0,9.6,0.5,197.67057401878967,0.028477492782005256,1.1273640472358947e-09,1127.3640472358948,150.0,True,0.003991612124790778,19.86322103419657,375.7880157452982
1000.0,872.910764842164,10.0,0.03,50.0,9.6,1.0,197.67057401878967,0.027032253171638716,1.0701500505950809e-09,1070.1500505950808,150.0,True,0.004205017789325595,19.86322103419657,356.7166835316936
1000.0,872.910764842164,10.0,0.03,50.0,9.6,2.0,197.67057401878967,0.024358090384519047,9.642855699776069e-10,964.2855699776069,150.0,True,0.004666667365046747,19.86322103419657,321.4285233258689
1000.0,872.910764842164,10.0,0.03,50.0,9.6,5.0,197.67057401878967,0.01782075961660905,7.054863937633378e-10,705.4863937633378,150.0,True,0.006378578013383442,19.86322103419657,235.16213125444594
1000.0,872.910764842164,10.0,0.03,50.0,9.6,10.0,197.67057401878967,0.010585982443765466,4.190767812014947e-10,419.0767812014947,150.0,True,0.010737889097788913,19.86322103419657,139.69226040049824
1000.0,872.910764842164,10.0,0.03,100.0,0.8,0.5,197.67057401878967,0.016057842855569708,6.356962268452317e-10,635.6962268452318,300.0,True,0.014157705551697673,1.1007506750684248,211.89874228174392
1000.0,872.910764842164,10.0,0.03,100.0,0.8,1.0,197.67057401878967,0.008595143905805703,3.402636704853108e-10,340.2636704853108,300.0,True,0.02645007616347491,1.1007506750684248,113.42122349510359
1000.0,872.910764842164,10.0,0.03,100.0,0.8,2.0,197.67057401878967,0.002462549958716964,9.748717379129663e-11,97.48717379129663,300.0,False,0.09231983706151396,1.1007506750684248,32.49572459709888
1000.0,872.910764842164,10.0,0.03,100.0,0.8,5.0,197.67057401878967,5.791362408683128e-05,2.292678577444306e-12,2.292678577444306,300.0,False,3.925539361925071,1.1007506750684248,0.7642261924814353
1000.0,872.910764842164,10.0,0.03,100.0,0.8,10.0,197.67057401878967,1.1179959516236012e-07,4.4259108428680206e-15,0.004425910842868021,300.0,False,2033.479733217567,1.1007506750684248,0.0014753036142893402
1000.0,872.910764842164,10.0,0.03,100.0,3.0,0.5,197.67057401878967,0.02539445174671842,1.005312936699521e-09,1005.3129366995211,300.0,True,0.008952436272776244,4.127815031506593,335.10431223317363
1000.0,872.910764842164,10.0,0.03,100.0,3.0,1.0,197.67057401878967,0.021495939317213678,8.509790287122592e-10,850.9790287122592,300.0,True,0.01057605381136033,4.127815031506593,283.6596762374197
1000.0,872.910764842164,10.0,0.03,100.0,3.0,2.0,197.67057401878967,0.01540251357097776,6.097531187140053e-10,609.7531187140053,300.0,True,0.014760072107513568,4.127815031506593,203.2510395713351
1000.0,872.910764842164,10.0,0.03,100.0,3.0,5.0,197.67057401878967,0.005666268085126855,2.243156365650524e-10,224.3156365650524,300.0,False,0.04012203579659934,4.127815031506593,74.77187885501746
1000.0,872.910764842164,10.0,0.03,100.0,3.0,10.0,197.67057401878967,0.0010702198004175717,4.236775108211569e-11,42.36775108211569,300.0,False,0.2124257193296976,4.127815031506593,14.122583694038564
1000.0,872.910764842164,10.0,0.03,100.0,9.6,0.5,197.67057401878967,0.028477492782005256,1.1273640472358947e-09,1127.3640472358948,300.0,True,0.007983224249581556,13.209008100821098,375.7880157452982
1000.0,872.910764842164,10.0,0.03,100.0,9.6,1.0,197.67057401878967,0.027032253171638716,1.0701500505950809e-09,1070.1500505950808,300.0,True,0.00841003557865119,13.209008100821098,356.7166835316936
1000.0,872.910764842164,10.0,0.03,100.0,9.6,2.0,197.67057401878967,0.024358090384519047,9.642855699776069e-10,964.2855699776069,300.0,True,0.009333334730093495,13.209008100821098,321.4285233258689
1000.0,872.910764842164,10.0,0.03,100.0,9.6,5.0,197.67057401878967,0.01782075961660905,7.054863937633378e-10,705.4863937633378,300.0,True,0.012757156026766884,13.209008100821098,235.16213125444594
1000.0,872.910764842164,10.0,0.03,100.0,9.6,10.0,197.67057401878967,0.010585982443765466,4.190767812014947e-10,419.0767812014947,300.0,True,0.021475778195577826,13.209008100821098,139.69226040049824
1000.0,872.910764842164,10.0,0.1,1.0,0.8,0.5,197.67057401878967,0.05352614285189903,2.1189874228174392e-09,2118.9874228174394,3.0,True,0.00014157705551697675,5.748065067319647,706.3291409391464
1000.0,872.910764842164,10.0,0.1,1.0,0.8,1.0,197.67057401878967,0.028650479686019012,1.134212234951036e-09,1134.212234951036,3.0,True,0.0002645007616347491,5.748065067319647,378.07074498367865
1000.0,872.910764842164,10.0,0.1,1.0,0.8,2.0,197.67057401878967,0.008208499862389881,3.249572459709888e-10,324.9572459709888,3.0,True,0.0009231983706151398,5.748065067319647,108.31908199032961
1000.0,872.910764842164,10.0,0.1,1.0,0.8,5.0,197.67057401878967,0.00019304541362277094,7.642261924814355e-12,7.642261924814354,3.0,True,0.03925539361925071,5.748065067319647,2.5474206416047847
1000.0,872.910764842164,10.0,0.1,1.0,0.8,10.0,197.67057401878967,3.726653172078671e-07,1.4753036142893402e-14,0.014753036142893403,3.0,False,20.334797332175672,5.748065067319647,0.0049176787142978014
1000.0,872.910764842164,10.0,0.1,1.0,3.0,0.5,197.67057401878967,0.08464817248906142,3.3510431223317372e-09,3351.0431223317373,3.0,True,8.952436272776245e-05,21.555244002448674,1117.014374110579
1000.0,872.910764842164,10.0,0.1,1.0,3.0,1.0,197.67057401878967,0.07165313105737893,2.8365967623741977e-09,2836.5967623741976,3.0,True,0.0001057605381136033,21.555244002448674,945.5322541247326
1000.0,872.910764842164,10.0,0.1,1.0,3.0,2.0,197.67057401878967,0.0513417119032592,2.032510395713351e-09,2032.5103957133508,3.0,True,0.0001476007210751357,21.555244002448674,677.5034652377836
1000.0,872.910764842164,10.0,0.1,1.0,3.0,5.0,197.67057401878967,0.018887560283756183,7.477187885501747e-10,747.7187885501746,3.0,True,0.0004012203579659935,21.555244002448674,249.23959618339154
1000.0,872.910764842164,10.0,0.1,1.0,3.0,10.0,197.67057401878967,0.0035673993347252395,1.4122583694038567e-10,141.22583694038568,3.0,True,0.002124257193296976,21.555244002448674,47.07527898012856
1000.0,872.910764842164,10.0,0.1,1.0,9.6,0.5,197.67057401878967,0.09492497594001753,3.757880157452983e-09,3757.880157452983,3.0,True,7.983224249581555e-05,68.97678080783575,1252.6267191509944
1000.0,872.910764842164,10.0,0.1,1.0,9.6,1.0,197.67057401878967,0.09010751057212907,3.5671668353169366e-09,3567.1668353169366,3.0,True,8.41003557865119e-05,68.97678080783575,1189.0556117723122
1000.0,872.910764842164,10.0,0.1,1.0,9.6,2.0,197.67057401878967,0.0811936346150635,3.2142852332586897e-09,3214.28523325869,3.0,True,9.333334730093495e-05,68.97678080783575,1071.4284110862297
1000.0,872.910764842164,10.0,0.1,1.0,9.6,5.0,197.67057401878967,0.0594025320553635,2.3516213125444593e-09,2351.621312544459,3.0,True,0.00012757156026766886,68.97678080783575,783.8737708481531
1000.0,872.910764842164,10.0,0.1,1.0,9.6,10.0,197.67057401878967,0.03528660814588489,1.3969226040049827e-09,1396.9226040049828,3.0,True,0.00021475778195577825,68.97678080783575,465.6408680016609
1000.0,872.910764842164,10.0,0.1,5.0,0.8,0.5,197.67057401878967,0.05352614285189903,2.1189874228174392e-09,2118.9874228174394,15.0,True,0.0007078852775848837,4.460514737372367,706.3291409391464
1000.0,872.910764842164,10.0,0.1,5.0,0.8,1.0,197.67057401878967,0.028650479686019012,1.134212234951036e-09,1134.212234951036,15.0,True,0.0013225038081737456,4.460514737372367,378.07074498367865
1000.0,872.910764842164,10.0,0.1,5.0,0.8,2.0,197.67057401878967,0.008208499862389881,3.249572459709888e-10,324.9572459709888,15.0,True,0.0046159918530756985,4.460514737372367,108.31908199032961
1000.0,872.910764842164,10.0,0.1,5.0,0.8,5.0,197.67057401878967,0.00019304541362277094,7.642261924814355e-12,7.642261924814354,15.0,False,0.19627696809625353,4.460514737372367,2.5474206416047847
1000.0,872.910764842164,10.0,0.1,5.0,0.8,10.0,197.67057401878967,3.726653172078671e-07,1.4753036142893402e-14,0.014753036142893403,15.0,False,101.67398666087836,4.460514737372367,0.0049176787142978014
1000.0,872.910764842164,10.0,0.1,5.0,3.0,0.5,197.67057401878967,0.08464817248906142,3.3510431223317372e-09,3351.0431223317373,15.0,True,0.0004476218136388122,16.726930265146375,1117.014374110579
1000.0,872.910764842164,10.0,0.1,5.0,3.0,1.0,197.67057401878967,0.07165313105737893,2.8365967623741977e-09,2836.5967623741976,15.0,True,0.0005288026905680165,16.726930265146375,945.5322541247326
1000.0,872.910764842164,10.0,0.1,5.0,3.0,2.0,197.67057401878967,0.0513417119032592,2.032510395713351e-09,2032.5103957133508,15.0,True,0.0007380036053756785,16.726930265146375,677.5034652377836
1000.0,872.910764842164,10.0,0.1,5.0,3.0,5.0,197.67057401878967,0.018887560283756183,7.477187885501747e-10,747.7187885501746,15.0,True,0.002006101789829967,16.726930265146375,249.23959618339154
1000.0,872.910764842164,10.0,0.1,5.0,3.0,10.0,197.67057401878967,0.0035673993347252395,1.4122583694038567e-10,141.22583694038568,15.0,True,0.01062128596648488,16.726930265146375,47.07527898012856
1000.0,872.910764842164,10.0,0.1,5.0,9.6,0.5,197.67057401878967,0.09492497594001753,3.757880157452983e-09,3757.880157452983,15.0,True,0.0003991612124790777,53.5261768484684,1252.6267191509944
1000.0,872.910764842164,10.0,0.1,5.0,9.6,1.0,197.67057401878967,0.09010751057212907,3.5671668353169366e-09,3567.1668353169366,15.0,True,0.0004205017789325595,53.5261768484684,1189.0556117723122
1000.0,872.910764842164,10.0,0.1,5.0,9.6,2.0,197.67057401878967,0.0811936346150635,3.2142852332586897e-09,3214.28523325869,15.0,True,0.00046666673650467476,53.5261768484684,1071.4284110862297
1000.0,872.910764842164,10.0,0.1,5.0,9.6,5.0,197.67057401878967,0.0594025320553635,2.3516213125444593e-09,2351.621312544459,15.0,True,0.0006378578013383442,53.5261768484684,783.8737708481531
1000.0,872.910764842164,10.0,0.1,5.0,9.6,10.0,197.67057401878967,0.03528660814588489,1.3969226040049827e-09,1396.9226040049828,15.0,True,0.0010737889097788911,53.5261768484684,465.6408680016609
1000.0,872.910764842164,10.0,0.1,10.0,0.8,0.5,197.67057401878967,0.05352614285189903,2.1189874228174392e-09,2118.9874228174394,30.0,True,0.0014157705551697674,3.9059969929244107,706.3291409391464
1000.0,872.910764842164,10.0,0.1,10.0,0.8,1.0,197.67057401878967,0.028650479686019012,1.134212234951036e-09,1134.212234951036,30.0,True,0.0026450076163474913,3.9059969929244107,378.07074498367865
1000.0,872.910764842164,10.0,0.1,10.0,0.8,2.0,197.67057401878967,0.008208499862389881,3.249572459709888e-10,324.9572459709888,30.0,True,0.009231983706151397,3.9059969929244107,108.31908199032961
1000.0,872.910764842164,10.0,0.1,10.0,0.8,5.0,197.67057401878967,0.00019304541362277094,7.642261924814355e-12,7.642261924814354,30.0,False,0.39255393619250706,3.9059969929244107,2.5474206416047847
1000.0,872.910764842164,10.0,0.1,10.0,0.8,10.0,197.67057401878967,3.726653172078671e-07,1.4753036142893402e-14,0.014753036142893403,30.0,False,203.3479733217567,3.9059969929244107,0.0049176787142978014
1000.0,872.910764842164,10.0,0.1,10.0,3.0,0.5,197.67057401878967,0.08464817248906142,3.3510431223317372e-09,3351.0431223317373,30.0,True,0.0008952436272776244,14.64748872346654,1117.014374110579
1000.0,872.910764842164,10.0,0.1,10.0,3.0,1.0,197.67057401878967,0.07165313105737893,2.8365967623741977e-09,2836.5967623741976,30.0,True,0.001057605381136033,14.64748872346654,945.5322541247326
1000.0,872.910764842164,10.0,0.1,10.0,3.0,2.0,197.67057401878967,0.0513417119032592,2.032510395713351e-09,2032.5103957133508,30.0,True,0.001476007210751357,14.64748872346654,677.5034652377836
1000.0,872.910764842164,10.0,0.1,10.0,3.0,5.0,197.67057401878967,0.018887560283756183,7.477187885501747e-10,747.7187885501746,30.0,True,0.004012203579659934,14.64748872346654,249.23959618339154
1000.0,872.910764842164,10.0,0.1,10.0,3.0,10.0,197.67057401878967,0.0035673993347252395,1.4122583694038567e-10,141.22583694038568,30.0,True,0.02124257193296976,14.64748872346654,47.07527898012856
1000.0,872.910764842164,10.0,0.1,10.0,9.6,0.5,197.67057401878967,0.09492497594001753,3.757880157452983e-09,3757.880157452983,30.0,True,0.0007983224249581554,46.87196391509293,1252.6267191509944
1000.0,872.910764842164,10.0,0.1,10.0,9.6,1.0,197.67057401878967,0.09010751057212907,3.5671668353169366e-09,3567.1668353169366,30.0,True,0.000841003557865119,46.87196391509293,1189.0556117723122
1000.0,872.910764842164,10.0,0.1,10.0,9.6,2.0,197.67057401878967,0.0811936346150635,3.2142852332586897e-09,3214.28523325869,30.0,True,0.0009333334730093495,46.87196391509293,1071.4284110862297
1000.0,872.910764842164,10.0,0.1,10.0,9.6,5.0,197.67057401878967,0.0594025320553635,2.3516213125444593e-09,2351.621312544459,30.0,True,0.0012757156026766885,46.87196391509293,783.8737708481531
1000.0,872.910764842164,10.0,0.1,10.0,9.6,10.0,197.67057401878967,0.03528660814588489,1.3969226040049827e-09,1396.9226040049828,30.0,True,0.0021475778195577822,46.87196391509293,465.6408680016609
1000.0,872.910764842164,10.0,0.1,50.0,0.8,0.5,197.67057401878967,0.05352614285189903,2.1189874228174392e-09,2118.9874228174394,150.0,True,0.007078852775848837,2.61844666297713,706.3291409391464
1000.0,872.910764842164,10.0,0.1,50.0,0.8,1.0,197.67057401878967,0.028650479686019012,1.134212234951036e-09,1134.212234951036,150.0,True,0.013225038081737455,2.61844666297713,378.07074498367865
1000.0,872.910764842164,10.0,0.1,50.0,0.8,2.0,197.67057401878967,0.008208499862389881,3.249572459709888e-10,324.9572459709888,150.0,True,0.04615991853075698,2.61844666297713,108.31908199032961
1000.0,872.910764842164,10.0,0.1,50.0,0.8,5.0,197.67057401878967,0.00019304541362277094,7.642261924814355e-12,7.642261924814354,150.0,False,1.9627696809625355,2.61844666297713,2.5474206416047847
1000.0,872.910764842164,10.0,0.1,50.0,0.8,10.0,197.67057401878967,3.726653172078671e-07,1.4753036142893402e-14,0.014753036142893403,150.0,False,1016.7398666087835,2.61844666297713,0.0049176787142978014
1000.0,872.910764842164,10.0,0.1,50.0,3.0,0.5,197.67057401878967,0.08464817248906142,3.3510431223317372e-09,3351.0431223317373,150.0,True,0.004476218136388122,9.819174986164239,1117.014374110579
1000.0,872.910764842164,10.0,0.1,50.0,3.0,1.0,197.67057401878967,0.07165313105737893,2.8365967623741977e-09,2836.5967623741976,150.0,True,0.005288026905680165,9.819174986164239,945.5322541247326
1000.0,872.910764842164,10.0,0.1,50.0,3.0,2.0,197.67057401878967,0.0513417119032592,2.032510395713351e-09,2032.5103957133508,150.0,True,0.007380036053756784,9.819174986164239,677.5034652377836
1000.0,872.910764842164,10.0,0.1,50.0,3.0,5.0,197.67057401878967,0.018887560283756183,7.477187885501747e-10,747.7187885501746,150.0,True,0.02006101789829967,9.819174986164239,249.23959618339154
1000.0,872.910764842164,10.0,0.1,50.0,3.0,10.0,197.67057401878967,0.0035673993347252395,1.4122583694038567e-10,141.22583694038568,150.0,False,0.1062128596648488,9.819174986164239,47.07527898012856
1000.0,872.910764842164,10.0,0.1,50.0,9.6,0.5,197.67057401878967,0.09492497594001753,3.757880157452983e-09,3757.880157452983,150.0,True,0.003991612124790778,31.42135995572556,1252.6267191509944
1000.0,872.910764842164,10.0,0.1,50.0,9.6,1.0,197.67057401878967,0.09010751057212907,3.5671668353169366e-09,3567.1668353169366,150.0,True,0.004205017789325595,31.42135995572556,1189.0556117723122
1000.0,872.910764842164,10.0,0.1,50.0,9.6,2.0,197.67057401878967,0.0811936346150635,3.2142852332586897e-09,3214.28523325869,150.0,True,0.004666667365046747,31.42135995572556,1071.4284110862297
1000.0,872.910764842164,10.0,0.1,50.0,9.6,5.0,197.67057401878967,0.0594025320553635,2.3516213125444593e-09,2351.621312544459,150.0,True,0.006378578013383442,31.42135995572556,783.8737708481531
1000.0,872.910764842164,10.0,0.1,50.0,9.6,10.0,197.67057401878967,0.03528660814588489,1.3969226040049827e-09,1396.9226040049828,150.0,True,0.010737889097788913,31.42135995572556,465.6408680016609
1000.0,872.910764842164,10.0,0.1,100.0,0.8,0.5,197.67057401878967,0.05352614285189903,2.1189874228174392e-09,2118.9874228174394,300.0,True,0.014157705551697673,2.063928918529174,706.3291409391464
1000.0,872.910764842164,10.0,0.1,100.0,0.8,1.0,197.67057401878967,0.028650479686019012,1.134212234951036e-09,1134.212234951036,300.0,True,0.02645007616347491,2.063928918529174,378.07074498367865
1000.0,872.910764842164,10.0,0.1,100.0,0.8,2.0,197.67057401878967,0.008208499862389881,3.249572459709888e-10,324.9572459709888,300.0,True,0.09231983706151396,2.063928918529174,108.31908199032961
1000.0,872.910764842164,10.0,0.1,100.0,0.8,5.0,197.67057401878967,0.00019304541362277094,7.642261924814355e-12,7.642261924814354,300.0,False,3.925539361925071,2.063928918529174,2.5474206416047847
1000.0,872.910764842164,10.0,0.1,100.0,0.8,10.0,197.67057401878967,3.726653172078671e-07,1.4753036142893402e-14,0.014753036142893403,300.0,False,2033.479733217567,2.063928918529174,0.0049176787142978014
1000.0,872.910764842164,10.0,0.1,100.0,3.0,0.5,197.67057401878967,0.08464817248906142,3.3510431223317372e-09,3351.0431223317373,300.0,True,0.008952436272776244,7.7397334444844015,1117.014374110579
1000.0,872.910764842164,10.0,0.1,100.0,3.0,1.0,197.67057401878967,0.07165313105737893,2.8365967623741977e-09,2836.5967623741976,300.0,True,0.01057605381136033,7.7397334444844015,945.5322541247326
1000.0,872.910764842164,10.0,0.1,100.0,3.0,2.0,197.67057401878967,0.0513417119032592,2.032510395713351e-09,2032.5103957133508,300.0,True,0.014760072107513568,7.7397334444844015,677.5034652377836
1000.0,872.910764842164,10.0,0.1,100.0,3.0,5.0,197.67057401878967,0.018887560283756183,7.477187885501747e-10,747.7187885501746,300.0,True,0.04012203579659934,7.7397334444844015,249.23959618339154
1000.0,872.910764842164,10.0,0.1,100.0,3.0,10.0,197.67057401878967,0.0035673993347252395,1.4122583694038567e-10,141.22583694038568,300.0,False,0.2124257193296976,7.7397334444844015,47.07527898012856
1000.0,872.910764842164,10.0,0.1,100.0,9.6,0.5,197.67057401878967,0.09492497594001753,3.757880157452983e-09,3757.880157452983,300.0,True,0.007983224249581556,24.767147022350084,1252.6267191509944
1000.0,872.910764842164,10.0,0.1,100.0,9.6,1.0,197.67057401878967,0.09010751057212907,3.5671668353169366e-09,3567.1668353169366,300.0,True,0.00841003557865119,24.767147022350084,1189.0556117723122
1000.0,872.910764842164,10.0,0.1,100.0,9.6,2.0,197.67057401878967,0.0811936346150635,3.2142852332586897e-09,3214.28523325869,300.0,True,0.009333334730093495,24.767147022350084,1071.4284110862297
1000.0,872.910764842164,10.0,0.1,100.0,9.6,5.0,197.67057401878967,0.0594025320553635,2.3516213125444593e-09,2351.621312544459,300.0,True,0.012757156026766884,24.767147022350084,783.8737708481531
1000.0,872.910764842164,10.0,0.1,100.0,9.6,10.0,197.67057401878967,0.03528660814588489,1.3969226040049827e-09,1396.9226040049828,300.0,True,0.021475778195577826,24.767147022350084,465.6408680016609
1000.0,872.910764842164,100.0,0.01,1.0,0.8,0.5,179.3848768052562,0.005352614285189903,1.9229685535180454e-10,192.29685535180454,3.0,True,0.00015600879143403258,3.828342408774549,64.09895178393485
1000.0,872.910764842164,100.0,0.01,1.0,0.8,1.0,179.3848768052562,0.002865047968601901,1.029290894953165e-10,102.9290894953165,3.0,True,0.0002914627939205181,3.828342408774549,34.30969649843883
1000.0,872.910764842164,100.0,0.01,1.0,0.8,2.0,179.3848768052562,0.0008208499862389881,2.948967787685999e-11,29.48967787685999,3.0,True,0.0010173051101226324,3.828342408774549,9.829892625619996
1000.0,872.910764842164,100.0,0.01,1.0,0.8,5.0,179.3848768052562,1.9304541362277093e-05,6.935307496835674e-13,0.6935307496835673,3.0,False,0.043256914006607354,3.828342408774549,0.23117691656118913
1000.0,872.910764842164,100.0,0.01,1.0,0.8,10.0,179.3848768052562,3.726653172078671e-08,1.3388293043277466e-15,0.0013388293043277465,3.0,False,22.40763621099824,3.828342408774549,0.0004462764347759156
1000.0,872.910764842164,100.0,0.01,1.0,3.0,0.5,179.3848768052562,0.008464817248906142,3.0410518138700775e-10,304.10518138700775,3.0,True,9.865007844710696e-05,14.356284032904558,101.36839379566925
1000.0,872.910764842164,100.0,0.01,1.0,3.0,1.0,179.3848768052562,0.007165313105737893,2.5741947848864733e-10,257.4194784886473,3.0,True,0.00011654129740350264,14.356284032904558,85.8064928295491
1000.0,872.910764842164,100.0,0.01,1.0,3.0,2.0,179.3848768052562,0.005134171190325921,1.8444911628869185e-10,184.44911628869184,3.0,True,0.00016264648269198153,14.356284032904558,61.48303876289728
1000.0,872.910764842164,100.0,0.01,1.0,3.0,5.0,179.3848768052562,0.0018887560283756184,6.785503782485033e-11,67.85503782485033,3.0,True,0.000442118978364392,14.356284032904558,22.618345941616774
1000.0,872.910764842164,100.0,0.01,1.0,3.0,10.0,179.3848768052562,0.00035673993347252396,1.2816161174734165e-11,12.816161174734166,3.0,True,0.0023407945320742477,14.356284032904558,4.272053724911388
1000.0,872.910764842164,100.0,0.01,1.0,9.6,0.5,179.3848768052562,0.009492497594001751,3.41025401701693e-10,341.025401701693,3.0,True,8.796998654734247e-05,45.940108905294586,113.67513390056433
1000.0,872.910764842164,100.0,0.01,1.0,9.6,1.0,179.3848768052562,0.009010751057212905,3.2371828051468024e-10,323.71828051468026,3.0,True,9.267317234078642e-05,45.940108905294586,107.9060935048934
1000.0,872.910764842164,100.0,0.01,1.0,9.6,2.0,179.3848768052562,0.00811936346150635,2.916944838386799e-10,291.6944838386799,3.0,True,0.00010284733398178125,45.940108905294586,97.2314946128933
1000.0,872.910764842164,100.0,0.01,1.0,9.6,5.0,179.3848768052562,0.0059402532055363505,2.1340824325390184e-10,213.40824325390184,3.0,True,0.0001405756382348717,45.940108905294586,71.13608108463394
1000.0,872.910764842164,100.0,0.01,1.0,9.6,10.0,179.3848768052562,0.003528660814588489,1.2676990010768717e-10,126.76990010768716,3.0,True,0.000236649235934681,45.940108905294586,42.25663336922906
1000.0,872.910764842164,100.0,0.01,5.0,0.8,0.5,179.3848768052562,0.005352614285189903,1.9229685535180454e-10,192.29685535180454,15.0,True,0.0007800439571701629,2.5407920788272684,64.09895178393485
1000.0,872.910764842164,100.0,0.01,5.0,0.8,1.0,179.3848768052562,0.002865047968601901,1.029290894953165e-10,102.9290894953165,15.0,True,0.0014573139696025905,2.5407920788272684,34.30969649843883
1000.0,872.910764842164,100.0,0.01,5.0,0.8,2.0,179.3848768052562,0.0008208499862389881,2.948967787685999e-11,29.48967787685999,15.0,True,0.0050865255506131616,2.5407920788272684,9.829892625619996
1000.0,872.910764842164,100.0,0.01,5.0,0.8,5.0,179.3848768052562,1.9304541362277093e-05,6.935307496835674e-13,0.6935307496835673,15.0,False,0.21628457003303675,2.5407920788272684,0.23117691656118913
1000.0,872.910764842164,100.0,0.01,5.0,0.8,10.0,179.3848768052562,3.726653172078671e-08,1.3388293043277466e-15,0.0013388293043277465,15.0,False,112.0381810549912,2.5407920788272684,0.0004462764347759156
1000.0,872.910764842164,100.0,0.01,5.0,3.0,0.5,179.3848768052562,0.008464817248906142,3.0410518138700775e-10,304.10518138700775,15.0,True,0.0004932503922355347,9.527970295602255,101.36839379566925
1000.0,872.910764842164,100.0,0.01,5.0,3.0,1.0,179.3848768052562,0.007165313105737893,2.5741947848864733e-10,257.4194784886473,15.0,True,0.0005827064870175131,9.527970295602255,85.8064928295491
1000.0,872.910764842164,100.0,0.01,5.0,3.0,2.0,179.3848768052562,0.005134171190325921,1.8444911628869185e-10,184.44911628869184,15.0,True,0.0008132324134599076,9.527970295602255,61.48303876289728
1000.0,872.910764842164,100.0,0.01,5.0,3.0,5.0,179.3848768052562,0.0018887560283756184,6.785503782485033e-11,67.85503782485033,15.0,True,0.00221059489182196,9.527970295602255,22.618345941616774
1000.0,872.910764842164,100.0,0.01,5.0,3.0,10.0,179.3848768052562,0.00035673993347252396,1.2816161174734165e-11,12.816161174734166,15.0,False,0.011703972660371237,9.527970295602255,4.272053724911388
1000.0,872.910764842164,100.0,0.01,5.0,9.6,0.5,179.3848768052562,0.009492497594001751,3.41025401701693e-10,341.025401701693,15.0,True,0.0004398499327367123,30.48950494592722,113.67513390056433
1000.0,872.910764842164,100.0,0.01,5.0,9.6,1.0,179.3848768052562,0.009010751057212905,3.2371828051468024e-10,323.71828051468026,15.0,True,0.00046336586170393204,30.48950494592722,107.9060935048934
1000.0,872.910764842164,100.0,0.01,5.0,9.6,2.0,179.3848768052562,0.00811936346150635,2.916944838386799e-10,291.6944838386799,15.0,True,0.0005142366699089062,30.48950494592722,97.2314946128933
1000.0,872.910764842164,100.0,0.01,5.0,9.6,5.0,179.3848768052562,0.0059402532055363505,2.1340824325390184e-10,213.40824325390184,15.0,True,0.0007028781911743586,30.48950494592722,71.13608108463394
1000.0,872.910764842164,100.0,0.01,5.0,9.6,10.0,179.3848768052562,0.003528660814588489,1.2676990010768717e-10,126.76990010768716,15.0,True,0.0011832461796734048,30.48950494592722,42.25663336922906
1000.0,872.910764842164,100.0,0.01,10.0,0.8,0.5,179.3848768052562,0.005352614285189903,1.9229685535180454e-10,192.29685535180454,30.0,True,0.0015600879143403258,1.9862743343793121,64.09895178393485
1000.0,872.910764842164,100.0,0.01,10.0,0.8,1.0,179.3848768052562,0.002865047968601901,1.029290894953165e-10,102.9290894953165,30.0,True,0.002914627939205181,1.9862743343793121,34.30969649843883
1000.0,872.910764842164,100.0,0.01,10.0,0.8,2.0,179.3848768052562,0.0008208499862389881,2.948967787685999e-11,29.48967787685999,30.0,False,0.010173051101226323,1.9862743343793121,9.829892625619996
1000.0,872.910764842164,100.0,0.01,10.0,0.8,5.0,179.3848768052562,1.9304541362277093e-05,6.935307496835674e-13,0.6935307496835673,30.0,False,0.4325691400660735,1.9862743343793121,0.23117691656118913
1000.0,872.910764842164,100.0,0.01,10.0,0.8,10.0,179.3848768052562,3.726653172078671e-08,1.3388293043277466e-15,0.0013388293043277465,30.0,False,224.0763621099824,1.9862743343793121,0.0004462764347759156
1000.0,872.910764842164,100.0,0.01,10.0,3.0,0.5,179.3848768052562,0.008464817248906142,3.0410518138700775e-10,304.10518138700775,30.0,True,0.0009865007844710694,7.44852875392242,101.36839379566925
1000.0,872.910764842164,100.0,0.01,10.0,3.0,1.0,179.3848768052562,0.007165313105737893,2.5741947848864733e-10,257.4194784886473,30.0,True,0.0011654129740350262,7.44852875392242,85.8064928295491
1000.0,872.910764842164,100.0,0.01,10.0,3.0,2.0,179.3848768052562,0.005134171190325921,1.8444911628869185e-10,184.44911628869184,30.0,True,0.0016264648269198152,7.44852875392242,61.48303876289728
1000.0,872.910764842164,100.0,0.01,10.0,3.0,5.0,179.3848768052562,0.0018887560283756184,6.785503782485033e-11,67.85503782485033,30.0,True,0.00442118978364392,7.44852875392242,22.618345941616774
1000.0,872.910764842164,100.0,0.01,10.0,3.0,10.0,179.3848768052562,0.00035673993347252396,1.2816161174734165e-11,12.816161174734166,30.0,False,0.023407945320742474,7.44852875392242,4.272053724911388
1000.0,872.910764842164,100.0,0.01,10.0,9.6,0.5,179.3848768052562,0.009492497594001751,3.41025401701693e-10,341.025401701693,30.0,True,0.0008796998654734247,23.835292012551744,113.67513390056433
1000.0,872.910764842164,100.0,0.01,10.0,9.6,1.0,179.3848768052562,0.009010751057212905,3.2371828051468024e-10,323.71828051468026,30.0,True,0.0009267317234078641,23.835292012551744,107.9060935048934
1000.0,872.910764842164,100.0,0.01,10.0,9.6,2.0,179.3848768052562,0.00811936346150635,2.916944838386799e-10,291.6944838386799,30.0,True,0.0010284733398178124,23.835292012551744,97.2314946128933
1000.0,872.910764842164,100.0,0.01,10.0,9.6,5.0,179.3848768052562,0.0059402532055363505,2.1340824325390184e-10,213.40824325390184,30.0,True,0.0014057563823487171,23.835292012551744,71.13608108463394
1000.0,872.910764842164,100.0,0.01,10.0,9.6,10.0,179.3848768052562,0.003528660814588489,1.2676990010768717e-10,126.76990010768716,30.0,True,0.0023664923593468097,23.835292012551744,42.25663336922906
1000.0,872.910764842164,100.0,0.01,50.0,0.8,0.5,179.3848768052562,0.005352614285189903,1.9229685535180454e-10,192.29685535180454,150.0,True,0.007800439571701629,0.6987240044320319,64.09895178393485
1000.0,872.910764842164,100.0,0.01,50.0,0.8,1.0,179.3848768052562,0.002865047968601901,1.029290894953165e-10,102.9290894953165,150.0,False,0.014573139696025906,0.6987240044320319,34.30969649843883
1000.0,872.910764842164,100.0,0.01,50.0,0.8,2.0,179.3848768052562,0.0008208499862389881,2.948967787685999e-11,29.48967787685999,150.0,False,0.050865255506131614,0.6987240044320319,9.829892625619996
1000.0,872.910764842164,100.0,0.01,50.0,0.8,5.0,179.3848768052562,1.9304541362277093e-05,6.935307496835674e-13,0.6935307496835673,150.0,False,2.1628457003303674,0.6987240044320319,0.23117691656118913
1000.0,872.910764842164,100.0,0.01,50.0,0.8,10.0,179.3848768052562,3.726653172078671e-08,1.3388293043277466e-15,0.0013388293043277465,150.0,False,1120.381810549912,0.6987240044320319,0.0004462764347759156
1000.0,872.910764842164,100.0,0.01,50.0,3.0,0.5,179.3848768052562,0.008464817248906142,3.0410518138700775e-10,304.10518138700775,150.0,True,0.004932503922355348,2.6202150166201195,101.36839379566925
1000.0,872.910764842164,100.0,0.01,50.0,3.0,1.0,179.3848768052562,0.007165313105737893,2.5741947848864733e-10,257.4194784886473,150.0,True,0.0058270648701751315,2.6202150166201195,85.8064928295491
1000.0,872.910764842164,100.0,0.01,50.0,3.0,2.0,179.3848768052562,0.005134171190325921,1.8444911628869185e-10,184.44911628869184,150.0,True,0.008132324134599076,2.6202150166201195,61.48303876289728
1000.0,872.910764842164,100.0,0.01,50.0,3.0,5.0,179.3848768052562,0.0018887560283756184,6.785503782485033e-11,67.85503782485033,150.0,False,0.0221059489182196,2.6202150166201195,22.618345941616774
1000.0,872.910764842164,100.0,0.01,50.0,3.0,10.0,179.3848768052562,0.00035673993347252396,1.2816161174734165e-11,12.816161174734166,150.0,False,0.11703972660371238,2.6202150166201195,4.272053724911388
1000.0,872.910764842164,100.0,0.01,50.0,9.6,0.5,179.3848768052562,0.009492497594001751,3.41025401701693e-10,341.025401701693,150.0,True,0.004398499327367123,8.384688053184382,113.67513390056433
1000.0,872.910764842164,100.0,0.01,50.0,9.6,1.0,179.3848768052562,0.009010751057212905,3.2371828051468024e-10,323.71828051468026,150.0,True,0.00463365861703932,8.384688053184382,107.9060935048934
1000.0,872.910764842164,100.0,0.01,50.0,9.6,2.0,179.3848768052562,0.00811936346150635,2.916944838386799e-10,291.6944838386799,150.0,True,0.005142366699089062,8.384688053184382,97.2314946128933
1000.0,872.910764842164,100.0,0.01,50.0,9.6,5.0,179.3848768052562,0.0059402532055363505,2.1340824325390184e-10,213.40824325390184,150.0,True,0.007028781911743585,8.384688053184382,71.13608108463394
1000.0,872.910764842164,100.0,0.01,50.0,9.6,10.0,179.3848768052562,0.003528660814588489,1.2676990010768717e-10,126.76990010768716,150.0,False,0.01183246179673405,8.384688053184382,42.25663336922906
1000.0,872.910764842164,100.0,0.01,100.0,0.8,0.5,179.3848768052562,0.005352614285189903,1.9229685535180454e-10,192.29685535180454,300.0,False,0.015600879143403258,0.14420625998407555,64.09895178393485
1000.0,872.910764842164,100.0,0.01,100.0,0.8,1.0,179.3848768052562,0.002865047968601901,1.029290894953165e-10,102.9290894953165,300.0,False,0.029146279392051812,0.14420625998407555,34.30969649843883
1000.0,872.910764842164,100.0,0.01,100.0,0.8,2.0,179.3848768052562,0.0008208499862389881,2.948967787685999e-11,29.48967787685999,300.0,False,0.10173051101226323,0.14420625998407555,9.829892625619996
1000.0,872.910764842164,100.0,0.01,100.0,0.8,5.0,179.3848768052562,1.9304541362277093e-05,6.935307496835674e-13,0.6935307496835673,300.0,False,4.325691400660735,0.14420625998407555,0.23117691656118913
1000.0,872.910764842164,100.0,0.01,100.0,0.8,10.0,179.3848768052562,3.726653172078671e-08,1.3388293043277466e-15,0.0013388293043277465,300.0,False,2240.763621099824,0.14420625998407555,0.0004462764347759156
1000.0,872.910764842164,100.0,0.01,100.0,3.0,0.5,179.3848768052562,0.008464817248906142,3.0410518138700775e-10,304.10518138700775,300.0,True,0.009865007844710696,0.5407734749402833,101.36839379566925
1000.0,872.910764842164,100.0,0.01,100.0,3.0,1.0,179.3848768052562,0.007165313105737893,2.5741947848864733e-10,257.4194784886473,300.0,False,0.011654129740350263,0.5407734749402833,85.8064928295491
1000.0,872.910764842164,100.0,0.01,100.0,3.0,2.0,179.3848768052562,0.005134171190325921,1.8444911628869185e-10,184.44911628869184,300.0,False,0.016264648269198153,0.5407734749402833,61.48303876289728
1000.0,872.910764842164,100.0,0.01,100.0,3.0,5.0,179.3848768052562,0.0018887560283756184,6.785503782485033e-11,67.85503782485033,300.0,False,0.0442118978364392,0.5407734749402833,22.618345941616774
1000.0,872.910764842164,100.0,0.01,100.0,3.0,10.0,179.3848768052562,0.00035673993347252396,1.2816161174734165e-11,12.816161174734166,300.0,False,0.23407945320742476,0.5407734749402833,4.272053724911388
1000.0,872.910764842164,100.0,0.01,100.0,9.6,0.5,179.3848768052562,0.009492497594001751,3.41025401701693e-10,341.025401701693,300.0,True,0.008796998654734246,1.7304751198089066,113.67513390056433
1000.0,872.910764842164,100.0,0.01,100.0,9.6,1.0,179.3848768052562,0.009010751057212905,3.2371828051468024e-10,323.71828051468026,300.0,True,0.00926731723407864,1.7304751198089066,107.9060935048934
1000.0,872.910764842164,100.0,0.01,100.0,9.6,2.0,179.3848768052562,0.00811936346150635,2.916944838386799e-10,291.6944838386799,300.0,False,0.010284733398178123,1.7304751198089066,97.2314946128933
1000.0,872.910764842164,100.0,0.01,100.0,9.6,5.0,179.3848768052562,0.0059402532055363505,2.1340824325390184e-10,213.40824325390184,300.0,False,0.01405756382348717,1.7304751198089066,71.13608108463394
1000.0,872.910764842164,100.0,0.01,100.0,9.6,10.0,179.3848768052562,0.003528660814588489,1.2676990010768717e-10,126.76990010768716,300.0,False,0.0236649235934681,1.7304751198089066,42.25663336922906
1000.0,872.910764842164,100.0,0.03,1.0,0.8,0.5,179.3848768052562,0.016057842855569708,5.768905660554135e-10,576.8905660554135,3.0,True,0.00015600879143403258,4.707232239709036,192.29685535180448
1000.0,872.910764842164,100.0,0.03,1.0,0.8,1.0,179.3848768052562,0.008595143905805703,3.087872684859495e-10,308.7872684859495,3.0,True,0.0002914627939205181,4.707232239709036,102.9290894953165
1000.0,872.910764842164,100.0,0.03,1.0,0.8,2.0,179.3848768052562,0.002462549958716964,8.846903363057995e-11,88.46903363057996,3.0,True,0.0010173051101226324,4.707232239709036,29.489677876859982
1000.0,872.910764842164,100.0,0.03,1.0,0.8,5.0,179.3848768052562,5.791362408683128e-05,2.0805922490507022e-12,2.080592249050702,3.0,False,0.043256914006607354,4.707232239709036,0.6935307496835673
1000.0,872.910764842164,100.0,0.03,1.0,0.8,10.0,179.3848768052562,1.1179959516236012e-07,4.0164879129832395e-15,0.004016487912983239,3.0,False,22.40763621099824,4.707232239709036,0.0013388293043277465
1000.0,872.910764842164,100.0,0.03,1.0,3.0,0.5,179.3848768052562,0.02539445174671842,9.123155441610231e-10,912.3155441610231,3.0,True,9.865007844710696e-05,17.652120898908883,304.1051813870077
1000.0,872.910764842164,100.0,0.03,1.0,3.0,1.0,179.3848768052562,0.021495939317213678,7.72258435465942e-10,772.258435465942,3.0,True,0.00011654129740350264,17.652120898908883,257.4194784886473
1000.0,872.910764842164,100.0,0.03,1.0,3.0,2.0,179.3848768052562,0.01540251357097776,5.533473488660754e-10,553.3473488660754,3.0,True,0.00016264648269198153,17.652120898908883,184.4491162886918
1000.0,872.910764842164,100.0,0.03,1.0,3.0,5.0,179.3848768052562,0.005666268085126855,2.0356511347455098e-10,203.56511347455097,3.0,True,0.000442118978364392,17.652120898908883,67.85503782485033
1000.0,872.910764842164,100.0,0.03,1.0,3.0,10.0,179.3848768052562,0.0010702198004175717,3.844848352420249e-11,38.448483524202494,3.0,True,0.0023407945320742477,17.652120898908883,12.816161174734164
1000.0,872.910764842164,100.0,0.03,1.0,9.6,0.5,179.3848768052562,0.028477492782005256,1.0230762051050791e-09,1023.0762051050791,3.0,True,8.796998654734247e-05,56.48678687650843,341.02540170169306
1000.0,872.910764842164,100.0,0.03,1.0,9.6,1.0,179.3848768052562,0.027032253171638716,9.711548415440407e-10,971.1548415440407,3.0,True,9.267317234078642e-05,56.48678687650843,323.71828051468026
1000.0,872.910764842164,100.0,0.03,1.0,9.6,2.0,179.3848768052562,0.024358090384519047,8.750834515160397e-10,875.0834515160396,3.0,True,0.00010284733398178125,56.48678687650843,291.6944838386799
1000.0,872.910764842164,100.0,0.03,1.0,9.6,5.0,179.3848768052562,0.01782075961660905,6.402247297617055e-10,640.2247297617055,3.0,True,0.0001405756382348717,56.48678687650843,213.40824325390182
1000.0,872.910764842164,100.0,0.03,1.0,9.6,10.0,179.3848768052562,0.010585982443765466,3.803097003230615e-10,380.3097003230615,3.0,True,0.000236649235934681,56.48678687650843,126.76990010768716
1000.0,872.910764842164,100.0,0.03,5.0,0.8,0.5,179.3848768052562,0.016057842855569708,5.768905660554135e-10,576.8905660554135,15.0,True,0.0007800439571701629,3.4196819097617563,192.29685535180448
1000.0,872.910764842164,100.0,0.03,5.0,0.8,1.0,179.3848768052562,0.008595143905805703,3.087872684859495e-10,308.7872684859495,15.0,True,0.0014573139696025905,3.4196819097617563,102.9290894953165
1000.0,872.910764842164,100.0,0.03,5.0,0.8,2.0,179.3848768052562,0.002462549958716964,8.846903363057995e-11,88.46903363057996,15.0,True,0.0050865255506131616,3.4196819097617563,29.489677876859982
1000.0,872.910764842164,100.0,0.03,5.0,0.8,5.0,179.3848768052562,5.791362408683128e-05,2.0805922490507022e-12,2.080592249050702,15.0,False,0.21628457003303675,3.4196819097617563,0.6935307496835673
1000.0,872.910764842164,100.0,0.03,5.0,0.8,10.0,179.3848768052562,1.1179959516236012e-07,4.0164879129832395e-15,0.004016487912983239,15.0,False,112.0381810549912,3.4196819097617563,0.0013388293043277465
1000.0,872.910764842164,100.0,0.03,5.0,3.0,0.5,179.3848768052562,0.02539445174671842,9.123155441610231e-10,912.3155441610231,15.0,True,0.0004932503922355347,12.823807161606586,304.1051813870077
1000.0,872.910764842164,100.0,0.03,5.0,3.0,1.0,179.3848768052562,0.021495939317213678,7.72258435465942e-10,772.258435465942,15.0,True,0.0005827064870175131,12.823807161606586,257.4194784886473
1000.0,872.910764842164,100.0,0.03,5.0,3.0,2.0,179.3848768052562,0.01540251357097776,5.533473488660754e-10,553.3473488660754,15.0,True,0.0008132324134599076,12.823807161606586,184.4491162886918
1000.0,872.910764842164,100.0,0.03,5.0,3.0,5.0,179.3848768052562,0.005666268085126855,2.0356511347455098e-10,203.56511347455097,15.0,True,0.00221059489182196,12.823807161606586,67.85503782485033
1000.0,872.910764842164,100.0,0.03,5.0,3.0,10.0,179.3848768052562,0.0010702198004175717,3.844848352420249e-11,38.448483524202494,15.0,True,0.011703972660371237,12.823807161606586,12.816161174734164
1000.0,872.910764842164,100.0,0.03,5.0,9.6,0.5,179.3848768052562,0.028477492782005256,1.0230762051050791e-09,1023.0762051050791,15.0,True,0.0004398499327367123,41.036182917141076,341.02540170169306
1000.0,872.910764842164,100.0,0.03,5.0,9.6,1.0,179.3848768052562,0.027032253171638716,9.711548415440407e-10,971.1548415440407,15.0,True,0.00046336586170393204,41.036182917141076,323.71828051468026
1000.0,872.910764842164,100.0,0.03,5.0,9.6,2.0,179.3848768052562,0.024358090384519047,8.750834515160397e-10,875.0834515160396,15.0,True,0.0005142366699089062,41.036182917141076,291.6944838386799
1000.0,872.910764842164,100.0,0.03,5.0,9.6,5.0,179.3848768052562,0.01782075961660905,6.402247297617055e-10,640.2247297617055,15.0,True,0.0007028781911743586,41.036182917141076,213.40824325390182
1000.0,872.910764842164,100.0,0.03,5.0,9.6,10.0,179.3848768052562,0.010585982443765466,3.803097003230615e-10,380.3097003230615,15.0,True,0.0011832461796734048,41.036182917141076,126.76990010768716
1000.0,872.910764842164,100.0,0.03,10.0,0.8,0.5,179.3848768052562,0.016057842855569708,5.768905660554135e-10,576.8905660554135,30.0,True,0.0015600879143403258,2.8651641653138,192.29685535180448
1000.0,872.910764842164,100.0,0.03,10.0,0.8,1.0,179.3848768052562,0.008595143905805703,3.087872684859495e-10,308.7872684859495,30.0,True,0.002914627939205181,2.8651641653138,102.9290894953165
1000.0,872.910764842164,100.0,0.03,10.0,0.8,2.0,179.3848768052562,0.002462549958716964,8.846903363057995e-11,88.46903363057996,30.0,True,0.010173051101226323,2.8651641653138,29.489677876859982
1000.0,872.910764842164,100.0,0.03,10.0,0.8,5.0,179.3848768052562,5.791362408683128e-05,2.0805922490507022e-12,2.080592249050702,30.0,False,0.4325691400660735,2.8651641653138,0.6935307496835673
1000.0,872.910764842164,100.0,0.03,10.0,0.8,10.0,179.3848768052562,1.1179959516236012e-07,4.0164879129832395e-15,0.004016487912983239,30.0,False,224.0763621099824,2.8651641653138,0.0013388293043277465
1000.0,872.910764842164,100.0,0.03,10.0,3.0,0.5,179.3848768052562,0.02539445174671842,9.123155441610231e-10,912.3155441610231,30.0,True,0.0009865007844710694,10.74436561992675,304.1051813870077
1000.0,872.910764842164,100.0,0.03,10.0,3.0,1.0,179.3848768052562,0.021495939317213678,7.72258435465942e-10,772.258435465942,30.0,True,0.0011654129740350262,10.74436561992675,257.4194784886473
1000.0,872.910764842164,100.0,0.03,10.0,3.0,2.0,179.3848768052562,0.01540251357097776,5.533473488660754e-10,553.3473488660754,30.0,True,0.0016264648269198152,10.74436561992675,184.4491162886918
1000.0,872.910764842164,100.0,0.03,10.0,3.0,5.0,179.3848768052562,0.005666268085126855,2.0356511347455098e-10,203.56511347455097,30.0,True,0.00442118978364392,10.74436561992675,67.85503782485033
1000.0,872.910764842164,100.0,0.03,10.0,3.0,10.0,179.3848768052562,0.0010702198004175717,3.844848352420249e-11,38.448483524202494,30.0,True,0.023407945320742474,10.74436561992675,12.816161174734164
1000.0,872.910764842164,100.0,0.03,10.0,9.6,0.5,179.3848768052562,0.028477492782005256,1.0230762051050791e-09,1023.0762051050791,30.0,True,0.0008796998654734247,34.3819699837656,341.02540170169306
1000.0,872.910764842164,100.0,0.03,10.0,9.6,1.0,179.3848768052562,0.027032253171638716,9.711548415440407e-10,971.1548415440407,30.0,True,0.0009267317234078641,34.3819699837656,323.71828051468026
1000.0,872.910764842164,100.0,0.03,10.0,9.6,2.0,179.3848768052562,0.024358090384519047,8.750834515160397e-10,875.0834515160396,30.0,True,0.0010284733398178124,34.3819699837656,291.6944838386799
1000.0,872.910764842164,100.0,0.03,10.0,9.6,5.0,179.3848768052562,0.01782075961660905,6.402247297617055e-10,640.2247297617055,30.0,True,0.0014057563823487171,34.3819699837656,213.40824325390182
1000.0,872.910764842164,100.0,0.03,10.0,9.6,10.0,179.3848768052562,0.010585982443765466,3.803097003230615e-10,380.3097003230615,30.0,True,0.0023664923593468097,34.3819699837656,126.76990010768716
1000.0,872.910764842164,100.0,0.03,50.0,0.8,0.5,179.3848768052562,0.016057842855569708,5.768905660554135e-10,576.8905660554135,150.0,True,0.007800439571701629,1.5776138353665197,192.29685535180448
1000.0,872.910764842164,100.0,0.03,50.0,0.8,1.0,179.3848768052562,0.008595143905805703,3.087872684859495e-10,308.7872684859495,150.0,True,0.014573139696025906,1.5776138353665197,102.9290894953165
1000.0,872.910764842164,100.0,0.03,50.0,0.8,2.0,179.3848768052562,0.002462549958716964,8.846903363057995e-11,88.46903363057996,150.0,False,0.050865255506131614,1.5776138353665197,29.489677876859982
1000.0,872.910764842164,100.0,0.03,50.0,0.8,5.0,179.3848768052562,5.791362408683128e-05,2.0805922490507022e-12,2.080592249050702,150.0,False,2.1628457003303674,1.5776138353665197,0.6935307496835673
1000.0,872.910764842164,100.0,0.03,50.0,0.8,10.0,179.3848768052562,1.1179959516236012e-07,4.0164879129832395e-15,0.004016487912983239,150.0,False,1120.381810549912,1.5776138353665197,0.0013388293043277465
1000.0,872.910764842164,100.0,0.03,50.0,3.0,0.5,179.3848768052562,0.02539445174671842,9.123155441610231e-10,912.3155441610231,150.0,True,0.004932503922355348,5.916051882624449,304.1051813870077
1000.0,872.910764842164,100.0,0.03,50.0,3.0,1.0,179.3848768052562,0.021495939317213678,7.72258435465942e-10,772.258435465942,150.0,True,0.0058270648701751315,5.916051882624449,257.4194784886473
1000.0,872.910764842164,100.0,0.03,50.0,3.0,2.0,179.3848768052562,0.01540251357097776,5.533473488660754e-10,553.3473488660754,150.0,True,0.008132324134599076,5.916051882624449,184.4491162886918
1000.0,872.910764842164,100.0,0.03,50.0,3.0,5.0,179.3848768052562,0.005666268085126855,2.0356511347455098e-10,203.56511347455097,150.0,True,0.0221059489182196,5.916051882624449,67.85503782485033
1000.0,872.910764842164,100.0,0.03,50.0,3.0,10.0,179.3848768052562,0.0010702198004175717,3.844848352420249e-11,38.448483524202494,150.0,False,0.11703972660371238,5.916051882624449,12.816161174734164
1000.0,872.910764842164,100.0,0.03,50.0,9.6,0.5,179.3848768052562,0.028477492782005256,1.0230762051050791e-09,1023.0762051050791,150.0,True,0.004398499327367123,18.931366024398233,341.02540170169306
1000.0,872.910764842164,100.0,0.03,50.0,9.6,1.0,179.3848768052562,0.027032253171638716,9.711548415440407e-10,971.1548415440407,150.0,True,0.00463365861703932,18.931366024398233,323.71828051468026
1000.0,872.910764842164,100.0,0.03,50.0,9.6,2.0,179.3848768052562,0.024358090384519047,8.750834515160397e-10,875.0834515160396,150.0,True,0.005142366699089062,18.931366024398233,291.6944838386799
1000.0,872.910764842164,100.0,0.03,50.0,9.6,5.0,179.3848768052562,0.01782075961660905,6.402247297617055e-10,640.2247297617055,150.0,True,0.007028781911743585,18.931366024398233,213.40824325390182
1000.0,872.910764842164,100.0,0.03,50.0,9.6,10.0,179.3848768052562,0.010585982443765466,3.803097003230615e-10,380.3097003230615,150.0,True,0.01183246179673405,18.931366024398233,126.76990010768716
1000.0,872.910764842164,100.0,0.03,100.0,0.8,0.5,179.3848768052562,0.016057842855569708,5.768905660554135e-10,576.8905660554135,300.0,True,0.015600879143403258,1.0230960909185634,192.29685535180448
1000.0,872.910764842164,100.0,0.03,100.0,0.8,1.0,179.3848768052562,0.008595143905805703,3.087872684859495e-10,308.7872684859495,300.0,True,0.029146279392051812,1.0230960909185634,102.9290894953165
1000.0,872.910764842164,100.0,0.03,100.0,0.8,2.0,179.3848768052562,0.002462549958716964,8.846903363057995e-11,88.46903363057996,300.0,False,0.10173051101226323,1.0230960909185634,29.489677876859982
1000.0,872.910764842164,100.0,0.03,100.0,0.8,5.0,179.3848768052562,5.791362408683128e-05,2.0805922490507022e-12,2.080592249050702,300.0,False,4.325691400660735,1.0230960909185634,0.6935307496835673
1000.0,872.910764842164,100.0,0.03,100.0,0.8,10.0,179.3848768052562,1.1179959516236012e-07,4.0164879129832395e-15,0.004016487912983239,300.0,False,2240.763621099824,1.0230960909185634,0.0013388293043277465
1000.0,872.910764842164,100.0,0.03,100.0,3.0,0.5,179.3848768052562,0.02539445174671842,9.123155441610231e-10,912.3155441610231,300.0,True,0.009865007844710696,3.8366103409446124,304.1051813870077
1000.0,872.910764842164,100.0,0.03,100.0,3.0,1.0,179.3848768052562,0.021495939317213678,7.72258435465942e-10,772.258435465942,300.0,True,0.011654129740350263,3.8366103409446124,257.4194784886473
1000.0,872.910764842164,100.0,0.03,100.0,3.0,2.0,179.3848768052562,0.01540251357097776,5.533473488660754e-10,553.3473488660754,300.0,True,0.016264648269198153,3.8366103409446124,184.4491162886918
1000.0,872.910764842164,100.0,0.03,100.0,3.0,5.0,179.3848768052562,0.005666268085126855,2.0356511347455098e-10,203.56511347455097,300.0,False,0.0442118978364392,3.8366103409446124,67.85503782485033
1000.0,872.910764842164,100.0,0.03,100.0,3.0,10.0,179.3848768052562,0.0010702198004175717,3.844848352420249e-11,38.448483524202494,300.0,False,0.23407945320742476,3.8366103409446124,12.816161174734164
1000.0,872.910764842164,100.0,0.03,100.0,9.6,0.5,179.3848768052562,0.028477492782005256,1.0230762051050791e-09,1023.0762051050791,300.0,True,0.008796998654734246,12.27715309102276,341.02540170169306
1000.0,872.910764842164,100.0,0.03,100.0,9.6,1.0,179.3848768052562,0.027032253171638716,9.711548415440407e-10,971.1548415440407,300.0,True,0.00926731723407864,12.27715309102276,323.71828051468026
1000.0,872.910764842164,100.0,0.03,100.0,9.6,2.0,179.3848768052562,0.024358090384519047,8.750834515160397e-10,875.0834515160396,300.0,True,0.010284733398178123,12.27715309102276,291.6944838386799
1000.0,872.910764842164,100.0,0.03,100.0,9.6,5.0,179.3848768052562,0.01782075961660905,6.402247297617055e-10,640.2247297617055,300.0,True,0.01405756382348717,12.27715309102276,213.40824325390182
1000.0,872.910764842164,100.0,0.03,100.0,9.6,10.0,179.3848768052562,0.010585982443765466,3.803097003230615e-10,380.3097003230615,300.0,True,0.0236649235934681,12.27715309102276,126.76990010768716
1000.0,872.910764842164,100.0,0.1,1.0,0.8,0.5,179.3848768052562,0.05352614285189903,1.922968553518045e-09,1922.968553518045,3.0,True,0.00015600879143403258,5.6704104831697855,640.9895178393483
1000.0,872.910764842164,100.0,0.1,1.0,0.8,1.0,179.3848768052562,0.028650479686019012,1.029290894953165e-09,1029.290894953165,3.0,True,0.0002914627939205181,5.6704104831697855,343.09696498438836
1000.0,872.910764842164,100.0,0.1,1.0,0.8,2.0,179.3848768052562,0.008208499862389881,2.9489677876859986e-10,294.89677876859986,3.0,True,0.0010173051101226324,5.6704104831697855,98.29892625619995
1000.0,872.910764842164,100.0,0.1,1.0,0.8,5.0,179.3848768052562,0.00019304541362277094,6.935307496835674e-12,6.935307496835675,3.0,True,0.043256914006607354,5.6704104831697855,2.3117691656118913
1000.0,872.910764842164,100.0,0.1,1.0,0.8,10.0,179.3848768052562,3.726653172078671e-07,1.3388293043277466e-14,0.013388293043277466,3.0,False,22.40763621099824,5.6704104831697855,0.004462764347759155
1000.0,872.910764842164,100.0,0.1,1.0,3.0,0.5,179.3848768052562,0.08464817248906142,3.0410518138700778e-09,3041.0518138700777,3.0,True,9.865007844710696e-05,21.264039311886695,1013.6839379566926
1000.0,872.910764842164,100.0,0.1,1.0,3.0,1.0,179.3848768052562,0.07165313105737893,2.5741947848864735e-09,2574.1947848864734,3.0,True,0.00011654129740350264,21.264039311886695,858.0649282954911
1000.0,872.910764842164,100.0,0.1,1.0,3.0,2.0,179.3848768052562,0.0513417119032592,1.8444911628869183e-09,1844.4911628869183,3.0,True,0.00016264648269198153,21.264039311886695,614.8303876289729
1000.0,872.910764842164,100.0,0.1,1.0,3.0,5.0,179.3848768052562,0.018887560283756183,6.785503782485033e-10,678.5503782485033,3.0,True,0.000442118978364392,21.264039311886695,226.18345941616778
1000.0,872.910764842164,100.0,0.1,1.0,3.0,10.0,179.3848768052562,0.0035673993347252395,1.2816161174734166e-10,128.16161174734165,3.0,True,0.0023407945320742477,21.264039311886695,42.72053724911389
1000.0,872.910764842164,100.0,0.1,1.0,9.6,0.5,179.3848768052562,0.09492497594001753,3.410254017016931e-09,3410.254017016931,3.0,True,8.796998654734247e-05,68.04492579803743,1136.7513390056438
1000.0,872.910764842164,100.0,0.1,1.0,9.6,1.0,179.3848768052562,0.09010751057212907,3.237182805146803e-09,3237.182805146803,3.0,True,9.267317234078642e-05,68.04492579803743,1079.0609350489342
1000.0,872.910764842164,100.0,0.1,1.0,9.6,2.0,179.3848768052562,0.0811936346150635,2.916944838386799e-09,2916.944838386799,3.0,True,0.00010284733398178125,68.04492579803743,972.3149461289329
1000.0,872.910764842164,100.0,0.1,1.0,9.6,5.0,179.3848768052562,0.0594025320553635,2.134082432539018e-09,2134.082432539018,3.0,True,0.0001405756382348717,68.04492579803743,711.3608108463394
1000.0,872.910764842164,100.0,0.1,1.0,9.6,10.0,179.3848768052562,0.03528660814588489,1.2676990010768717e-09,1267.6990010768716,3.0,True,0.000236649235934681,68.04492579803743,422.5663336922905
1000.0,872.910764842164,100.0,0.1,5.0,0.8,0.5,179.3848768052562,0.05352614285189903,1.922968553518045e-09,1922.968553518045,15.0,True,0.0007800439571701629,4.382860153222505,640.9895178393483
1000.0,872.910764842164,100.0,0.1,5.0,0.8,1.0,179.3848768052562,0.028650479686019012,1.029290894953165e-09,1029.290894953165,15.0,True,0.0014573139696025905,4.382860153222505,343.09696498438836
1000.0,872.910764842164,100.0,0.1,5.0,0.8,2.0,179.3848768052562,0.008208499862389881,2.9489677876859986e-10,294.89677876859986,15.0,True,0.0050865255506131616,4.382860153222505,98.29892625619995
1000.0,872.910764842164,100.0,0.1,5.0,0.8,5.0,179.3848768052562,0.00019304541362277094,6.935307496835674e-12,6.935307496835675,15.0,False,0.21628457003303675,4.382860153222505,2.3117691656118913
1000.0,872.910764842164,100.0,0.1,5.0,0.8,10.0,179.3848768052562,3.726653172078671e-07,1.3388293043277466e-14,0.013388293043277466,15.0,False,112.0381810549912,4.382860153222505,0.004462764347759155
1000.0,872.910764842164,100.0,0.1,5.0,3.0,0.5,179.3848768052562,0.08464817248906142,3.0410518138700778e-09,3041.0518138700777,15.0,True,0.0004932503922355347,16.435725574584396,1013.6839379566926
1000.0,872.910764842164,100.0,0.1,5.0,3.0,1.0,179.3848768052562,0.07165313105737893,2.5741947848864735e-09,2574.1947848864734,15.0,True,0.0005827064870175131,16.435725574584396,858.0649282954911
1000.0,872.910764842164,100.0,0.1,5.0,3.0,2.0,179.3848768052562,0.0513417119032592,1.8444911628869183e-09,1844.4911628869183,15.0,True,0.0008132324134599076,16.435725574584396,614.8303876289729
1000.0,872.910764842164,100.0,0.1,5.0,3.0,5.0,179.3848768052562,0.018887560283756183,6.785503782485033e-10,678.5503782485033,15.0,True,0.00221059489182196,16.435725574584396,226.18345941616778
1000.0,872.910764842164,100.0,0.1,5.0,3.0,10.0,179.3848768052562,0.0035673993347252395,1.2816161174734166e-10,128.16161174734165,15.0,True,0.011703972660371237,16.435725574584396,42.72053724911389
1000.0,872.910764842164,100.0,0.1,5.0,9.6,0.5,179.3848768052562,0.09492497594001753,3.410254017016931e-09,3410.254017016931,15.0,True,0.0004398499327367123,52.59432183867006,1136.7513390056438
1000.0,872.910764842164,100.0,0.1,5.0,9.6,1.0,179.3848768052562,0.09010751057212907,3.237182805146803e-09,3237.182805146803,15.0,True,0.00046336586170393204,52.59432183867006,1079.0609350489342
1000.0,872.910764842164,100.0,0.1,5.0,9.6,2.0,179.3848768052562,0.0811936346150635,2.916944838386799e-09,2916.944838386799,15.0,True,0.0005142366699089062,52.59432183867006,972.3149461289329
1000.0,872.910764842164,100.0,0.1,5.0,9.6,5.0,179.3848768052562,0.0594025320553635,2.134082432539018e-09,2134.082432539018,15.0,True,0.0007028781911743586,52.59432183867006,711.3608108463394
1000.0,872.910764842164,100.0,0.1,5.0,9.6,10.0,179.3848768052562,0.03528660814588489,1.2676990010768717e-09,1267.6990010768716,15.0,True,0.0011832461796734048,52.59432183867006,422.5663336922905
1000.0,872.910764842164,100.0,0.1,10.0,0.8,0.5,179.3848768052562,0.05352614285189903,1.922968553518045e-09,1922.968553518045,30.0,True,0.0015600879143403258,3.828342408774549,640.9895178393483
1000.0,872.910764842164,100.0,0.1,10.0,0.8,1.0,179.3848768052562,0.028650479686019012,1.029290894953165e-09,1029.290894953165,30.0,True,0.002914627939205181,3.828342408774549,343.09696498438836
1000.0,872.910764842164,100.0,0.1,10.0,0.8,2.0,179.3848768052562,0.008208499862389881,2.9489677876859986e-10,294.89677876859986,30.0,True,0.010173051101226323,3.828342408774549,98.29892625619995
1000.0,872.910764842164,100.0,0.1,10.0,0.8,5.0,179.3848768052562,0.00019304541362277094,6.935307496835674e-12,6.935307496835675,30.0,False,0.4325691400660735,3.828342408774549,2.3117691656118913
1000.0,872.910764842164,100.0,0.1,10.0,0.8,10.0,179.3848768052562,3.726653172078671e-07,1.3388293043277466e-14,0.013388293043277466,30.0,False,224.0763621099824,3.828342408774549,0.004462764347759155
1000.0,872.910764842164,100.0,0.1,10.0,3.0,0.5,179.3848768052562,0.08464817248906142,3.0410518138700778e-09,3041.0518138700777,30.0,True,0.0009865007844710694,14.356284032904558,1013.6839379566926
1000.0,872.910764842164,100.0,0.1,10.0,3.0,1.0,179.3848768052562,0.07165313105737893,2.5741947848864735e-09,2574.1947848864734,30.0,True,0.0011654129740350262,14.356284032904558,858.0649282954911
1000.0,872.910764842164,100.0,0.1,10.0,3.0,2.0,179.3848768052562,0.0513417119032592,1.8444911628869183e-09,1844.4911628869183,30.0,True,0.0016264648269198152,14.356284032904558,614.8303876289729
1000.0,872.910764842164,100.0,0.1,10.0,3.0,5.0,179.3848768052562,0.018887560283756183,6.785503782485033e-10,678.5503782485033,30.0,True,0.00442118978364392,14.356284032904558,226.18345941616778
1000.0,872.910764842164,100.0,0.1,10.0,3.0,10.0,179.3848768052562,0.0035673993347252395,1.2816161174734166e-10,128.16161174734165,30.0,True,0.023407945320742474,14.356284032904558,42.72053724911389
1000.0,872.910764842164,100.0,0.1,10.0,9.6,0.5,179.3848768052562,0.09492497594001753,3.410254017016931e-09,3410.254017016931,30.0,True,0.0008796998654734247,45.940108905294586,1136.7513390056438
1000.0,872.910764842164,100.0,0.1,10.0,9.6,1.0,179.3848768052562,0.09010751057212907,3.237182805146803e-09,3237.182805146803,30.0,True,0.0009267317234078641,45.940108905294586,1079.0609350489342
1000.0,872.910764842164,100.0,0.1,10.0,9.6,2.0,179.3848768052562,0.0811936346150635,2.916944838386799e-09,2916.944838386799,30.0,True,0.0010284733398178124,45.940108905294586,972.3149461289329
1000.0,872.910764842164,100.0,0.1,10.0,9.6,5.0,179.3848768052562,0.0594025320553635,2.134082432539018e-09,2134.082432539018,30.0,True,0.0014057563823487171,45.940108905294586,711.3608108463394
1000.0,872.910764842164,100.0,0.1,10.0,9.6,10.0,179.3848768052562,0.03528660814588489,1.2676990010768717e-09,1267.6990010768716,30.0,True,0.0023664923593468097,45.940108905294586,422.5663336922905
1000.0,872.910764842164,100.0,0.1,50.0,0.8,0.5,179.3848768052562,0.05352614285189903,1.922968553518045e-09,1922.968553518045,150.0,True,0.007800439571701629,2.5407920788272684,640.9895178393483
1000.0,872.910764842164,100.0,0.1,50.0,0.8,1.0,179.3848768052562,0.028650479686019012,1.029290894953165e-09,1029.290894953165,150.0,True,0.014573139696025906,2.5407920788272684,343.09696498438836
1000.0,872.910764842164,100.0,0.1,50.0,0.8,2.0,179.3848768052562,0.008208499862389881,2.9489677876859986e-10,294.89677876859986,150.0,True,0.050865255506131614,2.5407920788272684,98.29892625619995
1000.0,872.910764842164,100.0,0.1,50.0,0.8,5.0,179.3848768052562,0.00019304541362277094,6.935307496835674e-12,6.935307496835675,150.0,False,2.1628457003303674,2.5407920788272684,2.3117691656118913
1000.0,872.910764842164,100.0,0.1,50.0,0.8,10.0,179.3848768052562,3.726653172078671e-07,1.3388293043277466e-14,0.013388293043277466,150.0,False,1120.381810549912,2.5407920788272684,0.004462764347759155
1000.0,872.910764842164,100.0,0.1,50.0,3.0,0.5,179.3848768052562,0.08464817248906142,3.0410518138700778e-09,3041.0518138700777,150.0,True,0.004932503922355348,9.527970295602255,1013.6839379566926
1000.0,872.910764842164,100.0,0.1,50.0,3.0,1.0,179.3848768052562,0.07165313105737893,2.5741947848864735e-09,2574.1947848864734,150.0,True,0.0058270648701751315,9.527970295602255,858.0649282954911
1000.0,872.910764842164,100.0,0.1,50.0,3.0,2.0,179.3848768052562,0.0513417119032592,1.8444911628869183e-09,1844.4911628869183,150.0,True,0.008132324134599076,9.527970295602255,614.8303876289729
1000.0,872.910764842164,100.0,0.1,50.0,3.0,5.0,179.3848768052562,0.018887560283756183,6.785503782485033e-10,678.5503782485033,150.0,True,0.0221059489182196,9.527970295602255,226.18345941616778
1000.0,872.910764842164,100.0,0.1,50.0,3.0,10.0,179.3848768052562,0.0035673993347252395,1.2816161174734166e-10,128.16161174734165,150.0,False,0.11703972660371238,9.527970295602255,42.72053724911389
1000.0,872.910764842164,100.0,0.1,50.0,9.6,0.5,179.3848768052562,0.09492497594001753,3.410254017016931e-09,3410.254017016931,150.0,True,0.004398499327367123,30.48950494592722,1136.7513390056438
1000.0,872.910764842164,100.0,0.1,50.0,9.6,1.0,179.3848768052562,0.09010751057212907,3.237182805146803e-09,3237.182805146803,150.0,True,0.00463365861703932,30.48950494592722,1079.0609350489342
1000.0,872.910764842164,100.0,0.1,50.0,9.6,2.0,179.3848768052562,0.0811936346150635,2.916944838386799e-09,2916.944838386799,150.0,True,0.005142366699089062,30.48950494592722,972.3149461289329
1000.0,872.910764842164,100.0,0.1,50.0,9.6,5.0,179.3848768052562,0.0594025320553635,2.134082432539018e-09,2134.082432539018,150.0,True,0.007028781911743585,30.48950494592722,711.3608108463394
1000.0,872.910764842164,100.0,0.1,50.0,9.6,10.0,179.3848768052562,0.03528660814588489,1.2676990010768717e-09,1267.6990010768716,150.0,True,0.01183246179673405,30.48950494592722,422.5663336922905
1000.0,872.910764842164,100.0,0.1,100.0,0.8,0.5,179.3848768052562,0.05352614285189903,1.922968553518045e-09,1922.968553518045,300.0,True,0.015600879143403258,1.9862743343793126,640.9895178393483
1000.0,872.910764842164,100.0,0.1,100.0,0.8,1.0,179.3848768052562,0.028650479686019012,1.029290894953165e-09,1029.290894953165,300.0,True,0.029146279392051812,1.9862743343793126,343.09696498438836
1000.0,872.910764842164,100.0,0.1,100.0,0.8,2.0,179.3848768052562,0.008208499862389881,2.9489677876859986e-10,294.89677876859986,300.0,False,0.10173051101226323,1.9862743343793126,98.29892625619995
1000.0,872.910764842164,100.0,0.1,100.0,0.8,5.0,179.3848768052562,0.00019304541362277094,6.935307496835674e-12,6.935307496835675,300.0,False,4.325691400660735,1.9862743343793126,2.3117691656118913
1000.0,872.910764842164,100.0,0.1,100.0,0.8,10.0,179.3848768052562,3.726653172078671e-07,1.3388293043277466e-14,0.013388293043277466,300.0,False,2240.763621099824,1.9862743343793126,0.004462764347759155
1000.0,872.910764842164,100.0,0.1,100.0,3.0,0.5,179.3848768052562,0.08464817248906142,3.0410518138700778e-09,3041.0518138700777,300.0,True,0.009865007844710696,7.448528753922421,1013.6839379566926
1000.0,872.910764842164,100.0,0.1,100.0,3.0,1.0,179.3848768052562,0.07165313105737893,2.5741947848864735e-09,2574.1947848864734,300.0,True,0.011654129740350263,7.448528753922421,858.0649282954911
1000.0,872.910764842164,100.0,0.1,100.0,3.0,2.0,179.3848768052562,0.0513417119032592,1.8444911628869183e-09,1844.4911628869183,300.0,True,0.016264648269198153,7.448528753922421,614.8303876289729
1000.0,872.910764842164,100.0,0.1,100.0,3.0,5.0,179.3848768052562,0.018887560283756183,6.785503782485033e-10,678.5503782485033,300.0,True,0.0442118978364392,7.448528753922421,226.18345941616778
1000.0,872.910764842164,100.0,0.1,100.0,3.0,10.0,179.3848768052562,0.0035673993347252395,1.2816161174734166e-10,128.16161174734165,300.0,False,0.23407945320742476,7.448528753922421,42.72053724911389
1000.0,872.910764842164,100.0,0.1,100.0,9.6,0.5,179.3848768052562,0.09492497594001753,3.410254017016931e-09,3410.254017016931,300.0,True,0.008796998654734246,23.835292012551747,1136.7513390056438
1000.0,872.910764842164,100.0,0.1,100.0,9.6,1.0,179.3848768052562,0.09010751057212907,3.237182805146803e-09,3237.182805146803,300.0,True,0.00926731723407864,23.835292012551747,1079.0609350489342
1000.0,872.910764842164,100.0,0.1,100.0,9.6,2.0,179.3848768052562,0.0811936346150635,2.916944838386799e-09,2916.944838386799,300.0,True,0.010284733398178123,23.835292012551747,972.3149461289329
1000.0,872.910764842164,100.0,0.1,100.0,9.6,5.0,179.3848768052562,0.0594025320553635,2.134082432539018e-09,2134.082432539018,300.0,True,0.01405756382348717,23.835292012551747,711.3608108463394
1000.0,872.910764842164,100.0,0.1,100.0,9.6,10.0,179.3848768052562,0.03528660814588489,1.2676990010768717e-09,1267.6990010768716,300.0,True,0.0236649235934681,23.835292012551747,422.5663336922905
